OrderID,OrderDate,CustomerID,Product,Category,Quantity,UnitPrice,ShippingAddress,City,Province,PaymentMethod,OrderStatus,TrackingNumber,ItemsInCart,CouponCode,ReferralSource,Discount,ShippingCost,TotalPrice
ORD200001,2023-04-13,C60189,Phone,Elektronik,4,8505000.0,Jl. Anggrek No. 49,Yogyakarta,Di Yogyakarta,QRIS,Pending,TRK9257828484,7,BELANJA5,Tiktok,0,25000,34045000.0
ORD200002,2024-11-17,C31803,Headset,Aksesoris,1,1431000.0,Jl. Anggrek No. 198,Surabaya,Jawa Timur,Transfer Bank,Pending,TRK0502529061,1,NONE,Tiktok,50000,15000,1396000.0
ORD200004,2023-11-17,C99057,Chair,Furniture,5,1336000.0,Jl. Melati No. 185,Bandung,Jawa Barat,Transfer Bank,Cancelled,TRK7186170298,1,GRATISONGKIR,Website,150000,35000,6565000.0
ORD200005,2023-05-23,C60265,Headset,Aksesoris,1,298000.0,Jl. Melati No. 248,Jakarta,Dki Jakarta,E-Wallet,Paid,TRK3913063351,6,NONE,Tiktok,150000,15000,163000.0
ORD200007,2024-08-24,C25923,Switch,Networking,3,5824000.0,Jl. Anggrek No. 153,Yogyakarta,Di Yogyakarta,QRIS,Cancelled,TRK0988283198,7,GRATISONGKIR,Tiktok,100000,25000,17397000.0
ORD200008,2023-11-08,C92570,Chair,Furniture,2,1407000.0,Jl. Melati No. 192,Makassar,Sulawesi Selatan,QRIS,Pending,TRK0981492185,2,NONE,Facebook,150000,20000,2684000.0
ORD200010,2023-06-14,C24013,Webcam,Aksesoris,3,613000.0,Jl. Mawar No. 186,Balikpapan,Kalimantan Timur,Transfer Bank,Returned,TRK7418133590,5,NONE,Google,0,15000,1854000.0
ORD200011,2023-12-11,C30595,Hdd,Storage,2,1887000.0,Jl. Anggrek No. 96,Yogyakarta,Di Yogyakarta,Transfer Bank,Returned,TRK4470641962,6,BELANJA5,Instagram,150000,40000,3664000.0
ORD200013,2023-02-18,C94150,Flash Drive,Storage,2,119000.0,Jl. Kenanga No. 193,Bandung,Jawa Barat,Transfer Bank,Cancelled,TRK4686630221,7,NONE,Instagram,0,35000,273000.0
ORD200014,2024-03-31,C61664,Headset,Aksesoris,1,644000.0,Jl. Anggrek No. 205,Bandung,Jawa Barat,Kartu Kredit,Shipped,TRK8830205259,6,NONE,Tiktok,250000,25000,419000.0
ORD200015,2024-01-14,C74392,Laptop,Elektronik,5,7038000.0,Jl. Anggrek No. 161,Bandung,Jawa Barat,Transfer Bank,Shipped,TRK9617300216,2,GRATISONGKIR,Referral,250000,20000,34960000.0
ORD200016,2023-12-17,C56983,Switch,Networking,1,4674000.0,Jl. Mawar No. 25,Semarang,Jawa Tengah,E-Wallet,Shipped,TRK2657928776,1,NONE,Instagram,250000,35000,4459000.0
ORD200018,2023-10-03,C56957,Chair,Furniture,1,2094000.0,Jl. Mawar No. 64,Palembang,Sumatera Selatan,QRIS,Delivered,TRK3891615050,7,NONE,Google,250000,40000,1884000.0
ORD200019,2024-06-30,C15844,Webcam,Aksesoris,3,800000.0,Jl. Mawar No. 23,Palembang,Sumatera Selatan,E-Wallet,Delivered,TRK8162635144,3,GRATISONGKIR,Website,150000,40000,2290000.0
ORD200020,2023-08-04,C10636,Headset,Aksesoris,4,341000.0,Jl. Melati No. 101,Jakarta,Dki Jakarta,QRIS,Pending,TRK5174727082,5,MIDYEAR15,Google,150000,40000,1254000.0
ORD200021,2024-07-16,C67236,Switch,Networking,4,6087000.0,Jl. Mawar No. 129,Palembang,Sumatera Selatan,QRIS,Paid,TRK2371966077,8,GRATISONGKIR,Website,50000,30000,24328000.0
ORD200022,2024-06-19,C76218,Ssd,Storage,2,2490000.0,Jl. Diponegoro No. 51,Surabaya,Jawa Timur,Transfer Bank,Returned,TRK8873022107,1,BELANJA5,Facebook,0,40000,5020000.0
ORD200023,2023-08-13,C92350,Webcam,Aksesoris,3,1105000.0,Jl. Melati No. 2,Denpasar,Bali,Transfer Bank,Cancelled,TRK4750648972,7,GRATISONGKIR,Referral,50000,40000,3305000.0
ORD200025,2023-09-27,C31271,Router,Networking,1,447000.0,Jl. Anggrek No. 155,Denpasar,Bali,QRIS,Cancelled,TRK9541894667,3,HEMAT10,Google,50000,15000,412000.0
ORD200026,2024-01-22,C45545,Flash Drive,Storage,2,132000.0,Jl. Diponegoro No. 75,Yogyakarta,Di Yogyakarta,COD,Returned,TRK8288954685,3,GRATISONGKIR,Google,0,25000,289000.0
ORD200028,2023-03-09,C47577,Chair,Furniture,2,753000.0,Jl. Diponegoro No. 211,Balikpapan,Kalimantan Timur,Transfer Bank,Delivered,TRK7686114392,8,BELANJA5,Instagram,50000,15000,1471000.0
ORD200029,2023-02-28,C63863,Chair,Furniture,2,1180000.0,Jl. Anggrek No. 76,Jakarta,Dki Jakarta,Transfer Bank,Pending,TRK2076348446,7,GRATISONGKIR,Referral,250000,40000,2150000.0
ORD200030,2024-11-12,C40245,Switch,Networking,3,3804000.0,Jl. Mawar No. 242,Jakarta,Dki Jakarta,Transfer Bank,Returned,TRK5921607160,8,MIDYEAR15,Website,150000,30000,11292000.0
ORD200031,2023-02-27,C51943,Monitor,Elektronik,2,2787000.0,Jl. Diponegoro No. 61,Yogyakarta,Di Yogyakarta,E-Wallet,Returned,TRK9399777355,2,NONE,Website,250000,15000,5339000.0
ORD200032,2024-10-05,C57519,Chair,Furniture,1,2783000.0,Jl. Melati No. 152,Jakarta,Dki Jakarta,Transfer Bank,Delivered,TRK6394640705,3,GRATISONGKIR,Google,100000,30000,2713000.0
ORD200033,2024-07-18,C44581,Ssd,Storage,2,1796000.0,Jl. Kenanga No. 166,Semarang,Jawa Tengah,QRIS,Pending,TRK0546809412,4,NONE,Referral,0,25000,3617000.0
ORD200034,2023-08-31,C81566,Monitor,Elektronik,1,1476000.0,Jl. Anggrek No. 162,Surabaya,Jawa Timur,Kartu Kredit,Shipped,TRK7421560491,5,NONE,Tiktok,0,35000,1511000.0
ORD200035,2023-06-03,C68968,Monitor,Elektronik,4,4415000.0,Jl. Anggrek No. 249,Jakarta,Dki Jakarta,Transfer Bank,Pending,TRK2930276287,1,HEMAT10,Google,250000,40000,17450000.0
ORD200036,2023-10-20,C64156,Chair,Furniture,2,1649000.0,Jl. Diponegoro No. 138,Jakarta,Dki Jakarta,QRIS,Shipped,TRK2000438753,2,HEMAT10,Referral,0,40000,3338000.0
ORD200037,2023-09-13,C22383,Monitor,Elektronik,4,4547000.0,Jl. Sudirman No. 113,Denpasar,Bali,Kartu Kredit,Delivered,TRK6278336729,6,NONE,Facebook,250000,15000,17953000.0
ORD200039,2023-10-16,C30543,Desk,Furniture,2,3598000.0,Jl. Mawar No. 111,Balikpapan,Kalimantan Timur,COD,Cancelled,TRK4566814200,6,NONE,Google,0,15000,7211000.0
ORD200040,2024-03-30,C25032,Desk,Furniture,5,2740000.0,Jl. Diponegoro No. 13,Balikpapan,Kalimantan Timur,Kartu Kredit,Paid,TRK0534197822,8,NONE,Tiktok,250000,40000,13490000.0
ORD200041,2024-09-22,C91355,Webcam,Aksesoris,3,447000.0,Jl. Melati No. 54,Medan,Sumatera Utara,QRIS,Pending,TRK0749249894,5,BELANJA5,Referral,50000,40000,1331000.0
ORD200042,2023-12-30,C12587,Mouse,Aksesoris,5,268000.0,Jl. Diponegoro No. 92,Jakarta,Dki Jakarta,E-Wallet,Delivered,TRK8479713847,6,GRATISONGKIR,Referral,0,25000,1365000.0
ORD200043,2023-09-09,C97697,Switch,Networking,2,3604000.0,Jl. Diponegoro No. 108,Denpasar,Bali,Transfer Bank,Pending,TRK8253581017,2,NONE,Facebook,0,15000,7223000.0
ORD200044,2024-06-10,C51920,Hdd,Storage,3,2097000.0,Jl. Kenanga No. 5,Semarang,Jawa Tengah,COD,Paid,TRK0887088086,3,MIDYEAR15,Tiktok,250000,25000,6066000.0
ORD200046,2023-02-15,C87654,Tablet,Elektronik,3,6549000.0,Jl. Mawar No. 10,Semarang,Jawa Tengah,Transfer Bank,Shipped,TRK6428261223,7,HEMAT10,Referral,50000,30000,19627000.0
ORD200047,2023-09-19,C67095,Monitor,Elektronik,3,2990000.0,Jl. Mawar No. 194,Palembang,Sumatera Selatan,QRIS,Paid,TRK7475611225,6,HEMAT10,Facebook,250000,30000,8750000.0
ORD200048,2023-04-17,C81816,Chair,Furniture,5,2645000.0,Jl. Kenanga No. 55,Palembang,Sumatera Selatan,COD,Pending,TRK2110032395,5,NONE,Facebook,100000,20000,13145000.0
ORD200049,2024-12-06,C43800,Keyboard,Aksesoris,5,413000.0,Jl. Anggrek No. 32,Medan,Sumatera Utara,Transfer Bank,Pending,TRK7789312761,3,MIDYEAR15,Instagram,100000,40000,2005000.0
ORD200050,2023-05-24,C42875,Chair,Furniture,3,2819000.0,Jl. Melati No. 234,Balikpapan,Kalimantan Timur,Transfer Bank,Cancelled,TRK2576991197,7,BELANJA5,Instagram,0,20000,8477000.0
ORD200052,2024-03-09,C76466,Monitor,Elektronik,2,4513000.0,Jl. Melati No. 69,Jakarta,Dki Jakarta,Transfer Bank,Pending,TRK8125044593,2,HEMAT10,Tiktok,50000,25000,9001000.0
ORD200053,2024-08-30,C15851,Printer,Elektronik,5,3110000.0,Jl. Melati No. 129,Bandung,Jawa Barat,E-Wallet,Delivered,TRK7516728529,6,HEMAT10,Instagram,250000,20000,15320000.0
ORD200054,2023-04-23,C36533,Monitor,Elektronik,1,3196000.0,Jl. Anggrek No. 106,Balikpapan,Kalimantan Timur,Kartu Kredit,Returned,TRK6234496846,8,GRATISONGKIR,Tiktok,0,35000,3231000.0
ORD200055,2024-04-09,C12781,Mouse,Aksesoris,3,441000.0,Jl. Kenanga No. 140,Medan,Sumatera Utara,COD,Cancelled,TRK0383097604,1,MIDYEAR15,Tiktok,250000,35000,1108000.0
ORD200056,2024-03-17,C49354,Headset,Aksesoris,5,247000.0,Jl. Diponegoro No. 175,Medan,Sumatera Utara,Kartu Kredit,Shipped,TRK3014232072,4,GRATISONGKIR,Facebook,100000,20000,1155000.0
ORD200057,2024-03-16,C75943,Headset,Aksesoris,1,1363000.0,Jl. Diponegoro No. 119,Makassar,Sulawesi Selatan,E-Wallet,Cancelled,TRK8901769909,2,GRATISONGKIR,Referral,100000,40000,1303000.0
ORD200059,2024-11-28,C33522,Hdd,Storage,4,2727000.0,Jl. Sudirman No. 211,Medan,Sumatera Utara,QRIS,Cancelled,TRK0415997003,2,MIDYEAR15,Instagram,150000,35000,10793000.0
ORD200060,2024-09-04,C73892,Monitor,Elektronik,5,2853000.0,Jl. Melati No. 179,Balikpapan,Kalimantan Timur,Transfer Bank,Shipped,TRK8983848548,8,MIDYEAR15,Website,250000,20000,14035000.0
ORD200061,2024-02-15,C54997,Phone,Elektronik,5,6020000.0,Jl. Anggrek No. 244,Makassar,Sulawesi Selatan,Transfer Bank,Paid,TRK7904573427,3,NONE,Google,100000,35000,30035000.0
ORD200062,2024-09-02,C54518,Printer,Elektronik,4,3014000.0,Jl. Diponegoro No. 14,Makassar,Sulawesi Selatan,COD,Delivered,TRK3943343099,3,NONE,Google,150000,15000,11921000.0
ORD200064,2024-06-18,C68735,Flash Drive,Storage,3,380000.0,Jl. Anggrek No. 135,Makassar,Sulawesi Selatan,Transfer Bank,Cancelled,TRK8984860504,1,BELANJA5,Website,0,35000,1175000.0
ORD200065,2023-11-11,C78047,Headset,Aksesoris,4,1771000.0,Jl. Sudirman No. 39,Makassar,Sulawesi Selatan,QRIS,Paid,TRK2786015878,4,MIDYEAR15,Referral,250000,20000,6854000.0
ORD200066,2024-04-03,C92003,Flash Drive,Storage,2,136000.0,Jl. Diponegoro No. 119,Medan,Sumatera Utara,COD,Returned,TRK6337664880,4,BELANJA5,Referral,250000,20000,42000.0
ORD200067,2023-03-28,C91401,Keyboard,Aksesoris,5,654000.0,Jl. Kenanga No. 163,Jakarta,Dki Jakarta,Transfer Bank,Returned,TRK2730321320,8,HEMAT10,Referral,100000,40000,3210000.0
ORD200068,2023-01-17,C50442,Phone,Elektronik,5,3351000.0,Jl. Diponegoro No. 188,Bandung,Jawa Barat,COD,Paid,TRK6352826609,6,GRATISONGKIR,Tiktok,150000,30000,16635000.0
ORD200069,2023-03-12,C24467,Chair,Furniture,5,886000.0,Jl. Melati No. 136,Balikpapan,Kalimantan Timur,E-Wallet,Delivered,TRK1449733355,7,HEMAT10,Tiktok,250000,30000,4210000.0
ORD200070,2024-06-20,C14431,Webcam,Aksesoris,1,366000.0,Jl. Diponegoro No. 161,Medan,Sumatera Utara,Transfer Bank,Returned,TRK0969537794,8,HEMAT10,Website,100000,15000,281000.0
ORD200072,2024-03-31,C75606,Ssd,Storage,4,2018000.0,Jl. Diponegoro No. 179,Bandung,Jawa Barat,QRIS,Returned,TRK8797256200,4,HEMAT10,Instagram,100000,30000,8002000.0
ORD200074,2024-12-29,C65910,Keyboard,Aksesoris,4,1073000.0,Jl. Kenanga No. 78,Denpasar,Bali,Transfer Bank,Pending,TRK0720949709,8,MIDYEAR15,Referral,100000,35000,4227000.0
ORD200075,2023-01-22,C55922,Desk,Furniture,5,1245000.0,Jl. Melati No. 141,Yogyakarta,Di Yogyakarta,E-Wallet,Delivered,TRK8969532822,1,NONE,Facebook,0,40000,6265000.0
ORD200076,2024-05-29,C41437,Hdd,Storage,4,2739000.0,Jl. Anggrek No. 100,Jakarta,Dki Jakarta,QRIS,Delivered,TRK3203286629,7,HEMAT10,Instagram,100000,15000,10871000.0
ORD200078,2023-02-06,C34117,Flash Drive,Storage,5,173000.0,Jl. Diponegoro No. 247,Palembang,Sumatera Selatan,QRIS,Pending,TRK2157353733,4,HEMAT10,Tiktok,100000,20000,785000.0
ORD200079,2024-04-01,C42011,Chair,Furniture,3,2681000.0,Jl. Diponegoro No. 184,Makassar,Sulawesi Selatan,QRIS,Shipped,TRK8935932265,7,GRATISONGKIR,Referral,150000,15000,7908000.0
ORD200080,2024-01-04,C81251,Headset,Aksesoris,1,1436000.0,Jl. Sudirman No. 236,Balikpapan,Kalimantan Timur,QRIS,Cancelled,TRK1670644858,6,NONE,Google,50000,40000,1426000.0
ORD200081,2024-12-17,C67206,Mouse,Aksesoris,3,288000.0,Jl. Mawar No. 105,Jakarta,Dki Jakarta,Kartu Kredit,Pending,TRK6576763329,7,NONE,Tiktok,150000,25000,739000.0
ORD200082,2023-12-24,C31614,Printer,Elektronik,1,3490000.0,Jl. Melati No. 132,Semarang,Jawa Tengah,Transfer Bank,Returned,TRK9699753632,3,NONE,Facebook,0,30000,3520000.0
ORD200083,2023-05-27,C81597,Headset,Aksesoris,2,1171000.0,Jl. Anggrek No. 48,Bandung,Jawa Barat,QRIS,Returned,TRK6524692325,5,GRATISONGKIR,Website,150000,20000,2212000.0
ORD200084,2023-04-01,C63342,Chair,Furniture,4,2689000.0,Jl. Mawar No. 145,Makassar,Sulawesi Selatan,Transfer Bank,Paid,TRK0991817937,4,NONE,Facebook,100000,35000,10691000.0
ORD200087,2024-04-04,C16054,Headset,Aksesoris,1,277000.0,Jl. Anggrek No. 195,Balikpapan,Kalimantan Timur,Kartu Kredit,Pending,TRK2196502486,1,NONE,Tiktok,150000,15000,142000.0
ORD200088,2023-03-31,C46344,Mouse,Aksesoris,2,87000.0,Jl. Mawar No. 183,Makassar,Sulawesi Selatan,E-Wallet,Shipped,TRK3743450583,6,BELANJA5,Referral,50000,15000,139000.0
ORD200089,2023-12-04,C12323,Desk,Furniture,4,1722000.0,Jl. Kenanga No. 107,Bandung,Jawa Barat,QRIS,Pending,TRK2019222385,7,NONE,Tiktok,50000,15000,6853000.0
ORD200090,2023-06-07,C87104,Tablet,Elektronik,4,5192000.0,Jl. Melati No. 250,Bandung,Jawa Barat,Kartu Kredit,Shipped,TRK2871971587,4,GRATISONGKIR,Referral,100000,15000,20683000.0
ORD200091,2023-02-02,C29527,Mouse,Aksesoris,1,571000.0,Jl. Diponegoro No. 172,Bandung,Jawa Barat,E-Wallet,Returned,TRK9804657057,8,MIDYEAR15,Instagram,50000,20000,541000.0
ORD200092,2024-01-29,C91665,Hdd,Storage,3,2771000.0,Jl. Mawar No. 55,Medan,Sumatera Utara,QRIS,Delivered,TRK5586620743,4,NONE,Google,50000,40000,8303000.0
ORD200094,2023-09-30,C60660,Switch,Networking,2,6285000.0,Jl. Kenanga No. 73,Jakarta,Dki Jakarta,Kartu Kredit,Pending,TRK2685424599,6,NONE,Referral,250000,40000,12360000.0
ORD200095,2024-10-04,C99417,Flash Drive,Storage,5,360000.0,Jl. Melati No. 30,Bandung,Jawa Barat,Transfer Bank,Delivered,TRK8204722286,3,HEMAT10,Google,250000,20000,1570000.0
ORD200096,2024-10-11,C66713,Flash Drive,Storage,4,389000.0,Jl. Kenanga No. 13,Denpasar,Bali,QRIS,Returned,TRK6294543394,4,NONE,Tiktok,150000,30000,1436000.0
ORD200098,2024-03-08,C71886,Tablet,Elektronik,1,7601000.0,Jl. Diponegoro No. 195,Jakarta,Dki Jakarta,E-Wallet,Paid,TRK2962850178,8,NONE,Referral,50000,15000,7566000.0
ORD200099,2024-11-25,C37777,Chair,Furniture,1,1730000.0,Jl. Kenanga No. 181,Yogyakarta,Di Yogyakarta,COD,Cancelled,TRK0304847964,1,HEMAT10,Tiktok,0,40000,1770000.0
ORD200100,2023-03-24,C94804,Headset,Aksesoris,4,1275000.0,Jl. Anggrek No. 126,Surabaya,Jawa Timur,QRIS,Returned,TRK1240376319,3,MIDYEAR15,Website,50000,20000,5070000.0
ORD200102,2024-02-05,C26536,Mouse,Aksesoris,2,140000.0,Jl. Kenanga No. 4,Medan,Sumatera Utara,Transfer Bank,Shipped,TRK5932651056,6,HEMAT10,Instagram,100000,25000,205000.0
ORD200103,2023-04-06,C33261,Tablet,Elektronik,4,5105000.0,Jl. Mawar No. 28,Yogyakarta,Di Yogyakarta,COD,Paid,TRK9875249484,5,BELANJA5,Referral,150000,15000,20285000.0
ORD200104,2024-07-27,C80340,Tablet,Elektronik,2,2714000.0,Jl. Mawar No. 114,Balikpapan,Kalimantan Timur,QRIS,Delivered,TRK6459699306,3,BELANJA5,Instagram,250000,35000,5213000.0
ORD200105,2024-05-24,C53707,Monitor,Elektronik,3,4230000.0,Jl. Sudirman No. 69,Denpasar,Bali,E-Wallet,Cancelled,TRK3008460690,7,HEMAT10,Tiktok,50000,40000,12680000.0
ORD200106,2023-04-03,C14492,Chair,Furniture,5,1959000.0,Jl. Melati No. 243,Makassar,Sulawesi Selatan,E-Wallet,Cancelled,TRK5981695886,8,BELANJA5,Referral,0,25000,9820000.0
ORD200107,2024-11-14,C76220,Printer,Elektronik,5,3317000.0,Jl. Anggrek No. 176,Denpasar,Bali,QRIS,Pending,TRK3114584746,2,MIDYEAR15,Website,150000,40000,16475000.0
ORD200108,2023-03-25,C61950,Printer,Elektronik,4,3671000.0,Jl. Kenanga No. 46,Yogyakarta,Di Yogyakarta,Kartu Kredit,Returned,TRK7127443877,2,NONE,Facebook,250000,30000,14464000.0
ORD200109,2023-02-23,C91797,Switch,Networking,2,2811000.0,Jl. Anggrek No. 104,Semarang,Jawa Tengah,Kartu Kredit,Shipped,TRK2270169397,4,MIDYEAR15,Referral,50000,40000,5612000.0
ORD200110,2024-01-25,C35870,Router,Networking,1,1869000.0,Jl. Melati No. 134,Surabaya,Jawa Timur,Transfer Bank,Pending,TRK2590022947,4,GRATISONGKIR,Instagram,0,35000,1904000.0
ORD200111,2024-01-10,C91036,Keyboard,Aksesoris,1,1166000.0,Jl. Kenanga No. 122,Balikpapan,Kalimantan Timur,Kartu Kredit,Delivered,TRK7682179268,5,GRATISONGKIR,Website,0,25000,1191000.0
ORD200112,2024-06-11,C93801,Hdd,Storage,2,1192000.0,Jl. Anggrek No. 226,Surabaya,Jawa Timur,Kartu Kredit,Paid,TRK2848100787,7,HEMAT10,Tiktok,0,15000,2399000.0
ORD200113,2024-06-24,C99590,Monitor,Elektronik,1,2647000.0,Jl. Sudirman No. 39,Bandung,Jawa Barat,Transfer Bank,Shipped,TRK8069337888,1,BELANJA5,Instagram,150000,35000,2532000.0
ORD200114,2023-07-23,C14979,Keyboard,Aksesoris,1,774000.0,Jl. Mawar No. 101,Makassar,Sulawesi Selatan,QRIS,Paid,TRK9211415548,6,MIDYEAR15,Facebook,100000,40000,714000.0
ORD200115,2023-06-12,C62868,Monitor,Elektronik,4,4390000.0,Jl. Diponegoro No. 164,Makassar,Sulawesi Selatan,Kartu Kredit,Delivered,TRK3172633696,2,BELANJA5,Facebook,100000,40000,17500000.0
ORD200116,2023-09-13,C57924,Webcam,Aksesoris,2,1455000.0,Jl. Kenanga No. 52,Palembang,Sumatera Selatan,Transfer Bank,Shipped,TRK2102260289,3,GRATISONGKIR,Google,250000,15000,2675000.0
ORD200117,2023-11-01,C91502,Switch,Networking,2,5099000.0,Jl. Melati No. 147,Yogyakarta,Di Yogyakarta,Transfer Bank,Returned,TRK6480822638,2,MIDYEAR15,Instagram,250000,15000,9963000.0
ORD200118,2023-06-16,C64726,Switch,Networking,5,5711000.0,Jl. Sudirman No. 135,Balikpapan,Kalimantan Timur,Kartu Kredit,Returned,TRK1318754622,8,GRATISONGKIR,Tiktok,0,25000,28580000.0
ORD200119,2023-11-16,C10144,Monitor,Elektronik,5,2289000.0,Jl. Kenanga No. 17,Balikpapan,Kalimantan Timur,QRIS,Paid,TRK3810184510,6,MIDYEAR15,Google,150000,25000,11320000.0
ORD200120,2024-09-16,C65010,Chair,Furniture,5,2026000.0,Jl. Diponegoro No. 173,Bandung,Jawa Barat,Kartu Kredit,Shipped,TRK6321239548,2,GRATISONGKIR,Tiktok,0,20000,10150000.0
ORD200121,2023-03-09,C47830,Mouse,Aksesoris,3,261000.0,Jl. Sudirman No. 52,Medan,Sumatera Utara,Kartu Kredit,Paid,TRK5872347737,7,HEMAT10,Referral,50000,25000,758000.0
ORD200122,2023-09-28,C25838,Printer,Elektronik,4,4784000.0,Jl. Mawar No. 3,Balikpapan,Kalimantan Timur,QRIS,Shipped,TRK1959151532,8,NONE,Referral,100000,35000,19071000.0
ORD200123,2023-11-09,C95862,Printer,Elektronik,2,3511000.0,Jl. Melati No. 189,Medan,Sumatera Utara,Unknown,Paid,TRK6110108360,5,GRATISONGKIR,Google,0,25000,7047000.0
ORD200124,2023-11-21,C84565,Mouse,Aksesoris,3,180000.0,Jl. Diponegoro No. 77,Bandung,Jawa Barat,Transfer Bank,Delivered,TRK0581028060,5,NONE,Google,100000,40000,480000.0
ORD200125,2024-05-13,C70395,Printer,Elektronik,2,1789000.0,Jl. Diponegoro No. 203,Jakarta,Dki Jakarta,Kartu Kredit,Paid,TRK3476425202,8,BELANJA5,Tiktok,150000,25000,3453000.0
ORD200127,2023-09-12,C33111,Tablet,Elektronik,2,6157000.0,Jl. Kenanga No. 216,Yogyakarta,Di Yogyakarta,COD,Delivered,TRK5792366621,1,BELANJA5,Facebook,100000,30000,12244000.0
ORD200128,2023-08-14,C16827,Switch,Networking,4,1420000.0,Jl. Diponegoro No. 118,Yogyakarta,Di Yogyakarta,QRIS,Pending,TRK1981478644,4,MIDYEAR15,Facebook,100000,30000,5610000.0
ORD200130,2023-06-05,C70992,Mouse,Aksesoris,2,253000.0,Jl. Kenanga No. 30,Semarang,Jawa Tengah,Kartu Kredit,Delivered,TRK3008378155,6,GRATISONGKIR,Instagram,250000,35000,291000.0
ORD200133,2023-06-01,C82455,Router,Networking,4,752000.0,Jl. Mawar No. 153,Surabaya,Jawa Timur,QRIS,Shipped,TRK3380457057,6,NONE,Google,250000,25000,2783000.0
ORD200134,2024-03-24,C75672,Switch,Networking,1,2887000.0,Jl. Diponegoro No. 92,Yogyakarta,Di Yogyakarta,Kartu Kredit,Cancelled,TRK1410245724,3,BELANJA5,Google,250000,30000,2667000.0
ORD200136,2024-07-09,C53991,Hdd,Storage,3,2102000.0,Jl. Mawar No. 220,Palembang,Sumatera Selatan,Kartu Kredit,Paid,TRK4321327174,6,MIDYEAR15,Facebook,0,30000,6336000.0
ORD200137,2023-04-08,C80711,Mouse,Aksesoris,2,350000.0,Jl. Anggrek No. 140,Bandung,Jawa Barat,Unknown,Returned,TRK5868917115,3,BELANJA5,Website,100000,15000,615000.0
ORD200138,2023-07-10,C67651,Ssd,Storage,1,1612000.0,Jl. Mawar No. 26,Jakarta,Dki Jakarta,E-Wallet,Shipped,TRK4305372358,1,NONE,Referral,100000,25000,1537000.0
ORD200139,2023-06-28,C57884,Hdd,Storage,3,3005000.0,Jl. Diponegoro No. 154,Makassar,Sulawesi Selatan,COD,Paid,TRK4641927016,4,MIDYEAR15,Google,0,20000,9035000.0
ORD200140,2023-06-03,C55872,Desk,Furniture,1,3569000.0,Jl. Anggrek No. 80,Surabaya,Jawa Timur,QRIS,Returned,TRK4630963948,6,GRATISONGKIR,Referral,150000,20000,3439000.0
ORD200141,2023-10-06,C70339,Chair,Furniture,1,1011000.0,Jl. Sudirman No. 194,Medan,Sumatera Utara,Kartu Kredit,Returned,TRK1479748539,4,HEMAT10,Facebook,100000,20000,931000.0
ORD200142,2023-12-19,C69727,Router,Networking,3,1869000.0,Jl. Mawar No. 146,Palembang,Sumatera Selatan,QRIS,Shipped,TRK9145620325,8,HEMAT10,Website,150000,25000,5482000.0
ORD200143,2023-03-18,C34291,Printer,Elektronik,1,960000.0,Jl. Anggrek No. 182,Palembang,Sumatera Selatan,Unknown,Pending,TRK0597662579,5,GRATISONGKIR,Google,50000,25000,935000.0
ORD200144,2024-04-19,C59508,Keyboard,Aksesoris,2,270000.0,Jl. Anggrek No. 234,Unknown,Di Yogyakarta,Kartu Kredit,Shipped,TRK1654361462,4,NONE,Website,0,35000,575000.0
ORD200145,2023-11-21,C13711,Monitor,Elektronik,4,1348000.0,Jl. Kenanga No. 185,Balikpapan,Kalimantan Timur,E-Wallet,Delivered,TRK7581691541,1,HEMAT10,Website,250000,35000,5177000.0
ORD200147,2023-08-16,C70870,Monitor,Elektronik,1,2997000.0,Jl. Sudirman No. 96,Balikpapan,Kalimantan Timur,E-Wallet,Shipped,TRK0209439420,5,NONE,Website,50000,25000,2972000.0
ORD200148,2023-02-27,C19166,Router,Networking,3,1182000.0,Jl. Mawar No. 70,Jakarta,Dki Jakarta,E-Wallet,Returned,TRK2522303493,4,NONE,Tiktok,50000,25000,3521000.0
ORD200149,2024-07-26,C50015,Monitor,Elektronik,4,4678000.0,Jl. Mawar No. 228,Semarang,Jawa Tengah,QRIS,Pending,TRK1492679331,7,MIDYEAR15,Facebook,50000,20000,18682000.0
ORD200150,2023-10-12,C12443,Router,Networking,2,1456000.0,Jl. Sudirman No. 174,Jakarta,Dki Jakarta,E-Wallet,Returned,TRK1432285326,2,HEMAT10,Website,100000,20000,2832000.0
ORD200151,2023-08-28,C16793,Headset,Aksesoris,3,967000.0,Jl. Mawar No. 236,Jakarta,Dki Jakarta,Transfer Bank,Cancelled,TRK6488628647,8,GRATISONGKIR,Referral,250000,35000,2686000.0
ORD200152,2024-03-28,C37740,Ssd,Storage,2,1521000.0,Jl. Kenanga No. 246,Jakarta,Dki Jakarta,QRIS,Pending,TRK9712317963,2,GRATISONGKIR,Facebook,50000,35000,3027000.0
ORD200154,2023-07-18,C70194,Router,Networking,5,1305000.0,Jl. Anggrek No. 158,Makassar,Sulawesi Selatan,E-Wallet,Cancelled,TRK3908367897,4,GRATISONGKIR,Instagram,250000,20000,6295000.0
ORD200155,2024-06-16,C62533,Monitor,Elektronik,5,2199000.0,Jl. Diponegoro No. 26,Denpasar,Bali,COD,Pending,TRK2942100043,4,MIDYEAR15,Referral,0,20000,11015000.0
ORD200156,2023-01-08,C65090,Mouse,Aksesoris,3,461000.0,Jl. Anggrek No. 240,Medan,Sumatera Utara,Transfer Bank,Paid,TRK6753382447,3,NONE,Referral,250000,20000,1153000.0
ORD200157,2023-09-10,C61319,Desk,Furniture,1,1036000.0,Jl. Anggrek No. 141,Yogyakarta,Di Yogyakarta,Kartu Kredit,Returned,TRK1373292730,1,GRATISONGKIR,Website,0,15000,1051000.0
ORD200158,2024-05-04,C56513,Webcam,Aksesoris,4,1079000.0,Jl. Diponegoro No. 136,Denpasar,Bali,E-Wallet,Pending,TRK9355733634,8,NONE,Referral,0,30000,4346000.0
ORD200159,2023-10-21,C19010,Printer,Elektronik,5,5805000.0,Jl. Melati No. 109,Semarang,Jawa Tengah,Transfer Bank,Shipped,TRK8047944385,7,NONE,Google,100000,35000,28960000.0
ORD200160,2023-09-27,C24814,Switch,Networking,3,2253000.0,Jl. Melati No. 250,Makassar,Sulawesi Selatan,Transfer Bank,Cancelled,TRK3740847159,4,GRATISONGKIR,Instagram,50000,15000,6724000.0
ORD200161,2024-10-04,C90984,Switch,Networking,1,2822000.0,Jl. Kenanga No. 200,Surabaya,Jawa Timur,E-Wallet,Returned,TRK7906181782,4,NONE,Instagram,50000,30000,2802000.0
ORD200162,2023-05-28,C48703,Headset,Aksesoris,5,1044000.0,Jl. Mawar No. 12,Balikpapan,Kalimantan Timur,QRIS,Cancelled,TRK0995893884,8,MIDYEAR15,Website,100000,35000,5155000.0
ORD200163,2024-12-17,C53073,Monitor,Elektronik,3,2370000.0,Jl. Mawar No. 238,Semarang,Jawa Tengah,Transfer Bank,Pending,TRK8612181655,7,NONE,Website,50000,15000,7075000.0
ORD200164,2023-12-02,C83663,Chair,Furniture,5,2706000.0,Jl. Kenanga No. 158,Yogyakarta,Di Yogyakarta,E-Wallet,Pending,TRK7681034568,8,NONE,Website,100000,25000,13455000.0
ORD200165,2024-01-27,C86361,Router,Networking,4,1956000.0,Jl. Mawar No. 54,Medan,Sumatera Utara,QRIS,Shipped,TRK7954226320,5,HEMAT10,Google,50000,35000,7809000.0
ORD200166,2023-08-11,C33097,Ssd,Storage,2,848000.0,Jl. Anggrek No. 185,Semarang,Jawa Tengah,Transfer Bank,Returned,TRK2632981660,7,GRATISONGKIR,Facebook,50000,40000,1686000.0
ORD200167,2023-07-09,C80925,Router,Networking,4,1053000.0,Jl. Melati No. 63,Yogyakarta,Di Yogyakarta,Transfer Bank,Cancelled,TRK2288141302,6,NONE,Instagram,150000,35000,4097000.0
ORD200168,2023-10-17,C92410,Router,Networking,5,1198000.0,Jl. Sudirman No. 36,Yogyakarta,Di Yogyakarta,Kartu Kredit,Returned,TRK6802767211,3,GRATISONGKIR,Facebook,100000,30000,5920000.0
ORD200169,2024-03-16,C19866,Printer,Elektronik,5,5139000.0,Jl. Sudirman No. 244,Palembang,Sumatera Selatan,QRIS,Pending,TRK0933702106,5,NONE,Instagram,50000,40000,25685000.0
ORD200170,2024-10-26,C50965,Chair,Furniture,1,843000.0,Jl. Mawar No. 195,Surabaya,Jawa Timur,Transfer Bank,Pending,TRK9860518069,8,MIDYEAR15,Website,50000,15000,808000.0
ORD200171,2023-08-09,C12708,Router,Networking,3,1227000.0,Jl. Diponegoro No. 103,Makassar,Sulawesi Selatan,E-Wallet,Returned,TRK4534953002,2,BELANJA5,Instagram,250000,40000,3471000.0
ORD200172,2023-04-07,C50319,Keyboard,Aksesoris,2,205000.0,Jl. Diponegoro No. 128,Palembang,Sumatera Selatan,Transfer Bank,Delivered,TRK6946085175,8,BELANJA5,Google,50000,35000,395000.0
ORD200173,2023-01-08,C37142,Flash Drive,Storage,4,377000.0,Jl. Sudirman No. 162,Surabaya,Jawa Timur,COD,Pending,TRK4837981930,8,NONE,Google,250000,20000,1278000.0
ORD200174,2024-12-13,C92234,Flash Drive,Storage,2,180000.0,Jl. Diponegoro No. 147,Medan,Sumatera Utara,E-Wallet,Shipped,TRK5351889119,3,GRATISONGKIR,Google,0,30000,390000.0
ORD200175,2024-08-08,C45168,Headset,Aksesoris,5,1162000.0,Jl. Kenanga No. 22,Denpasar,Bali,QRIS,Cancelled,TRK3373610223,1,NONE,Referral,150000,30000,5690000.0
ORD200176,2023-09-15,C33151,Switch,Networking,3,974000.0,Jl. Melati No. 152,Surabaya,Jawa Timur,COD,Pending,TRK9551674867,8,NONE,Facebook,0,40000,2962000.0
ORD200177,2024-08-24,C84512,Printer,Elektronik,5,3371000.0,Jl. Diponegoro No. 108,Medan,Sumatera Utara,COD,Returned,TRK9146572082,7,NONE,Facebook,50000,40000,16845000.0
ORD200178,2024-05-06,C80286,Chair,Furniture,5,2529000.0,Jl. Kenanga No. 200,Yogyakarta,Di Yogyakarta,Transfer Bank,Pending,TRK0261947061,3,MIDYEAR15,Referral,250000,35000,12430000.0
ORD200179,2023-03-01,C36644,Tablet,Elektronik,4,3845000.0,Jl. Kenanga No. 233,Jakarta,Dki Jakarta,E-Wallet,Returned,TRK6913735572,7,BELANJA5,Google,250000,15000,15145000.0
ORD200180,2024-02-13,C68308,Monitor,Elektronik,2,2302000.0,Jl. Diponegoro No. 178,Unknown,Sumatera Utara,COD,Shipped,TRK8663664094,3,NONE,Tiktok,0,40000,4644000.0
ORD200181,2024-05-04,C97261,Headset,Aksesoris,3,1195000.0,Jl. Anggrek No. 86,Semarang,Jawa Tengah,Kartu Kredit,Pending,TRK9539224233,8,GRATISONGKIR,Google,0,35000,3620000.0
ORD200182,2023-05-19,C39652,Hdd,Storage,5,2706000.0,Jl. Anggrek No. 59,Makassar,Sulawesi Selatan,Transfer Bank,Shipped,TRK4455417858,4,BELANJA5,Tiktok,250000,15000,13295000.0
ORD200184,2024-01-28,C26317,Desk,Furniture,5,2455000.0,Jl. Anggrek No. 144,Yogyakarta,Di Yogyakarta,Kartu Kredit,Shipped,TRK5159763402,3,MIDYEAR15,Facebook,150000,30000,12155000.0
ORD200185,2023-07-05,C46858,Mouse,Aksesoris,2,175000.0,Jl. Sudirman No. 7,Denpasar,Bali,Transfer Bank,Pending,TRK2961524297,8,BELANJA5,Facebook,50000,15000,315000.0
ORD200186,2024-10-12,C35473,Keyboard,Aksesoris,2,742000.0,Jl. Anggrek No. 118,Bandung,Jawa Barat,E-Wallet,Pending,TRK5784112366,1,NONE,Website,0,15000,1499000.0
ORD200187,2024-01-24,C71444,Keyboard,Aksesoris,5,980000.0,Jl. Anggrek No. 173,Semarang,Jawa Tengah,Transfer Bank,Delivered,TRK1299337539,3,NONE,Website,150000,30000,4780000.0
ORD200188,2024-10-03,C85771,Webcam,Aksesoris,5,458000.0,Jl. Anggrek No. 130,Semarang,Jawa Tengah,E-Wallet,Paid,TRK7394222511,1,GRATISONGKIR,Google,250000,30000,2070000.0
ORD200189,2024-07-03,C52890,Printer,Elektronik,5,5089000.0,Jl. Sudirman No. 60,Jakarta,Dki Jakarta,QRIS,Shipped,TRK3535337692,3,NONE,Website,100000,30000,25375000.0
ORD200190,2023-10-08,C98694,Webcam,Aksesoris,1,573000.0,Jl. Sudirman No. 160,Jakarta,Dki Jakarta,E-Wallet,Cancelled,TRK6949134588,6,NONE,Referral,150000,20000,443000.0
ORD200191,2023-05-15,C92224,Desk,Furniture,2,1061000.0,Jl. Kenanga No. 81,Denpasar,Bali,E-Wallet,Returned,TRK9748707359,2,BELANJA5,Instagram,100000,25000,2047000.0
ORD200192,2023-01-06,C31121,Headset,Aksesoris,3,601000.0,Jl. Diponegoro No. 190,Jakarta,Dki Jakarta,Kartu Kredit,Returned,TRK7124547972,2,NONE,Referral,100000,15000,1718000.0
ORD200193,2023-09-15,C10100,Monitor,Elektronik,3,2437000.0,Jl. Anggrek No. 62,Makassar,Sulawesi Selatan,Kartu Kredit,Paid,TRK0114715878,3,NONE,Website,100000,40000,7251000.0
ORD200194,2024-01-19,C50533,Router,Networking,5,1099000.0,Jl. Kenanga No. 11,Denpasar,Bali,Unknown,Cancelled,TRK5556659549,2,NONE,Google,50000,30000,5475000.0
ORD200195,2024-07-03,C55054,Monitor,Elektronik,4,4124000.0,Jl. Sudirman No. 52,Balikpapan,Kalimantan Timur,Transfer Bank,Paid,TRK7493283198,1,GRATISONGKIR,Website,0,35000,16531000.0
ORD200196,2023-08-27,C45849,Printer,Elektronik,4,4103000.0,Jl. Melati No. 102,Denpasar,Bali,E-Wallet,Shipped,TRK6224938394,8,MIDYEAR15,Google,150000,30000,16292000.0
ORD200197,2023-03-27,C88674,Hdd,Storage,5,3301000.0,Jl. Diponegoro No. 92,Palembang,Sumatera Selatan,Kartu Kredit,Shipped,TRK4893958241,7,GRATISONGKIR,Facebook,150000,20000,16375000.0
ORD200198,2023-03-20,C27388,Chair,Furniture,3,2200000.0,Jl. Melati No. 124,Palembang,Sumatera Selatan,Transfer Bank,Delivered,TRK6108710600,2,NONE,Instagram,150000,30000,6480000.0
ORD200199,2024-12-12,C11901,Headset,Aksesoris,2,967000.0,Jl. Diponegoro No. 202,Surabaya,Jawa Timur,QRIS,Pending,TRK5122799608,3,HEMAT10,Google,50000,30000,1914000.0
ORD200200,2024-03-24,C69818,Keyboard,Aksesoris,3,748000.0,Jl. Melati No. 21,Jakarta,Dki Jakarta,QRIS,Delivered,TRK4221644374,5,NONE,Instagram,0,15000,2259000.0
ORD200201,2023-09-16,C19304,Phone,Elektronik,1,7605000.0,Jl. Kenanga No. 238,Makassar,Sulawesi Selatan,Kartu Kredit,Delivered,TRK8233148166,3,NONE,Website,0,20000,7625000.0
ORD200202,2023-04-27,C14585,Printer,Elektronik,2,2879000.0,Jl. Diponegoro No. 15,Semarang,Jawa Tengah,QRIS,Returned,TRK9303023229,1,MIDYEAR15,Website,100000,15000,5673000.0
ORD200203,2023-08-09,C43712,Keyboard,Aksesoris,5,378000.0,Jl. Melati No. 193,Semarang,Jawa Tengah,QRIS,Paid,TRK2553148011,1,GRATISONGKIR,Google,50000,35000,1875000.0
ORD200204,2023-10-19,C48235,Flash Drive,Storage,2,350000.0,Jl. Anggrek No. 154,Balikpapan,Kalimantan Timur,COD,Cancelled,TRK8622288137,5,GRATISONGKIR,Referral,250000,30000,480000.0
ORD200205,2024-11-14,C16286,Monitor,Elektronik,2,1619000.0,Jl. Sudirman No. 213,Denpasar,Bali,QRIS,Delivered,TRK5791124441,8,BELANJA5,Google,100000,30000,3168000.0
ORD200206,2024-01-03,C71979,Hdd,Storage,5,3466000.0,Jl. Diponegoro No. 179,Medan,Sumatera Utara,QRIS,Paid,TRK2486901485,7,MIDYEAR15,Instagram,100000,15000,17245000.0
ORD200207,2023-07-01,C83077,Hdd,Storage,4,3486000.0,Jl. Anggrek No. 42,Balikpapan,Kalimantan Timur,QRIS,Cancelled,TRK1001800140,5,NONE,Instagram,250000,30000,13724000.0
ORD200208,2023-10-24,C11208,Mouse,Aksesoris,2,482000.0,Jl. Diponegoro No. 95,Bandung,Jawa Barat,QRIS,Delivered,TRK6604740653,8,NONE,Instagram,150000,25000,839000.0
ORD200210,2023-12-27,C10740,Switch,Networking,4,5653000.0,Jl. Anggrek No. 25,Jakarta,Dki Jakarta,E-Wallet,Paid,TRK8493535243,8,NONE,Website,150000,25000,22487000.0
ORD200211,2024-04-29,C73651,Flash Drive,Storage,2,204000.0,Jl. Diponegoro No. 120,Yogyakarta,Di Yogyakarta,Transfer Bank,Paid,TRK1801500485,4,NONE,Instagram,100000,25000,333000.0
ORD200212,2024-05-30,C86919,Mouse,Aksesoris,5,402000.0,Jl. Kenanga No. 51,Medan,Sumatera Utara,COD,Returned,TRK8680375996,2,NONE,Referral,250000,20000,1780000.0
ORD200214,2023-09-19,C27144,Switch,Networking,4,3729000.0,Jl. Sudirman No. 6,Makassar,Sulawesi Selatan,QRIS,Delivered,TRK4785407261,7,HEMAT10,Google,0,30000,14946000.0
ORD200215,2023-06-13,C24576,Mouse,Aksesoris,2,347000.0,Jl. Mawar No. 143,Semarang,Jawa Tengah,COD,Pending,TRK2359498941,8,GRATISONGKIR,Facebook,100000,25000,619000.0
ORD200216,2024-02-11,C25215,Phone,Elektronik,4,5516000.0,Jl. Anggrek No. 174,Yogyakarta,Di Yogyakarta,E-Wallet,Paid,TRK0998193770,3,HEMAT10,Facebook,50000,30000,22044000.0
ORD200217,2023-03-01,C91837,Keyboard,Aksesoris,2,176000.0,Jl. Melati No. 109,Semarang,Jawa Tengah,Transfer Bank,Returned,TRK9168916162,7,NONE,Google,100000,35000,287000.0
ORD200218,2023-09-15,C42739,Printer,Elektronik,2,4022000.0,Jl. Anggrek No. 15,Surabaya,Jawa Timur,Transfer Bank,Cancelled,TRK3728426786,3,NONE,Website,50000,40000,8034000.0
ORD200219,2024-12-25,C66464,Hdd,Storage,3,1946000.0,Jl. Kenanga No. 220,Jakarta,Dki Jakarta,QRIS,Paid,TRK7740133436,7,GRATISONGKIR,Facebook,50000,30000,5818000.0
ORD200221,2024-07-05,C73475,Keyboard,Aksesoris,4,435000.0,Jl. Diponegoro No. 105,Medan,Sumatera Utara,Transfer Bank,Pending,TRK7725015491,6,HEMAT10,Instagram,50000,15000,1705000.0
ORD200223,2023-03-07,C29913,Laptop,Elektronik,1,8124000.0,Jl. Diponegoro No. 249,Balikpapan,Kalimantan Timur,COD,Cancelled,TRK2729347832,7,NONE,Referral,150000,35000,8009000.0
ORD200224,2023-01-11,C67298,Printer,Elektronik,1,5193000.0,Jl. Kenanga No. 105,Medan,Sumatera Utara,E-Wallet,Cancelled,TRK9639463845,6,HEMAT10,Google,250000,15000,4958000.0
ORD200225,2024-04-28,C94071,Keyboard,Aksesoris,3,388000.0,Jl. Melati No. 205,Makassar,Sulawesi Selatan,Unknown,Shipped,TRK7347868915,5,NONE,Website,100000,25000,1089000.0
ORD200226,2024-07-24,C39522,Phone,Elektronik,2,6554000.0,Jl. Kenanga No. 122,Semarang,Jawa Tengah,Unknown,Delivered,TRK4966869604,2,NONE,Tiktok,250000,30000,12888000.0
ORD200227,2023-01-11,C46721,Headset,Aksesoris,3,1428000.0,Jl. Mawar No. 194,Jakarta,Dki Jakarta,COD,Paid,TRK2863480832,2,NONE,Tiktok,0,20000,4304000.0
ORD200228,2023-05-18,C52116,Switch,Networking,5,3788000.0,Jl. Melati No. 78,Denpasar,Bali,Transfer Bank,Shipped,TRK4729364358,2,HEMAT10,Tiktok,250000,35000,18725000.0
ORD200229,2024-05-10,C52594,Router,Networking,4,1184000.0,Jl. Anggrek No. 78,Jakarta,Dki Jakarta,E-Wallet,Cancelled,TRK5474809596,6,HEMAT10,Tiktok,50000,20000,4706000.0
ORD200230,2023-02-28,C39918,Ssd,Storage,3,442000.0,Jl. Kenanga No. 50,Makassar,Sulawesi Selatan,QRIS,Returned,TRK8414262962,3,HEMAT10,Facebook,250000,20000,1096000.0
ORD200231,2023-12-25,C91918,Tablet,Elektronik,1,8588000.0,Jl. Sudirman No. 154,Makassar,Sulawesi Selatan,Transfer Bank,Delivered,TRK6814081173,8,NONE,Facebook,50000,15000,8553000.0
ORD200232,2023-02-13,C72402,Tablet,Elektronik,4,4113000.0,Jl. Kenanga No. 174,Bandung,Jawa Barat,QRIS,Pending,TRK2497724072,8,HEMAT10,Instagram,100000,15000,16367000.0
ORD200233,2023-03-30,C53761,Ssd,Storage,4,806000.0,Jl. Kenanga No. 13,Bandung,Jawa Barat,Transfer Bank,Delivered,TRK3632918497,5,HEMAT10,Referral,250000,25000,2999000.0
ORD200234,2024-09-01,C71043,Printer,Elektronik,1,2795000.0,Jl. Kenanga No. 40,Denpasar,Bali,Kartu Kredit,Returned,TRK5504051449,6,GRATISONGKIR,Tiktok,50000,15000,2760000.0
ORD200235,2024-05-02,C76437,Printer,Elektronik,2,4514000.0,Jl. Melati No. 17,Makassar,Sulawesi Selatan,COD,Pending,TRK9457697359,3,NONE,Google,150000,35000,8913000.0
ORD200237,2024-03-15,C47040,Monitor,Elektronik,4,4399000.0,Jl. Melati No. 8,Denpasar,Bali,Transfer Bank,Paid,TRK0266211135,5,MIDYEAR15,Tiktok,100000,15000,17511000.0
ORD200238,2024-10-04,C89434,Tablet,Elektronik,3,6336000.0,Jl. Sudirman No. 155,Yogyakarta,Di Yogyakarta,COD,Paid,TRK5654323958,8,NONE,Website,150000,25000,18883000.0
ORD200239,2024-09-13,C93556,Headset,Aksesoris,4,506000.0,Jl. Melati No. 22,Unknown,Dki Jakarta,Kartu Kredit,Paid,TRK5653556745,3,GRATISONGKIR,Google,50000,15000,1989000.0
ORD200240,2023-10-19,C69119,Switch,Networking,1,6007000.0,Jl. Sudirman No. 215,Bandung,Jawa Barat,Kartu Kredit,Returned,TRK3945517593,4,BELANJA5,Facebook,0,15000,6022000.0
ORD200242,2024-05-31,C38976,Printer,Elektronik,2,5261000.0,Jl. Kenanga No. 234,Balikpapan,Kalimantan Timur,Transfer Bank,Delivered,TRK6603629671,8,BELANJA5,Google,150000,20000,10392000.0
ORD200243,2023-04-25,C87561,Webcam,Aksesoris,4,1539000.0,Jl. Sudirman No. 148,Yogyakarta,Di Yogyakarta,Kartu Kredit,Pending,TRK1904803810,1,GRATISONGKIR,Google,250000,40000,5946000.0
ORD200245,2023-01-24,C31716,Flash Drive,Storage,2,351000.0,Jl. Melati No. 103,Surabaya,Jawa Timur,E-Wallet,Delivered,TRK6021009057,5,MIDYEAR15,Referral,0,20000,722000.0
ORD200246,2024-09-25,C78802,Printer,Elektronik,3,1019000.0,Jl. Kenanga No. 208,Makassar,Sulawesi Selatan,Kartu Kredit,Cancelled,TRK7369054475,3,MIDYEAR15,Instagram,50000,25000,3032000.0
ORD200247,2024-06-28,C31863,Phone,Elektronik,5,3943000.0,Jl. Diponegoro No. 9,Medan,Sumatera Utara,QRIS,Shipped,TRK4627948997,4,HEMAT10,Tiktok,100000,25000,19640000.0
ORD200249,2023-11-11,C89455,Phone,Elektronik,1,5396000.0,Jl. Diponegoro No. 141,Balikpapan,Kalimantan Timur,Transfer Bank,Cancelled,TRK6105997468,1,HEMAT10,Google,0,15000,5411000.0
ORD200250,2023-04-02,C71680,Webcam,Aksesoris,3,1091000.0,Jl. Anggrek No. 138,Jakarta,Dki Jakarta,Transfer Bank,Returned,TRK7998143540,4,HEMAT10,Google,100000,15000,3188000.0
ORD200253,2024-11-12,C69565,Monitor,Elektronik,3,3175500.0,Jl. Diponegoro No. 180,Semarang,Jawa Tengah,QRIS,Pending,TRK3169262763,6,NONE,Facebook,150000,30000,9406500.0
ORD200255,2024-06-18,C55760,Flash Drive,Storage,5,230000.0,Jl. Mawar No. 236,Semarang,Jawa Tengah,QRIS,Paid,TRK7472649820,3,GRATISONGKIR,Instagram,0,20000,1170000.0
ORD200257,2023-11-02,C33835,Hdd,Storage,4,1580000.0,Jl. Anggrek No. 78,Jakarta,Dki Jakarta,E-Wallet,Cancelled,TRK3409689873,5,NONE,Website,0,30000,6350000.0
ORD200258,2023-12-27,C13411,Monitor,Elektronik,2,3900000.0,Jl. Sudirman No. 7,Denpasar,Bali,E-Wallet,Returned,TRK2571191244,4,NONE,Facebook,100000,20000,7720000.0
ORD200259,2024-12-22,C80963,Tablet,Elektronik,4,4571000.0,Jl. Diponegoro No. 74,Medan,Sumatera Utara,QRIS,Paid,TRK9507679868,4,GRATISONGKIR,Facebook,0,20000,18304000.0
ORD200260,2023-07-25,C17497,Chair,Furniture,1,2372000.0,Jl. Sudirman No. 191,Makassar,Sulawesi Selatan,Kartu Kredit,Returned,TRK1817635341,8,MIDYEAR15,Website,50000,30000,2352000.0
ORD200261,2024-07-05,C36077,Headset,Aksesoris,3,616000.0,Jl. Anggrek No. 119,Semarang,Jawa Tengah,Transfer Bank,Cancelled,TRK3963082540,6,GRATISONGKIR,Referral,50000,20000,1818000.0
ORD200262,2024-05-25,C36375,Router,Networking,1,404000.0,Jl. Melati No. 13,Makassar,Sulawesi Selatan,QRIS,Cancelled,TRK5941849542,6,GRATISONGKIR,Facebook,100000,25000,329000.0
ORD200263,2023-09-29,C68425,Flash Drive,Storage,2,382000.0,Jl. Sudirman No. 139,Surabaya,Jawa Timur,E-Wallet,Paid,TRK1186716548,2,HEMAT10,Instagram,150000,40000,654000.0
ORD200265,2024-10-07,C35389,Keyboard,Aksesoris,3,592000.0,Jl. Melati No. 127,Denpasar,Bali,E-Wallet,Shipped,TRK0139899187,6,HEMAT10,Website,150000,40000,1666000.0
ORD200267,2023-12-09,C24167,Monitor,Elektronik,3,3270000.0,Jl. Kenanga No. 75,Unknown,Jawa Tengah,E-Wallet,Shipped,TRK1364797691,7,NONE,Tiktok,0,15000,9825000.0
ORD200268,2023-04-06,C18153,Mouse,Aksesoris,4,229000.0,Jl. Diponegoro No. 213,Bandung,Jawa Barat,Transfer Bank,Returned,TRK7253611782,8,NONE,Referral,150000,20000,786000.0
ORD200269,2023-05-12,C70429,Monitor,Elektronik,3,4689000.0,Jl. Melati No. 200,Palembang,Sumatera Selatan,QRIS,Pending,TRK4037894771,1,GRATISONGKIR,Website,0,15000,14082000.0
ORD200270,2023-04-04,C90425,Keyboard,Aksesoris,3,525000.0,Jl. Anggrek No. 206,Makassar,Sulawesi Selatan,Kartu Kredit,Returned,TRK5665544796,1,NONE,Facebook,150000,25000,1450000.0
ORD200271,2024-12-26,C52301,Monitor,Elektronik,4,1750000.0,Jl. Sudirman No. 182,Makassar,Sulawesi Selatan,COD,Pending,TRK1033539676,8,HEMAT10,Referral,50000,15000,6965000.0
ORD200272,2023-11-17,C33813,Mouse,Aksesoris,4,362000.0,Jl. Sudirman No. 29,Surabaya,Jawa Timur,E-Wallet,Pending,TRK2020443930,4,NONE,Referral,100000,40000,1388000.0
ORD200273,2023-06-02,C15141,Switch,Networking,3,1682000.0,Jl. Sudirman No. 1,Balikpapan,Kalimantan Timur,Transfer Bank,Returned,TRK0348412930,4,MIDYEAR15,Tiktok,150000,40000,4936000.0
ORD200274,2023-07-07,C86271,Ssd,Storage,5,1895000.0,Jl. Diponegoro No. 243,Palembang,Sumatera Selatan,Transfer Bank,Shipped,TRK1161666828,7,BELANJA5,Facebook,0,20000,9495000.0
ORD200275,2023-03-17,C79898,Webcam,Aksesoris,5,503000.0,Jl. Mawar No. 197,Bandung,Jawa Barat,Transfer Bank,Delivered,TRK9624940642,3,NONE,Referral,50000,15000,2480000.0
ORD200276,2024-07-25,C20810,Headset,Aksesoris,4,792000.0,Jl. Mawar No. 21,Medan,Sumatera Utara,Transfer Bank,Paid,TRK0825225080,1,GRATISONGKIR,Instagram,250000,15000,2933000.0
ORD200277,2023-01-25,C86534,Ssd,Storage,3,2030000.0,Jl. Mawar No. 250,Makassar,Sulawesi Selatan,Kartu Kredit,Pending,TRK9036236207,7,HEMAT10,Website,100000,30000,6020000.0
ORD200278,2024-01-20,C92351,Printer,Elektronik,4,3262500.0,Jl. Melati No. 152,Palembang,Sumatera Selatan,Kartu Kredit,Shipped,TRK6231624129,1,NONE,Facebook,250000,35000,12835000.0
ORD200279,2023-10-30,C40326,Switch,Networking,1,4729000.0,Jl. Kenanga No. 68,Semarang,Jawa Tengah,COD,Pending,TRK7919210189,7,NONE,Google,250000,35000,4514000.0
ORD200281,2024-11-07,C53613,Mouse,Aksesoris,4,476000.0,Jl. Kenanga No. 67,Balikpapan,Kalimantan Timur,Transfer Bank,Delivered,TRK8649296110,5,MIDYEAR15,Website,0,15000,1919000.0
ORD200282,2023-07-09,C32275,Router,Networking,2,1381000.0,Jl. Melati No. 55,Denpasar,Bali,E-Wallet,Shipped,TRK2127841543,3,NONE,Referral,100000,40000,2702000.0
ORD200284,2024-12-02,C56721,Monitor,Elektronik,1,1711000.0,Jl. Sudirman No. 56,Semarang,Jawa Tengah,E-Wallet,Pending,TRK0646060619,8,NONE,Referral,250000,35000,1496000.0
ORD200285,2023-12-02,C86977,Chair,Furniture,2,2591000.0,Jl. Mawar No. 111,Yogyakarta,Di Yogyakarta,Kartu Kredit,Delivered,TRK8793711555,3,HEMAT10,Google,50000,35000,5167000.0
ORD200287,2023-07-18,C20560,Mouse,Aksesoris,1,508000.0,Jl. Kenanga No. 175,Makassar,Sulawesi Selatan,Kartu Kredit,Returned,TRK0959037949,8,MIDYEAR15,Google,0,40000,548000.0
ORD200288,2024-08-22,C63842,Flash Drive,Storage,3,329000.0,Jl. Melati No. 147,Semarang,Jawa Tengah,E-Wallet,Shipped,TRK4449718286,8,NONE,Facebook,250000,25000,762000.0
ORD200289,2024-10-05,C69744,Printer,Elektronik,4,4332000.0,Jl. Anggrek No. 175,Surabaya,Jawa Timur,E-Wallet,Paid,TRK3366895795,7,BELANJA5,Referral,150000,30000,17208000.0
ORD200290,2024-09-03,C54456,Webcam,Aksesoris,4,1708000.0,Jl. Sudirman No. 227,Surabaya,Jawa Timur,COD,Pending,TRK0089988315,7,BELANJA5,Google,0,15000,6847000.0
ORD200291,2024-09-02,C60729,Chair,Furniture,1,1519000.0,Jl. Sudirman No. 168,Yogyakarta,Di Yogyakarta,QRIS,Cancelled,TRK3201911042,3,GRATISONGKIR,Facebook,50000,20000,1489000.0
ORD200292,2024-11-16,C92843,Monitor,Elektronik,5,3557000.0,Jl. Anggrek No. 5,Makassar,Sulawesi Selatan,Kartu Kredit,Shipped,TRK2790268487,3,MIDYEAR15,Tiktok,50000,20000,17755000.0
ORD200293,2024-03-15,C92090,Phone,Elektronik,4,8334000.0,Jl. Diponegoro No. 73,Medan,Sumatera Utara,Transfer Bank,Paid,TRK9556898071,8,HEMAT10,Instagram,150000,20000,33206000.0
ORD200294,2024-06-30,C48200,Flash Drive,Storage,1,228000.0,Jl. Anggrek No. 175,Makassar,Sulawesi Selatan,COD,Shipped,TRK6036924284,2,BELANJA5,Website,250000,25000,3000.0
ORD200295,2023-09-07,C18654,Switch,Networking,4,2462000.0,Jl. Mawar No. 57,Unknown,Di Yogyakarta,COD,Paid,TRK0628369215,1,NONE,Tiktok,150000,35000,9733000.0
ORD200297,2023-06-14,C29818,Router,Networking,5,1794000.0,Jl. Sudirman No. 47,Semarang,Jawa Tengah,QRIS,Pending,TRK7290258566,6,NONE,Facebook,100000,25000,8895000.0
ORD200298,2024-07-06,C63034,Monitor,Elektronik,1,2537000.0,Jl. Anggrek No. 164,Palembang,Sumatera Selatan,Transfer Bank,Shipped,TRK0007360194,4,NONE,Google,0,35000,2572000.0
ORD200299,2023-03-05,C24417,Switch,Networking,2,4530000.0,Jl. Mawar No. 199,Makassar,Sulawesi Selatan,Kartu Kredit,Pending,TRK3423883387,5,NONE,Instagram,100000,30000,8990000.0
ORD200300,2024-01-29,C16620,Desk,Furniture,5,3403000.0,Jl. Mawar No. 180,Denpasar,Bali,Kartu Kredit,Cancelled,TRK2565692216,1,NONE,Google,100000,15000,16930000.0
ORD200302,2024-02-27,C23848,Flash Drive,Storage,2,91000.0,Jl. Sudirman No. 114,Surabaya,Jawa Timur,COD,Cancelled,TRK6156629309,5,BELANJA5,Website,150000,25000,57000.0
ORD200303,2024-01-26,C24417,Webcam,Aksesoris,4,1217000.0,Jl. Sudirman No. 233,Denpasar,Bali,QRIS,Pending,TRK0727651580,3,HEMAT10,Website,250000,25000,4643000.0
ORD200304,2024-04-25,C99356,Chair,Furniture,4,1906000.0,Jl. Diponegoro No. 43,Yogyakarta,Di Yogyakarta,E-Wallet,Delivered,TRK8108321068,6,NONE,Google,50000,40000,7614000.0
ORD200305,2023-11-25,C80627,Desk,Furniture,3,2980000.0,Jl. Anggrek No. 160,Palembang,Sumatera Selatan,QRIS,Paid,TRK4613203892,1,MIDYEAR15,Referral,0,30000,8970000.0
ORD200306,2024-04-10,C98036,Monitor,Elektronik,1,1799000.0,Jl. Kenanga No. 223,Bandung,Jawa Barat,Transfer Bank,Pending,TRK9390786268,7,MIDYEAR15,Facebook,50000,20000,1769000.0
ORD200307,2023-08-01,C45033,Flash Drive,Storage,5,363000.0,Jl. Melati No. 201,Denpasar,Bali,E-Wallet,Paid,TRK9578373615,3,NONE,Tiktok,0,40000,1855000.0
ORD200308,2024-10-12,C80149,Monitor,Elektronik,1,4081000.0,Jl. Sudirman No. 11,Makassar,Sulawesi Selatan,E-Wallet,Shipped,TRK3013232336,4,BELANJA5,Instagram,50000,40000,4071000.0
ORD200309,2024-09-30,C16743,Keyboard,Aksesoris,4,158000.0,Jl. Anggrek No. 76,Balikpapan,Kalimantan Timur,COD,Cancelled,TRK1245434643,3,NONE,Google,250000,20000,402000.0
ORD200310,2023-03-08,C94722,Mouse,Aksesoris,2,253000.0,Jl. Diponegoro No. 197,Balikpapan,Kalimantan Timur,QRIS,Paid,TRK1546763843,2,MIDYEAR15,Website,250000,15000,271000.0
ORD200311,2024-01-23,C53146,Switch,Networking,2,1088000.0,Jl. Mawar No. 210,Denpasar,Bali,COD,Delivered,TRK6772143861,1,HEMAT10,Tiktok,150000,40000,2066000.0
ORD200312,2023-09-28,C99325,Keyboard,Aksesoris,5,989000.0,Jl. Sudirman No. 52,Bandung,Jawa Barat,Transfer Bank,Cancelled,TRK2624605536,2,NONE,Facebook,50000,20000,4915000.0
ORD200313,2024-01-05,C56490,Monitor,Elektronik,3,3383000.0,Jl. Diponegoro No. 179,Palembang,Sumatera Selatan,E-Wallet,Pending,TRK9270384325,2,HEMAT10,Tiktok,250000,30000,9929000.0
ORD200314,2023-03-10,C55164,Router,Networking,2,1561000.0,Jl. Sudirman No. 39,Unknown,Di Yogyakarta,COD,Shipped,TRK0009916129,4,NONE,Instagram,250000,35000,2907000.0
ORD200315,2023-04-30,C71467,Desk,Furniture,3,1092000.0,Jl. Kenanga No. 152,Denpasar,Bali,Transfer Bank,Returned,TRK1671082070,1,HEMAT10,Facebook,100000,15000,3191000.0
ORD200316,2023-10-01,C48530,Ssd,Storage,5,2386000.0,Jl. Anggrek No. 123,Semarang,Jawa Tengah,QRIS,Cancelled,TRK4228202139,5,HEMAT10,Instagram,150000,35000,11815000.0
ORD200317,2024-02-21,C43186,Chair,Furniture,5,1273000.0,Jl. Melati No. 236,Makassar,Sulawesi Selatan,COD,Pending,TRK6596321690,4,MIDYEAR15,Tiktok,250000,15000,6130000.0
ORD200318,2024-03-14,C45793,Ssd,Storage,3,1898000.0,Jl. Sudirman No. 142,Jakarta,Dki Jakarta,E-Wallet,Cancelled,TRK0877156761,6,HEMAT10,Tiktok,100000,15000,5609000.0
ORD200319,2023-09-05,C27311,Tablet,Elektronik,2,2527000.0,Jl. Diponegoro No. 154,Makassar,Sulawesi Selatan,Transfer Bank,Delivered,TRK0120376615,8,GRATISONGKIR,Tiktok,100000,40000,4994000.0
ORD200321,2023-08-27,C61136,Chair,Furniture,3,603000.0,Jl. Diponegoro No. 78,Balikpapan,Kalimantan Timur,QRIS,Pending,TRK3912131242,6,HEMAT10,Instagram,100000,35000,1744000.0
ORD200323,2023-05-17,C38035,Switch,Networking,5,6686000.0,Jl. Sudirman No. 9,Medan,Sumatera Utara,E-Wallet,Pending,TRK1791600789,1,MIDYEAR15,Tiktok,0,40000,33470000.0
ORD200324,2023-05-04,C71295,Router,Networking,5,1696000.0,Jl. Diponegoro No. 183,Denpasar,Bali,COD,Delivered,TRK9591476954,4,MIDYEAR15,Website,0,30000,8510000.0
ORD200325,2023-09-22,C31164,Headset,Aksesoris,5,967000.0,Jl. Mawar No. 181,Medan,Sumatera Utara,E-Wallet,Delivered,TRK1395421243,5,GRATISONGKIR,Tiktok,50000,15000,4800000.0
ORD200327,2023-05-25,C76375,Monitor,Elektronik,3,2528000.0,Jl. Melati No. 59,Semarang,Jawa Tengah,QRIS,Delivered,TRK3353871960,7,HEMAT10,Instagram,50000,25000,7559000.0
ORD200328,2024-05-01,C43025,Hdd,Storage,5,2166000.0,Jl. Melati No. 21,Makassar,Sulawesi Selatan,Transfer Bank,Paid,TRK7126141400,4,NONE,Referral,150000,40000,10720000.0
ORD200329,2024-03-20,C98907,Router,Networking,1,2318000.0,Jl. Sudirman No. 191,Yogyakarta,Di Yogyakarta,QRIS,Paid,TRK4246829170,8,HEMAT10,Website,0,40000,2358000.0
ORD200330,2024-04-08,C53413,Hdd,Storage,1,572000.0,Jl. Sudirman No. 64,Jakarta,Dki Jakarta,Transfer Bank,Paid,TRK2159100886,2,GRATISONGKIR,Referral,100000,40000,512000.0
ORD200331,2023-03-11,C39705,Phone,Elektronik,2,4267000.0,Jl. Mawar No. 79,Surabaya,Jawa Timur,QRIS,Paid,TRK8609329563,3,NONE,Facebook,250000,35000,8319000.0
ORD200332,2024-08-26,C39964,Hdd,Storage,4,2835000.0,Jl. Mawar No. 164,Balikpapan,Kalimantan Timur,E-Wallet,Delivered,TRK7175029110,5,BELANJA5,Referral,0,30000,11370000.0
ORD200334,2024-02-26,C53973,Webcam,Aksesoris,5,633000.0,Jl. Anggrek No. 4,Semarang,Jawa Tengah,COD,Pending,TRK1466366445,5,NONE,Google,100000,20000,3085000.0
ORD200335,2024-07-14,C16085,Headset,Aksesoris,3,1054000.0,Jl. Diponegoro No. 229,Palembang,Sumatera Selatan,E-Wallet,Pending,TRK1299783085,7,GRATISONGKIR,Tiktok,150000,35000,3047000.0
ORD200338,2023-12-30,C35207,Desk,Furniture,2,1171000.0,Jl. Kenanga No. 126,Bandung,Jawa Barat,COD,Cancelled,TRK2435033594,2,NONE,Referral,0,30000,2372000.0
ORD200339,2023-06-22,C93672,Tablet,Elektronik,4,3020000.0,Jl. Sudirman No. 216,Denpasar,Bali,E-Wallet,Paid,TRK6135582066,6,NONE,Website,150000,40000,11970000.0
ORD200340,2023-01-06,C31037,Keyboard,Aksesoris,1,760000.0,Jl. Kenanga No. 43,Medan,Sumatera Utara,Kartu Kredit,Shipped,TRK3540703347,3,HEMAT10,Website,0,40000,800000.0
ORD200341,2024-08-13,C82693,Headset,Aksesoris,1,1165000.0,Jl. Kenanga No. 71,Yogyakarta,Di Yogyakarta,Transfer Bank,Shipped,TRK2900631592,1,GRATISONGKIR,Google,150000,35000,1050000.0
ORD200342,2024-07-24,C10051,Router,Networking,1,1098000.0,Jl. Kenanga No. 79,Semarang,Jawa Tengah,E-Wallet,Returned,TRK1331532268,7,MIDYEAR15,Tiktok,0,40000,1138000.0
ORD200343,2024-09-28,C59704,Mouse,Aksesoris,2,98000.0,Jl. Mawar No. 147,Balikpapan,Kalimantan Timur,Transfer Bank,Paid,TRK2764889488,8,GRATISONGKIR,Facebook,0,40000,236000.0
ORD200344,2024-10-17,C92239,Switch,Networking,5,5145000.0,Jl. Kenanga No. 183,Semarang,Jawa Tengah,Unknown,Pending,TRK9702453631,2,NONE,Google,250000,20000,25495000.0
ORD200345,2023-12-27,C67632,Tablet,Elektronik,2,4343000.0,Jl. Anggrek No. 126,Bandung,Jawa Barat,E-Wallet,Cancelled,TRK1792395428,2,GRATISONGKIR,Facebook,100000,40000,8626000.0
ORD200347,2023-07-04,C43018,Webcam,Aksesoris,5,1103000.0,Jl. Mawar No. 239,Bandung,Jawa Barat,QRIS,Shipped,TRK9834013394,7,GRATISONGKIR,Google,150000,25000,5390000.0
ORD200348,2024-10-12,C22335,Switch,Networking,3,5621000.0,Jl. Kenanga No. 87,Denpasar,Bali,QRIS,Paid,TRK7059126218,6,NONE,Instagram,100000,35000,16798000.0
ORD200349,2024-12-08,C17380,Hdd,Storage,4,1522000.0,Jl. Mawar No. 124,Medan,Sumatera Utara,Transfer Bank,Pending,TRK7005225715,7,MIDYEAR15,Referral,50000,30000,6068000.0
ORD200350,2023-07-20,C71782,Desk,Furniture,1,2422000.0,Jl. Kenanga No. 110,Semarang,Jawa Tengah,Kartu Kredit,Delivered,TRK3127073750,8,MIDYEAR15,Referral,0,15000,2437000.0
ORD200352,2024-03-15,C13658,Phone,Elektronik,3,6454000.0,Jl. Sudirman No. 149,Medan,Sumatera Utara,Transfer Bank,Paid,TRK4605508373,8,HEMAT10,Instagram,150000,40000,19252000.0
ORD200353,2023-11-20,C92049,Ssd,Storage,5,662000.0,Jl. Kenanga No. 192,Makassar,Sulawesi Selatan,QRIS,Returned,TRK8707624170,8,HEMAT10,Google,100000,30000,3240000.0
ORD200355,2023-01-01,C89072,Chair,Furniture,5,687000.0,Jl. Mawar No. 55,Yogyakarta,Di Yogyakarta,QRIS,Cancelled,TRK5506778631,8,BELANJA5,Google,250000,30000,3215000.0
ORD200356,2023-09-05,C68856,Switch,Networking,1,2724000.0,Jl. Sudirman No. 109,Yogyakarta,Di Yogyakarta,QRIS,Cancelled,TRK7634415423,8,MIDYEAR15,Website,50000,15000,2689000.0
ORD200357,2024-02-19,C54232,Keyboard,Aksesoris,1,890000.0,Jl. Diponegoro No. 179,Balikpapan,Kalimantan Timur,QRIS,Delivered,TRK4800945528,2,MIDYEAR15,Website,100000,35000,825000.0
ORD200358,2024-12-01,C29220,Headset,Aksesoris,2,354000.0,Jl. Melati No. 92,Denpasar,Bali,E-Wallet,Returned,TRK6817160914,1,NONE,Tiktok,100000,30000,638000.0
ORD200359,2024-10-01,C76911,Ssd,Storage,4,1823000.0,Jl. Diponegoro No. 49,Palembang,Sumatera Selatan,Kartu Kredit,Returned,TRK7563097408,6,NONE,Tiktok,250000,25000,7067000.0
ORD200361,2023-01-08,C38176,Chair,Furniture,3,1044000.0,Jl. Sudirman No. 250,Jakarta,Dki Jakarta,QRIS,Paid,TRK5104045156,8,GRATISONGKIR,Tiktok,50000,20000,3102000.0
ORD200362,2024-11-13,C42063,Monitor,Elektronik,2,1334000.0,Jl. Melati No. 40,Balikpapan,Kalimantan Timur,E-Wallet,Returned,TRK8182004263,1,GRATISONGKIR,Tiktok,250000,15000,2433000.0
ORD200363,2024-12-30,C40060,Keyboard,Aksesoris,2,1194000.0,Jl. Melati No. 46,Balikpapan,Kalimantan Timur,QRIS,Cancelled,TRK8168151793,3,HEMAT10,Website,250000,30000,2168000.0
ORD200364,2024-03-29,C45670,Mouse,Aksesoris,3,575000.0,Jl. Kenanga No. 46,Jakarta,Dki Jakarta,QRIS,Returned,TRK0193247517,2,NONE,Instagram,0,40000,1765000.0
ORD200365,2023-07-24,C58703,Keyboard,Aksesoris,3,906000.0,Jl. Diponegoro No. 162,Yogyakarta,Di Yogyakarta,Kartu Kredit,Returned,TRK4418404084,5,BELANJA5,Referral,250000,30000,2498000.0
ORD200367,2024-04-05,C86633,Switch,Networking,1,5080000.0,Jl. Sudirman No. 241,Palembang,Sumatera Selatan,Transfer Bank,Shipped,TRK9222760130,1,NONE,Website,0,35000,5115000.0
ORD200368,2023-01-05,C33478,Chair,Furniture,4,1913000.0,Jl. Anggrek No. 14,Surabaya,Jawa Timur,E-Wallet,Delivered,TRK8012743464,7,NONE,Tiktok,100000,25000,7577000.0
ORD200369,2023-02-10,C63326,Flash Drive,Storage,2,361000.0,Jl. Kenanga No. 250,Palembang,Sumatera Selatan,Kartu Kredit,Paid,TRK5221642897,3,HEMAT10,Instagram,250000,20000,492000.0
ORD200370,2023-07-27,C65232,Flash Drive,Storage,3,419000.0,Jl. Diponegoro No. 115,Bandung,Jawa Barat,COD,Delivered,TRK2876921347,5,MIDYEAR15,Instagram,150000,30000,1137000.0
ORD200371,2023-08-05,C88754,Desk,Furniture,3,1852000.0,Jl. Kenanga No. 230,Denpasar,Bali,QRIS,Shipped,TRK6520225939,1,MIDYEAR15,Facebook,150000,40000,5446000.0
ORD200373,2024-05-24,C46408,Monitor,Elektronik,2,3786000.0,Jl. Melati No. 203,Balikpapan,Kalimantan Timur,Kartu Kredit,Returned,TRK0609606347,4,BELANJA5,Instagram,250000,25000,7347000.0
ORD200374,2023-04-07,C88968,Webcam,Aksesoris,4,1198000.0,Jl. Sudirman No. 45,Surabaya,Jawa Timur,E-Wallet,Pending,TRK8197181171,8,NONE,Referral,150000,40000,4682000.0
ORD200375,2023-03-03,C52659,Ssd,Storage,1,1018000.0,Jl. Kenanga No. 137,Medan,Sumatera Utara,QRIS,Pending,TRK7523077973,1,GRATISONGKIR,Facebook,100000,20000,938000.0
ORD200376,2024-07-04,C83800,Mouse,Aksesoris,2,599000.0,Jl. Anggrek No. 30,Semarang,Jawa Tengah,E-Wallet,Cancelled,TRK1696404276,4,BELANJA5,Facebook,50000,30000,1178000.0
ORD200377,2024-03-08,C37986,Desk,Furniture,1,1073000.0,Jl. Diponegoro No. 242,Balikpapan,Kalimantan Timur,Kartu Kredit,Returned,TRK8995503571,7,HEMAT10,Website,250000,15000,838000.0
ORD200378,2023-09-26,C83656,Desk,Furniture,2,2932000.0,Jl. Mawar No. 67,Jakarta,Dki Jakarta,Kartu Kredit,Paid,TRK3015766865,4,GRATISONGKIR,Referral,0,40000,5904000.0
ORD200379,2023-02-08,C79934,Webcam,Aksesoris,3,1196000.0,Jl. Kenanga No. 105,Denpasar,Bali,COD,Pending,TRK1270351896,3,NONE,Referral,100000,35000,3523000.0
ORD200380,2023-08-21,C70632,Mouse,Aksesoris,2,412000.0,Jl. Melati No. 127,Medan,Sumatera Utara,Kartu Kredit,Returned,TRK7798122168,8,NONE,Tiktok,250000,25000,599000.0
ORD200381,2023-05-16,C24322,Chair,Furniture,1,2247000.0,Jl. Anggrek No. 170,Jakarta,Dki Jakarta,Unknown,Shipped,TRK7583586792,7,BELANJA5,Referral,150000,25000,2122000.0
ORD200382,2024-06-14,C24709,Ssd,Storage,5,1709000.0,Jl. Sudirman No. 90,Bandung,Jawa Barat,Transfer Bank,Pending,TRK8204213307,3,NONE,Website,50000,15000,8510000.0
ORD200383,2024-08-31,C16058,Webcam,Aksesoris,4,1147000.0,Jl. Sudirman No. 214,Yogyakarta,Di Yogyakarta,E-Wallet,Paid,TRK6161313876,6,NONE,Tiktok,100000,35000,4523000.0
ORD200384,2023-05-24,C64389,Webcam,Aksesoris,2,733000.0,Jl. Anggrek No. 236,Palembang,Sumatera Selatan,Transfer Bank,Pending,TRK8494123423,8,NONE,Facebook,0,40000,1506000.0
ORD200385,2024-07-27,C19115,Flash Drive,Storage,5,70000.0,Jl. Anggrek No. 129,Semarang,Jawa Tengah,QRIS,Cancelled,TRK1588928232,7,HEMAT10,Tiktok,150000,30000,230000.0
ORD200386,2024-02-06,C12601,Monitor,Elektronik,4,3087000.0,Jl. Sudirman No. 126,Bandung,Jawa Barat,COD,Paid,TRK0126210427,6,NONE,Referral,0,25000,12373000.0
ORD200387,2024-03-13,C71780,Headset,Aksesoris,3,1437000.0,Jl. Kenanga No. 130,Palembang,Sumatera Selatan,Transfer Bank,Paid,TRK6267054249,7,NONE,Website,0,25000,4336000.0
ORD200388,2024-10-07,C94479,Router,Networking,2,1519000.0,Jl. Melati No. 28,Palembang,Sumatera Selatan,COD,Delivered,TRK7370750719,1,BELANJA5,Referral,150000,15000,2903000.0
ORD200389,2024-12-02,C19745,Hdd,Storage,2,1242000.0,Jl. Sudirman No. 197,Balikpapan,Kalimantan Timur,Unknown,Returned,TRK4799983339,8,NONE,Facebook,150000,15000,2349000.0
ORD200390,2024-01-16,C79533,Phone,Elektronik,5,5245000.0,Jl. Diponegoro No. 53,Bandung,Jawa Barat,Transfer Bank,Delivered,TRK2702011696,8,NONE,Tiktok,50000,40000,26215000.0
ORD200391,2024-05-15,C30496,Flash Drive,Storage,5,284000.0,Jl. Mawar No. 56,Makassar,Sulawesi Selatan,Unknown,Returned,TRK1576710514,2,MIDYEAR15,Website,0,20000,1440000.0
ORD200394,2023-11-29,C98994,Monitor,Elektronik,2,4683000.0,Jl. Diponegoro No. 95,Semarang,Jawa Tengah,E-Wallet,Shipped,TRK9165610610,4,MIDYEAR15,Website,100000,40000,9306000.0
ORD200395,2024-03-09,C22161,Chair,Furniture,2,1776000.0,Jl. Sudirman No. 82,Medan,Sumatera Utara,Kartu Kredit,Pending,TRK0804468224,1,HEMAT10,Website,0,25000,3577000.0
ORD200396,2023-01-21,C60873,Flash Drive,Storage,4,150000.0,Jl. Sudirman No. 172,Denpasar,Bali,QRIS,Paid,TRK5440594345,4,NONE,Facebook,150000,35000,485000.0
ORD200397,2024-02-27,C87187,Flash Drive,Storage,3,375000.0,Jl. Diponegoro No. 85,Balikpapan,Kalimantan Timur,Kartu Kredit,Returned,TRK8487412210,6,NONE,Referral,100000,25000,1050000.0
ORD200398,2024-01-26,C81192,Mouse,Aksesoris,2,542000.0,Jl. Anggrek No. 29,Makassar,Sulawesi Selatan,COD,Returned,TRK7935327105,3,GRATISONGKIR,Tiktok,50000,35000,1069000.0
ORD200401,2024-05-20,C42814,Switch,Networking,5,2585000.0,Jl. Sudirman No. 90,Surabaya,Jawa Timur,QRIS,Cancelled,TRK1290700127,8,BELANJA5,Tiktok,100000,35000,12860000.0
ORD200402,2024-07-30,C12796,Headset,Aksesoris,3,597000.0,Jl. Diponegoro No. 106,Balikpapan,Kalimantan Timur,Transfer Bank,Pending,TRK8279421014,7,MIDYEAR15,Instagram,150000,30000,1671000.0
ORD200403,2024-12-07,C46049,Webcam,Aksesoris,4,1621000.0,Jl. Sudirman No. 74,Medan,Sumatera Utara,E-Wallet,Pending,TRK8058375637,6,NONE,Tiktok,0,20000,6504000.0
ORD200404,2024-04-27,C45836,Printer,Elektronik,1,3910000.0,Jl. Diponegoro No. 3,Jakarta,Dki Jakarta,QRIS,Returned,TRK8980272368,3,HEMAT10,Referral,50000,15000,3875000.0
ORD200405,2024-03-18,C83401,Webcam,Aksesoris,1,348000.0,Jl. Anggrek No. 230,Balikpapan,Kalimantan Timur,E-Wallet,Delivered,TRK3003237266,3,NONE,Google,250000,35000,133000.0
ORD200406,2023-07-24,C26562,Webcam,Aksesoris,4,602000.0,Jl. Anggrek No. 146,Medan,Sumatera Utara,QRIS,Shipped,TRK1088635475,5,GRATISONGKIR,Tiktok,50000,20000,2378000.0
ORD200407,2023-04-13,C80689,Chair,Furniture,1,2080000.0,Jl. Kenanga No. 27,Makassar,Sulawesi Selatan,E-Wallet,Delivered,TRK4660599155,6,NONE,Tiktok,50000,15000,2045000.0
ORD200408,2024-01-12,C19421,Webcam,Aksesoris,5,731000.0,Jl. Anggrek No. 219,Semarang,Jawa Tengah,COD,Delivered,TRK2426223735,3,GRATISONGKIR,Facebook,250000,15000,3420000.0
ORD200409,2024-12-16,C49701,Keyboard,Aksesoris,4,186000.0,Jl. Diponegoro No. 226,Medan,Sumatera Utara,E-Wallet,Paid,TRK7663909640,6,MIDYEAR15,Instagram,100000,30000,674000.0
ORD200410,2024-05-05,C36535,Printer,Elektronik,5,1198000.0,Jl. Diponegoro No. 83,Medan,Sumatera Utara,COD,Returned,TRK1775654872,4,HEMAT10,Website,50000,15000,5955000.0
ORD200412,2023-09-23,C11583,Hdd,Storage,4,1359000.0,Jl. Mawar No. 171,Jakarta,Dki Jakarta,QRIS,Cancelled,TRK3138850874,7,HEMAT10,Tiktok,50000,15000,5401000.0
ORD200416,2023-04-16,C84842,Hdd,Storage,3,835000.0,Jl. Melati No. 72,Semarang,Jawa Tengah,Transfer Bank,Pending,TRK5436247294,8,HEMAT10,Website,150000,40000,2395000.0
ORD200417,2024-12-13,C18336,Keyboard,Aksesoris,3,1117000.0,Jl. Diponegoro No. 90,Denpasar,Bali,QRIS,Pending,TRK9771829407,3,GRATISONGKIR,Instagram,150000,20000,3221000.0
ORD200418,2023-11-05,C99934,Keyboard,Aksesoris,4,979000.0,Jl. Anggrek No. 234,Yogyakarta,Di Yogyakarta,COD,Pending,TRK6911915039,2,GRATISONGKIR,Referral,0,35000,3951000.0
ORD200419,2024-09-29,C36885,Tablet,Elektronik,5,2762000.0,Jl. Anggrek No. 125,Yogyakarta,Di Yogyakarta,E-Wallet,Cancelled,TRK8191958994,6,NONE,Referral,0,30000,13840000.0
ORD200420,2024-11-23,C39299,Ssd,Storage,3,839000.0,Jl. Sudirman No. 152,Palembang,Sumatera Selatan,Kartu Kredit,Paid,TRK0653462593,3,MIDYEAR15,Google,50000,20000,2487000.0
ORD200422,2023-11-11,C58728,Monitor,Elektronik,4,4879000.0,Jl. Anggrek No. 80,Medan,Sumatera Utara,Transfer Bank,Cancelled,TRK4613321899,1,HEMAT10,Facebook,150000,40000,19406000.0
ORD200423,2023-05-23,C13461,Flash Drive,Storage,2,392000.0,Jl. Melati No. 201,Yogyakarta,Di Yogyakarta,COD,Shipped,TRK7962391604,2,GRATISONGKIR,Tiktok,100000,15000,699000.0
ORD200425,2024-10-02,C60700,Switch,Networking,5,2025000.0,Jl. Diponegoro No. 231,Denpasar,Bali,COD,Delivered,TRK5141906506,4,HEMAT10,Website,250000,25000,9900000.0
ORD200426,2024-09-11,C50309,Router,Networking,1,2079000.0,Jl. Melati No. 140,Denpasar,Bali,QRIS,Pending,TRK1571092943,1,GRATISONGKIR,Instagram,150000,25000,1954000.0
ORD200428,2023-07-13,C31904,Monitor,Elektronik,2,4564000.0,Jl. Melati No. 114,Balikpapan,Kalimantan Timur,QRIS,Delivered,TRK9544466870,3,MIDYEAR15,Website,100000,25000,9053000.0
ORD200429,2023-11-20,C33498,Flash Drive,Storage,3,407000.0,Jl. Mawar No. 225,Bandung,Jawa Barat,E-Wallet,Returned,TRK1220137768,8,NONE,Website,250000,25000,996000.0
ORD200430,2023-03-27,C32840,Mouse,Aksesoris,1,552000.0,Jl. Mawar No. 229,Surabaya,Jawa Timur,Kartu Kredit,Shipped,TRK4185962163,6,MIDYEAR15,Referral,100000,30000,482000.0
ORD200431,2023-05-31,C16440,Keyboard,Aksesoris,1,363000.0,Jl. Anggrek No. 118,Semarang,Jawa Tengah,E-Wallet,Cancelled,TRK1749216932,8,MIDYEAR15,Referral,50000,30000,343000.0
ORD200432,2024-03-21,C62914,Headset,Aksesoris,5,228000.0,Jl. Sudirman No. 213,Yogyakarta,Di Yogyakarta,QRIS,Returned,TRK9818782953,5,GRATISONGKIR,Website,100000,20000,1060000.0
ORD200435,2024-10-31,C52743,Chair,Furniture,3,2263000.0,Jl. Sudirman No. 23,Yogyakarta,Di Yogyakarta,Transfer Bank,Paid,TRK2078792555,8,HEMAT10,Referral,100000,40000,6729000.0
ORD200436,2024-09-15,C32684,Keyboard,Aksesoris,1,299000.0,Jl. Anggrek No. 122,Surabaya,Jawa Timur,QRIS,Returned,TRK3697927887,3,BELANJA5,Facebook,50000,30000,279000.0
ORD200437,2023-12-24,C89729,Desk,Furniture,3,1174000.0,Jl. Kenanga No. 78,Palembang,Sumatera Selatan,E-Wallet,Paid,TRK8166098125,7,NONE,Instagram,100000,25000,3447000.0
ORD200438,2024-12-05,C89860,Mouse,Aksesoris,5,379000.0,Jl. Melati No. 35,Semarang,Jawa Tengah,E-Wallet,Cancelled,TRK8086909197,3,NONE,Tiktok,100000,20000,1815000.0
ORD200439,2023-11-20,C50180,Switch,Networking,1,5117000.0,Jl. Sudirman No. 43,Medan,Sumatera Utara,COD,Returned,TRK5163215492,1,MIDYEAR15,Instagram,150000,40000,5007000.0
ORD200440,2023-10-11,C70292,Ssd,Storage,2,2439000.0,Jl. Anggrek No. 66,Denpasar,Bali,E-Wallet,Shipped,TRK0376578905,5,GRATISONGKIR,Referral,50000,15000,4843000.0
ORD200441,2024-09-05,C74316,Ssd,Storage,1,1719000.0,Jl. Kenanga No. 31,Medan,Sumatera Utara,Kartu Kredit,Cancelled,TRK2147524067,1,NONE,Google,150000,30000,1599000.0
ORD200443,2024-12-07,C74604,Ssd,Storage,4,554000.0,Jl. Kenanga No. 113,Balikpapan,Kalimantan Timur,QRIS,Pending,TRK7518817017,7,HEMAT10,Facebook,250000,35000,2001000.0
ORD200444,2023-10-31,C25540,Monitor,Elektronik,2,4113000.0,Jl. Mawar No. 239,Yogyakarta,Di Yogyakarta,E-Wallet,Shipped,TRK9728363763,5,NONE,Tiktok,100000,15000,8141000.0
ORD200445,2023-09-30,C66341,Hdd,Storage,3,678000.0,Jl. Kenanga No. 179,Yogyakarta,Di Yogyakarta,E-Wallet,Shipped,TRK9592808438,6,NONE,Facebook,0,40000,2074000.0
ORD200446,2023-02-21,C32524,Ssd,Storage,5,1262000.0,Jl. Anggrek No. 192,Surabaya,Jawa Timur,E-Wallet,Cancelled,TRK6584695046,8,BELANJA5,Instagram,100000,35000,6245000.0
ORD200447,2024-02-05,C51669,Printer,Elektronik,4,5683000.0,Jl. Diponegoro No. 171,Yogyakarta,Di Yogyakarta,COD,Cancelled,TRK1166975628,6,MIDYEAR15,Facebook,250000,40000,22522000.0
ORD200449,2023-04-21,C41947,Hdd,Storage,5,581000.0,Jl. Anggrek No. 211,Denpasar,Bali,Kartu Kredit,Pending,TRK3144920660,4,NONE,Facebook,100000,15000,2820000.0
ORD200450,2024-05-17,C37876,Mouse,Aksesoris,5,172000.0,Jl. Diponegoro No. 68,Surabaya,Jawa Timur,QRIS,Cancelled,TRK5874592891,2,MIDYEAR15,Referral,0,20000,880000.0
ORD200451,2024-09-14,C16706,Desk,Furniture,3,3673000.0,Jl. Diponegoro No. 11,Semarang,Jawa Tengah,Transfer Bank,Cancelled,TRK0253346638,8,NONE,Website,250000,30000,10799000.0
ORD200452,2023-01-02,C23213,Phone,Elektronik,1,7818000.0,Jl. Melati No. 17,Bandung,Jawa Barat,E-Wallet,Paid,TRK1841413637,7,MIDYEAR15,Google,250000,20000,7588000.0
ORD200454,2024-07-24,C17990,Keyboard,Aksesoris,1,954000.0,Jl. Sudirman No. 27,Jakarta,Dki Jakarta,Unknown,Delivered,TRK4061461671,1,GRATISONGKIR,Instagram,100000,30000,884000.0
ORD200455,2024-07-05,C31462,Headset,Aksesoris,1,326000.0,Jl. Anggrek No. 142,Medan,Sumatera Utara,COD,Delivered,TRK4193451086,5,GRATISONGKIR,Google,50000,40000,316000.0
ORD200456,2023-04-17,C41685,Headset,Aksesoris,2,529000.0,Jl. Sudirman No. 93,Medan,Sumatera Utara,E-Wallet,Cancelled,TRK6533804298,8,MIDYEAR15,Google,150000,30000,938000.0
ORD200458,2024-04-13,C47904,Switch,Networking,5,5787000.0,Jl. Mawar No. 65,Balikpapan,Kalimantan Timur,COD,Delivered,TRK6985015169,7,NONE,Instagram,0,15000,28950000.0
ORD200459,2023-01-20,C92146,Monitor,Elektronik,2,4132000.0,Jl. Kenanga No. 123,Balikpapan,Kalimantan Timur,QRIS,Delivered,TRK0921294991,4,NONE,Facebook,100000,35000,8199000.0
ORD200460,2023-10-17,C35663,Headset,Aksesoris,5,1549000.0,Jl. Mawar No. 33,Denpasar,Bali,COD,Delivered,TRK0455849730,3,BELANJA5,Tiktok,250000,15000,7510000.0
ORD200461,2023-08-13,C68035,Ssd,Storage,3,1210000.0,Jl. Diponegoro No. 68,Yogyakarta,Di Yogyakarta,QRIS,Delivered,TRK2722571513,6,MIDYEAR15,Website,50000,25000,3605000.0
ORD200463,2023-03-14,C39748,Printer,Elektronik,1,5829000.0,Jl. Mawar No. 29,Balikpapan,Kalimantan Timur,COD,Delivered,TRK8467058126,4,NONE,Referral,250000,20000,5599000.0
ORD200465,2024-01-17,C45300,Headset,Aksesoris,5,1184000.0,Jl. Kenanga No. 12,Medan,Sumatera Utara,Kartu Kredit,Shipped,TRK2596659728,8,GRATISONGKIR,Referral,0,25000,5945000.0
ORD200466,2024-04-14,C91140,Chair,Furniture,3,1457000.0,Jl. Kenanga No. 122,Palembang,Sumatera Selatan,QRIS,Paid,TRK1995060492,1,BELANJA5,Tiktok,0,20000,4391000.0
ORD200468,2023-06-23,C38086,Desk,Furniture,3,989000.0,Jl. Anggrek No. 126,Palembang,Sumatera Selatan,Kartu Kredit,Shipped,TRK7523291729,2,MIDYEAR15,Instagram,150000,25000,2842000.0
ORD200469,2023-05-13,C69704,Keyboard,Aksesoris,1,795000.0,Jl. Kenanga No. 201,Palembang,Sumatera Selatan,E-Wallet,Shipped,TRK2255865210,5,BELANJA5,Tiktok,100000,35000,730000.0
ORD200470,2023-09-04,C60182,Flash Drive,Storage,5,70000.0,Jl. Diponegoro No. 1,Yogyakarta,Di Yogyakarta,E-Wallet,Cancelled,TRK9089110502,1,GRATISONGKIR,Tiktok,0,40000,390000.0
ORD200471,2023-11-11,C96155,Mouse,Aksesoris,5,397000.0,Jl. Kenanga No. 36,Surabaya,Jawa Timur,QRIS,Cancelled,TRK9960769225,1,MIDYEAR15,Instagram,50000,20000,1955000.0
ORD200472,2024-01-29,C69214,Keyboard,Aksesoris,5,200000.0,Jl. Diponegoro No. 71,Jakarta,Dki Jakarta,QRIS,Delivered,TRK0292521256,8,NONE,Google,250000,30000,780000.0
ORD200473,2024-03-28,C35988,Desk,Furniture,4,2366000.0,Jl. Sudirman No. 27,Yogyakarta,Di Yogyakarta,E-Wallet,Returned,TRK7359748839,8,NONE,Referral,150000,15000,9329000.0
ORD200474,2024-05-02,C10972,Printer,Elektronik,3,2904000.0,Jl. Anggrek No. 136,Jakarta,Dki Jakarta,Transfer Bank,Shipped,TRK3675413708,4,NONE,Referral,250000,40000,8502000.0
ORD200476,2023-02-14,C60365,Ssd,Storage,3,583000.0,Jl. Sudirman No. 235,Palembang,Sumatera Selatan,Transfer Bank,Paid,TRK1373075709,2,HEMAT10,Google,50000,30000,1729000.0
ORD200477,2024-01-26,C85506,Keyboard,Aksesoris,1,457000.0,Jl. Melati No. 31,Medan,Sumatera Utara,E-Wallet,Delivered,TRK8469830544,7,NONE,Instagram,50000,20000,427000.0
ORD200478,2024-11-27,C82972,Tablet,Elektronik,4,5349000.0,Jl. Sudirman No. 162,Yogyakarta,Di Yogyakarta,COD,Returned,TRK2773490761,6,BELANJA5,Tiktok,150000,40000,21286000.0
ORD200480,2024-04-23,C55275,Keyboard,Aksesoris,1,931000.0,Jl. Melati No. 2,Medan,Sumatera Utara,Transfer Bank,Shipped,TRK8850037450,7,NONE,Facebook,150000,30000,811000.0
ORD200482,2023-05-07,C11641,Webcam,Aksesoris,1,747000.0,Jl. Kenanga No. 141,Makassar,Sulawesi Selatan,Unknown,Returned,TRK6304598015,5,NONE,Facebook,250000,25000,522000.0
ORD200483,2024-10-15,C25213,Switch,Networking,1,1850000.0,Jl. Diponegoro No. 139,Balikpapan,Kalimantan Timur,E-Wallet,Cancelled,TRK1457388147,7,NONE,Website,150000,30000,1730000.0
ORD200484,2024-05-20,C67475,Keyboard,Aksesoris,1,707000.0,Jl. Diponegoro No. 27,Semarang,Jawa Tengah,Kartu Kredit,Returned,TRK6194568590,7,NONE,Facebook,150000,20000,577000.0
ORD200485,2023-05-05,C81810,Phone,Elektronik,5,8638000.0,Jl. Anggrek No. 221,Surabaya,Jawa Timur,QRIS,Shipped,TRK5311771502,4,NONE,Facebook,0,15000,43205000.0
ORD200486,2023-10-19,C31028,Router,Networking,3,1025000.0,Jl. Melati No. 115,Palembang,Sumatera Selatan,QRIS,Returned,TRK6526541658,1,NONE,Instagram,250000,20000,2845000.0
ORD200487,2024-02-27,C26565,Switch,Networking,3,5404000.0,Jl. Diponegoro No. 40,Yogyakarta,Di Yogyakarta,COD,Shipped,TRK4684078944,6,NONE,Facebook,50000,30000,16192000.0
ORD200488,2023-11-15,C83065,Keyboard,Aksesoris,3,302000.0,Jl. Mawar No. 170,Yogyakarta,Di Yogyakarta,QRIS,Delivered,TRK8014419103,4,MIDYEAR15,Website,0,30000,936000.0
ORD200489,2024-02-11,C10458,Webcam,Aksesoris,2,1468000.0,Jl. Diponegoro No. 191,Palembang,Sumatera Selatan,E-Wallet,Shipped,TRK8783826719,4,HEMAT10,Tiktok,150000,30000,2816000.0
ORD200490,2024-09-18,C57445,Keyboard,Aksesoris,5,1029000.0,Jl. Kenanga No. 245,Denpasar,Bali,QRIS,Pending,TRK2300881726,7,NONE,Referral,0,35000,5180000.0
ORD200491,2023-02-24,C16230,Chair,Furniture,1,2028000.0,Jl. Anggrek No. 97,Palembang,Sumatera Selatan,COD,Shipped,TRK2445093489,4,NONE,Referral,100000,35000,1963000.0
ORD200492,2023-12-04,C92233,Monitor,Elektronik,4,4352000.0,Jl. Melati No. 96,Yogyakarta,Di Yogyakarta,Transfer Bank,Shipped,TRK2693723842,4,HEMAT10,Google,0,20000,17428000.0
ORD200493,2023-12-11,C17117,Mouse,Aksesoris,1,336000.0,Jl. Sudirman No. 77,Denpasar,Bali,E-Wallet,Cancelled,TRK9204205345,1,NONE,Instagram,250000,35000,121000.0
ORD200494,2023-03-23,C11039,Flash Drive,Storage,3,378000.0,Jl. Anggrek No. 164,Bandung,Jawa Barat,QRIS,Pending,TRK9661834075,5,BELANJA5,Website,0,40000,1174000.0
ORD200495,2024-10-13,C78530,Monitor,Elektronik,2,3781000.0,Jl. Mawar No. 97,Bandung,Jawa Barat,E-Wallet,Paid,TRK5583918243,6,MIDYEAR15,Facebook,100000,15000,7477000.0
ORD200496,2024-10-23,C93851,Headset,Aksesoris,4,1117000.0,Jl. Diponegoro No. 114,Surabaya,Jawa Timur,Transfer Bank,Returned,TRK5491728294,3,BELANJA5,Instagram,250000,35000,4253000.0
ORD200497,2023-03-25,C51677,Mouse,Aksesoris,5,356000.0,Jl. Anggrek No. 73,Denpasar,Bali,QRIS,Cancelled,TRK7027222465,1,BELANJA5,Google,250000,20000,1550000.0
ORD200498,2024-12-13,C16582,Printer,Elektronik,2,5178000.0,Jl. Anggrek No. 42,Surabaya,Jawa Timur,QRIS,Pending,TRK7604478775,8,NONE,Tiktok,250000,25000,10131000.0
ORD200499,2024-12-09,C95074,Headset,Aksesoris,4,1327000.0,Jl. Diponegoro No. 198,Semarang,Jawa Tengah,Kartu Kredit,Cancelled,TRK3101919687,8,NONE,Tiktok,50000,20000,5278000.0
ORD200500,2024-03-13,C54675,Flash Drive,Storage,1,297000.0,Jl. Anggrek No. 42,Jakarta,Dki Jakarta,E-Wallet,Cancelled,TRK3603487901,3,GRATISONGKIR,Referral,150000,40000,187000.0
ORD200501,2024-01-11,C24500,Mouse,Aksesoris,5,489000.0,Jl. Mawar No. 134,Surabaya,Jawa Timur,E-Wallet,Returned,TRK8070446624,1,BELANJA5,Website,250000,40000,2235000.0
ORD200502,2024-03-16,C73054,Monitor,Elektronik,2,4933000.0,Jl. Diponegoro No. 105,Unknown,Sulawesi Selatan,Transfer Bank,Cancelled,TRK9138390352,8,GRATISONGKIR,Tiktok,0,20000,9886000.0
ORD200503,2023-12-06,C30989,Headset,Aksesoris,3,1050000.0,Jl. Anggrek No. 147,Denpasar,Bali,COD,Paid,TRK4921040778,4,NONE,Referral,150000,20000,3020000.0
ORD200504,2024-02-29,C19010,Keyboard,Aksesoris,2,1004000.0,Jl. Mawar No. 192,Balikpapan,Kalimantan Timur,COD,Paid,TRK5926865933,8,GRATISONGKIR,Tiktok,150000,30000,1888000.0
ORD200505,2023-03-18,C68831,Monitor,Elektronik,2,4454000.0,Jl. Sudirman No. 192,Yogyakarta,Di Yogyakarta,E-Wallet,Delivered,TRK6283169733,3,HEMAT10,Facebook,50000,40000,8898000.0
ORD200507,2024-07-26,C12012,Monitor,Elektronik,5,1824000.0,Jl. Diponegoro No. 63,Medan,Sumatera Utara,QRIS,Cancelled,TRK2856391077,4,BELANJA5,Website,50000,40000,9110000.0
ORD200509,2024-10-13,C21680,Headset,Aksesoris,4,1375000.0,Jl. Melati No. 149,Semarang,Jawa Tengah,COD,Pending,TRK1646093172,6,MIDYEAR15,Google,250000,15000,5265000.0
ORD200510,2023-01-29,C62789,Hdd,Storage,3,855000.0,Jl. Sudirman No. 213,Medan,Sumatera Utara,COD,Cancelled,TRK3944932432,2,MIDYEAR15,Referral,100000,25000,2490000.0
ORD200511,2023-08-09,C23344,Router,Networking,1,804000.0,Jl. Sudirman No. 81,Yogyakarta,Di Yogyakarta,E-Wallet,Pending,TRK0242850389,1,HEMAT10,Facebook,100000,15000,719000.0
ORD200512,2024-05-07,C76462,Printer,Elektronik,1,5308000.0,Jl. Melati No. 92,Jakarta,Dki Jakarta,E-Wallet,Paid,TRK4355719475,3,BELANJA5,Facebook,50000,20000,5278000.0
ORD200513,2023-04-23,C40397,Keyboard,Aksesoris,4,744000.0,Jl. Melati No. 216,Semarang,Jawa Tengah,Transfer Bank,Paid,TRK9058762423,1,NONE,Google,50000,20000,2946000.0
ORD200514,2023-09-21,C92958,Desk,Furniture,1,3538000.0,Jl. Anggrek No. 240,Jakarta,Dki Jakarta,Kartu Kredit,Delivered,TRK8851487377,3,GRATISONGKIR,Facebook,150000,20000,3408000.0
ORD200516,2023-11-16,C90796,Tablet,Elektronik,5,7659000.0,Jl. Sudirman No. 71,Palembang,Sumatera Selatan,Unknown,Delivered,TRK9110265981,4,NONE,Google,250000,40000,38085000.0
ORD200518,2023-01-04,C43545,Flash Drive,Storage,1,202000.0,Jl. Mawar No. 246,Semarang,Jawa Tengah,Transfer Bank,Shipped,TRK4616109167,3,NONE,Facebook,150000,30000,82000.0
ORD200519,2024-05-16,C25612,Desk,Furniture,5,1874000.0,Jl. Melati No. 156,Yogyakarta,Di Yogyakarta,QRIS,Shipped,TRK4241307970,8,MIDYEAR15,Tiktok,150000,20000,9240000.0
ORD200520,2024-07-07,C42027,Printer,Elektronik,1,2604000.0,Jl. Sudirman No. 79,Bandung,Jawa Barat,QRIS,Paid,TRK4039201879,4,GRATISONGKIR,Referral,0,15000,2619000.0
ORD200521,2023-08-04,C17458,Headset,Aksesoris,3,301000.0,Jl. Kenanga No. 198,Medan,Sumatera Utara,QRIS,Pending,TRK8933924531,4,BELANJA5,Facebook,150000,25000,778000.0
ORD200522,2023-01-19,C69292,Flash Drive,Storage,4,99000.0,Jl. Sudirman No. 155,Jakarta,Dki Jakarta,Transfer Bank,Shipped,TRK2837826209,6,BELANJA5,Tiktok,50000,40000,386000.0
ORD200523,2023-11-22,C87256,Ssd,Storage,5,717000.0,Jl. Mawar No. 53,Semarang,Jawa Tengah,COD,Pending,TRK8728347045,3,HEMAT10,Website,250000,35000,3370000.0
ORD200524,2024-12-13,C11977,Flash Drive,Storage,1,287000.0,Jl. Anggrek No. 215,Balikpapan,Kalimantan Timur,QRIS,Cancelled,TRK9529296334,5,GRATISONGKIR,Referral,0,25000,312000.0
ORD200525,2024-12-16,C55416,Headset,Aksesoris,3,169000.0,Jl. Kenanga No. 59,Jakarta,Dki Jakarta,COD,Returned,TRK9393244948,2,BELANJA5,Facebook,150000,20000,377000.0
ORD200526,2023-03-12,C14895,Hdd,Storage,3,3378000.0,Jl. Anggrek No. 226,Makassar,Sulawesi Selatan,COD,Paid,TRK5182716372,4,GRATISONGKIR,Instagram,100000,30000,10064000.0
ORD200527,2023-02-09,C67843,Hdd,Storage,5,1239000.0,Jl. Mawar No. 24,Balikpapan,Kalimantan Timur,QRIS,Cancelled,TRK2685038263,1,NONE,Google,250000,25000,5970000.0
ORD200528,2024-08-22,C98522,Hdd,Storage,5,3046000.0,Jl. Mawar No. 53,Yogyakarta,Di Yogyakarta,Kartu Kredit,Returned,TRK6837863497,6,NONE,Facebook,100000,15000,15145000.0
ORD200529,2024-01-01,C54809,Flash Drive,Storage,2,268000.0,Jl. Mawar No. 101,Semarang,Jawa Tengah,COD,Paid,TRK8005742943,2,NONE,Instagram,150000,40000,426000.0
ORD200531,2024-10-04,C65718,Ssd,Storage,2,1882000.0,Jl. Mawar No. 121,Makassar,Sulawesi Selatan,QRIS,Shipped,TRK4035178188,6,MIDYEAR15,Website,150000,30000,3644000.0
ORD200532,2023-10-24,C46668,Monitor,Elektronik,1,1207000.0,Jl. Kenanga No. 92,Palembang,Sumatera Selatan,Transfer Bank,Delivered,TRK6444303753,3,NONE,Instagram,150000,20000,1077000.0
ORD200533,2023-03-11,C73658,Desk,Furniture,1,3043000.0,Jl. Melati No. 93,Surabaya,Jawa Timur,Transfer Bank,Cancelled,TRK3143555441,3,MIDYEAR15,Facebook,0,35000,3078000.0
ORD200535,2024-05-01,C16286,Monitor,Elektronik,4,3067000.0,Jl. Anggrek No. 83,Palembang,Sumatera Selatan,Transfer Bank,Pending,TRK2710744684,3,GRATISONGKIR,Google,0,25000,12293000.0
ORD200537,2024-05-22,C20061,Webcam,Aksesoris,3,962000.0,Jl. Diponegoro No. 216,Semarang,Jawa Tengah,Transfer Bank,Shipped,TRK2495223827,7,NONE,Instagram,50000,40000,2876000.0
ORD200538,2023-02-04,C26218,Hdd,Storage,4,600000.0,Jl. Kenanga No. 172,Semarang,Jawa Tengah,QRIS,Returned,TRK7925392505,4,BELANJA5,Website,250000,25000,2175000.0
ORD200540,2024-05-30,C96161,Keyboard,Aksesoris,1,400000.0,Jl. Melati No. 250,Palembang,Sumatera Selatan,E-Wallet,Delivered,TRK9818488357,8,GRATISONGKIR,Instagram,0,20000,420000.0
ORD200541,2023-02-07,C86057,Printer,Elektronik,5,5067000.0,Jl. Mawar No. 61,Denpasar,Bali,COD,Delivered,TRK2653137894,5,NONE,Website,150000,30000,25215000.0
ORD200542,2023-08-28,C61131,Mouse,Aksesoris,4,522000.0,Jl. Kenanga No. 178,Yogyakarta,Di Yogyakarta,QRIS,Delivered,TRK5130164519,1,GRATISONGKIR,Website,150000,40000,1978000.0
ORD200543,2024-08-12,C41977,Desk,Furniture,4,2301000.0,Jl. Melati No. 89,Surabaya,Jawa Timur,Kartu Kredit,Delivered,TRK1217012502,7,NONE,Instagram,150000,40000,9094000.0
ORD200544,2023-10-14,C18127,Flash Drive,Storage,2,121000.0,Jl. Diponegoro No. 2,Denpasar,Bali,Transfer Bank,Paid,TRK5148116139,6,NONE,Website,50000,15000,207000.0
ORD200548,2023-02-06,C64303,Headset,Aksesoris,3,533000.0,Jl. Kenanga No. 192,Medan,Sumatera Utara,COD,Paid,TRK0091215618,5,HEMAT10,Website,0,25000,1624000.0
ORD200549,2024-11-02,C77419,Router,Networking,4,854000.0,Jl. Mawar No. 178,Surabaya,Jawa Timur,Transfer Bank,Pending,TRK5555349103,3,GRATISONGKIR,Website,250000,40000,3206000.0
ORD200550,2024-07-14,C44399,Monitor,Elektronik,2,2816000.0,Jl. Anggrek No. 197,Balikpapan,Kalimantan Timur,COD,Returned,TRK3558017387,3,MIDYEAR15,Google,150000,30000,5512000.0
ORD200553,2023-04-27,C95249,Webcam,Aksesoris,1,895000.0,Jl. Anggrek No. 190,Makassar,Sulawesi Selatan,COD,Pending,TRK5016553399,5,NONE,Website,250000,20000,665000.0
ORD200554,2024-07-14,C65006,Mouse,Aksesoris,5,467000.0,Jl. Kenanga No. 98,Palembang,Sumatera Selatan,Transfer Bank,Shipped,TRK4386373440,1,NONE,Referral,150000,35000,2220000.0
ORD200555,2023-04-12,C65813,Ssd,Storage,1,1582000.0,Jl. Mawar No. 8,Makassar,Sulawesi Selatan,Transfer Bank,Pending,TRK1137194442,3,HEMAT10,Google,250000,35000,1367000.0
ORD200556,2024-10-14,C36195,Desk,Furniture,4,3739000.0,Jl. Anggrek No. 140,Denpasar,Bali,Kartu Kredit,Cancelled,TRK6710145325,8,GRATISONGKIR,Tiktok,50000,35000,14941000.0
ORD200557,2024-04-17,C33818,Router,Networking,4,509000.0,Jl. Melati No. 21,Medan,Sumatera Utara,QRIS,Pending,TRK5140728154,2,BELANJA5,Instagram,50000,35000,2021000.0
ORD200558,2024-04-03,C52561,Router,Networking,5,392000.0,Jl. Melati No. 189,Medan,Sumatera Utara,E-Wallet,Returned,TRK6531511688,4,NONE,Facebook,50000,20000,1930000.0
ORD200559,2023-12-03,C58883,Headset,Aksesoris,5,679000.0,Jl. Sudirman No. 125,Makassar,Sulawesi Selatan,Transfer Bank,Shipped,TRK1826544362,5,HEMAT10,Facebook,50000,30000,3375000.0
ORD200560,2024-10-17,C94950,Hdd,Storage,5,1001000.0,Jl. Melati No. 180,Denpasar,Bali,Transfer Bank,Paid,TRK3959559023,5,NONE,Referral,50000,40000,4995000.0
ORD200561,2023-08-04,C45534,Hdd,Storage,3,2774000.0,Jl. Mawar No. 100,Semarang,Jawa Tengah,COD,Pending,TRK9602324502,6,GRATISONGKIR,Tiktok,150000,25000,8197000.0
ORD200562,2024-11-23,C47473,Keyboard,Aksesoris,4,702000.0,Jl. Melati No. 81,Bandung,Jawa Barat,E-Wallet,Cancelled,TRK5255919439,4,NONE,Tiktok,0,35000,2843000.0
ORD200563,2024-12-08,C36545,Ssd,Storage,1,1018000.0,Jl. Sudirman No. 204,Surabaya,Jawa Timur,QRIS,Returned,TRK4290496626,1,GRATISONGKIR,Website,150000,30000,898000.0
ORD200565,2023-12-26,C25846,Printer,Elektronik,3,1798000.0,Jl. Diponegoro No. 38,Bandung,Jawa Barat,COD,Cancelled,TRK2495419309,4,HEMAT10,Tiktok,50000,25000,5369000.0
ORD200566,2024-12-07,C89167,Keyboard,Aksesoris,4,1039000.0,Jl. Anggrek No. 16,Balikpapan,Kalimantan Timur,E-Wallet,Cancelled,TRK2640084035,5,MIDYEAR15,Instagram,150000,35000,4041000.0
ORD200567,2023-02-26,C15554,Printer,Elektronik,5,3672000.0,Jl. Melati No. 17,Palembang,Sumatera Selatan,Transfer Bank,Shipped,TRK8994091072,2,HEMAT10,Google,50000,35000,18345000.0
ORD200568,2024-03-05,C76032,Keyboard,Aksesoris,1,757000.0,Jl. Kenanga No. 69,Semarang,Jawa Tengah,COD,Shipped,TRK4982126759,1,BELANJA5,Instagram,250000,15000,522000.0
ORD200570,2024-05-20,C19185,Phone,Elektronik,5,5407000.0,Jl. Sudirman No. 128,Surabaya,Jawa Timur,QRIS,Pending,TRK4964543697,7,MIDYEAR15,Referral,0,25000,27060000.0
ORD200572,2023-10-28,C96527,Mouse,Aksesoris,1,250000.0,Jl. Anggrek No. 23,Yogyakarta,Di Yogyakarta,Transfer Bank,Returned,TRK7773432269,3,NONE,Facebook,100000,15000,165000.0
ORD200573,2024-09-05,C46852,Keyboard,Aksesoris,3,778000.0,Jl. Melati No. 13,Yogyakarta,Di Yogyakarta,QRIS,Delivered,TRK7036095445,1,BELANJA5,Tiktok,0,40000,2374000.0
ORD200574,2024-01-19,C76026,Headset,Aksesoris,5,484000.0,Jl. Kenanga No. 62,Semarang,Jawa Tengah,Kartu Kredit,Shipped,TRK3694200273,8,HEMAT10,Instagram,150000,30000,2300000.0
ORD200575,2023-09-14,C74435,Switch,Networking,2,6714000.0,Jl. Melati No. 154,Semarang,Jawa Tengah,QRIS,Shipped,TRK0432091816,4,HEMAT10,Tiktok,100000,40000,13368000.0
ORD200576,2024-08-25,C50898,Keyboard,Aksesoris,4,656000.0,Jl. Kenanga No. 190,Jakarta,Dki Jakarta,Kartu Kredit,Delivered,TRK0752181533,3,HEMAT10,Website,0,20000,2644000.0
ORD200579,2024-06-08,C52422,Webcam,Aksesoris,4,616000.0,Jl. Melati No. 193,Makassar,Sulawesi Selatan,Transfer Bank,Cancelled,TRK1089218932,8,BELANJA5,Website,250000,40000,2254000.0
ORD200580,2023-11-02,C96953,Webcam,Aksesoris,1,457000.0,Jl. Mawar No. 47,Denpasar,Bali,COD,Cancelled,TRK2770515488,5,NONE,Website,100000,40000,397000.0
ORD200581,2024-03-08,C56197,Printer,Elektronik,1,1120000.0,Jl. Sudirman No. 40,Makassar,Sulawesi Selatan,E-Wallet,Pending,TRK6818509901,7,BELANJA5,Tiktok,0,20000,1140000.0
ORD200582,2024-12-26,C23301,Mouse,Aksesoris,3,119000.0,Jl. Sudirman No. 213,Semarang,Jawa Tengah,E-Wallet,Cancelled,TRK4681728595,3,HEMAT10,Referral,250000,15000,122000.0
ORD200583,2024-12-18,C40639,Switch,Networking,4,3669000.0,Jl. Sudirman No. 53,Medan,Sumatera Utara,Transfer Bank,Paid,TRK9391226804,1,MIDYEAR15,Instagram,150000,30000,14556000.0
ORD200584,2023-04-08,C11397,Hdd,Storage,1,1981000.0,Jl. Kenanga No. 121,Bandung,Jawa Barat,E-Wallet,Pending,TRK3860326740,8,BELANJA5,Tiktok,150000,15000,1846000.0
ORD200585,2024-06-28,C73860,Keyboard,Aksesoris,4,376000.0,Jl. Anggrek No. 232,Jakarta,Dki Jakarta,Kartu Kredit,Paid,TRK4288919117,4,GRATISONGKIR,Facebook,0,40000,1544000.0
ORD200586,2023-10-03,C87184,Keyboard,Aksesoris,1,680000.0,Jl. Sudirman No. 95,Balikpapan,Kalimantan Timur,Transfer Bank,Paid,TRK5263648713,8,NONE,Tiktok,0,15000,695000.0
ORD200587,2023-10-31,C87730,Hdd,Storage,3,1452000.0,Jl. Anggrek No. 71,Makassar,Sulawesi Selatan,COD,Pending,TRK1174709303,7,NONE,Referral,50000,30000,4336000.0
ORD200589,2023-04-17,C17607,Printer,Elektronik,4,1391000.0,Jl. Mawar No. 49,Bandung,Jawa Barat,Transfer Bank,Shipped,TRK7207692155,7,NONE,Google,50000,40000,5554000.0
ORD200590,2023-12-11,C88654,Monitor,Elektronik,3,2828000.0,Jl. Kenanga No. 100,Semarang,Jawa Tengah,Transfer Bank,Delivered,TRK1521286098,2,NONE,Website,250000,20000,8254000.0
ORD200591,2023-10-30,C37674,Desk,Furniture,4,3521000.0,Jl. Melati No. 99,Medan,Sumatera Utara,Kartu Kredit,Shipped,TRK0228219499,4,GRATISONGKIR,Facebook,0,20000,14104000.0
ORD200592,2024-05-28,C78227,Ssd,Storage,1,1812000.0,Jl. Melati No. 186,Jakarta,Dki Jakarta,Transfer Bank,Delivered,TRK2003985208,4,NONE,Facebook,100000,30000,1742000.0
ORD200593,2023-02-25,C38782,Webcam,Aksesoris,2,697000.0,Jl. Diponegoro No. 64,Semarang,Jawa Tengah,Transfer Bank,Cancelled,TRK7717949228,3,BELANJA5,Facebook,0,40000,1434000.0
ORD200594,2024-10-12,C93631,Switch,Networking,5,1833000.0,Jl. Diponegoro No. 3,Balikpapan,Kalimantan Timur,COD,Paid,TRK0705802936,8,NONE,Tiktok,50000,30000,9145000.0
ORD200595,2023-09-10,C88566,Webcam,Aksesoris,4,1478000.0,Jl. Mawar No. 130,Balikpapan,Kalimantan Timur,Transfer Bank,Pending,TRK3830109042,1,HEMAT10,Website,100000,30000,5842000.0
ORD200596,2024-08-16,C35820,Tablet,Elektronik,2,7971000.0,Jl. Diponegoro No. 158,Surabaya,Jawa Timur,QRIS,Paid,TRK4545147740,7,GRATISONGKIR,Website,150000,25000,15817000.0
ORD200600,2023-11-13,C38729,Keyboard,Aksesoris,5,763000.0,Jl. Melati No. 29,Jakarta,Dki Jakarta,Transfer Bank,Shipped,TRK5056496666,2,GRATISONGKIR,Referral,100000,30000,3745000.0
ORD200601,2023-10-03,C95652,Tablet,Elektronik,2,3944000.0,Jl. Anggrek No. 53,Unknown,Dki Jakarta,QRIS,Cancelled,TRK4193169183,8,NONE,Facebook,0,20000,7908000.0
ORD200602,2023-03-09,C81747,Headset,Aksesoris,1,883000.0,Jl. Diponegoro No. 138,Medan,Sumatera Utara,Kartu Kredit,Pending,TRK8147249005,2,HEMAT10,Google,250000,25000,658000.0
ORD200603,2023-09-22,C27302,Desk,Furniture,2,1384000.0,Jl. Melati No. 15,Surabaya,Jawa Timur,QRIS,Returned,TRK7146126049,4,GRATISONGKIR,Google,150000,35000,2653000.0
ORD200605,2023-03-04,C48107,Keyboard,Aksesoris,5,472000.0,Jl. Melati No. 242,Makassar,Sulawesi Selatan,Transfer Bank,Pending,TRK3031875615,6,NONE,Google,50000,35000,2345000.0
ORD200606,2024-12-04,C79147,Chair,Furniture,4,1698000.0,Jl. Melati No. 226,Semarang,Jawa Tengah,Transfer Bank,Returned,TRK2494201797,8,HEMAT10,Website,150000,20000,6662000.0
ORD200607,2024-09-24,C81316,Desk,Furniture,4,2485000.0,Jl. Diponegoro No. 203,Surabaya,Jawa Timur,E-Wallet,Paid,TRK4633339853,6,GRATISONGKIR,Referral,100000,15000,9855000.0
ORD200608,2023-09-28,C61885,Monitor,Elektronik,2,2249000.0,Jl. Mawar No. 157,Jakarta,Dki Jakarta,Transfer Bank,Paid,TRK2715565645,3,HEMAT10,Website,150000,20000,4368000.0
ORD200609,2023-06-18,C43628,Flash Drive,Storage,3,128000.0,Jl. Anggrek No. 14,Makassar,Sulawesi Selatan,Transfer Bank,Delivered,TRK5570626722,8,NONE,Referral,250000,25000,159000.0
ORD200610,2024-11-27,C83320,Webcam,Aksesoris,2,746000.0,Jl. Diponegoro No. 88,Medan,Sumatera Utara,Kartu Kredit,Pending,TRK6672362517,5,HEMAT10,Facebook,250000,20000,1262000.0
ORD200611,2024-02-11,C51701,Phone,Elektronik,3,1871000.0,Jl. Diponegoro No. 130,Denpasar,Bali,E-Wallet,Shipped,TRK8457345178,5,BELANJA5,Website,250000,15000,5378000.0
ORD200612,2024-03-04,C87826,Chair,Furniture,1,1889000.0,Jl. Kenanga No. 113,Yogyakarta,Di Yogyakarta,QRIS,Pending,TRK4599253826,6,MIDYEAR15,Facebook,150000,25000,1764000.0
ORD200614,2024-10-25,C47281,Phone,Elektronik,3,7499000.0,Jl. Mawar No. 178,Denpasar,Bali,E-Wallet,Cancelled,TRK0279618088,2,NONE,Website,50000,20000,22467000.0
ORD200616,2024-02-28,C63641,Hdd,Storage,4,931000.0,Jl. Kenanga No. 113,Semarang,Jawa Tengah,QRIS,Pending,TRK9797778869,5,MIDYEAR15,Tiktok,100000,30000,3654000.0
ORD200618,2023-09-18,C95308,Switch,Networking,2,4370000.0,Jl. Melati No. 58,Semarang,Jawa Tengah,Kartu Kredit,Shipped,TRK1803212444,6,MIDYEAR15,Tiktok,0,20000,8760000.0
ORD200620,2023-04-26,C58670,Mouse,Aksesoris,2,523000.0,Jl. Mawar No. 33,Unknown,Bali,Kartu Kredit,Shipped,TRK5023934708,4,NONE,Referral,150000,25000,921000.0
ORD200621,2024-01-16,C81195,Mouse,Aksesoris,3,224000.0,Jl. Anggrek No. 65,Balikpapan,Kalimantan Timur,E-Wallet,Shipped,TRK7452473682,5,GRATISONGKIR,Website,100000,25000,597000.0
ORD200622,2023-01-22,C82553,Chair,Furniture,3,889000.0,Jl. Sudirman No. 189,Denpasar,Bali,E-Wallet,Shipped,TRK9016719125,5,MIDYEAR15,Facebook,0,30000,2697000.0
ORD200623,2023-10-28,C49520,Headset,Aksesoris,5,827000.0,Jl. Kenanga No. 15,Palembang,Sumatera Selatan,COD,Delivered,TRK6480946622,6,BELANJA5,Referral,150000,25000,4010000.0
ORD200625,2024-09-23,C59153,Monitor,Elektronik,4,2281000.0,Jl. Melati No. 38,Denpasar,Bali,Transfer Bank,Cancelled,TRK8504725391,5,NONE,Google,250000,15000,8889000.0
ORD200626,2023-11-27,C32696,Tablet,Elektronik,5,7777000.0,Jl. Sudirman No. 65,Yogyakarta,Di Yogyakarta,Kartu Kredit,Cancelled,TRK5570317243,3,GRATISONGKIR,Tiktok,100000,25000,38810000.0
ORD200627,2023-12-03,C12783,Chair,Furniture,1,841000.0,Jl. Melati No. 242,Denpasar,Bali,Transfer Bank,Delivered,TRK1564751907,4,NONE,Website,0,35000,876000.0
ORD200628,2023-01-21,C90827,Headset,Aksesoris,5,428000.0,Jl. Melati No. 96,Bandung,Jawa Barat,COD,Delivered,TRK0467572631,8,HEMAT10,Website,100000,35000,2075000.0
ORD200629,2024-02-02,C98918,Hdd,Storage,3,1590000.0,Jl. Melati No. 88,Surabaya,Jawa Timur,E-Wallet,Shipped,TRK6826890839,6,BELANJA5,Google,0,15000,4785000.0
ORD200630,2023-10-20,C97152,Phone,Elektronik,4,2179000.0,Jl. Sudirman No. 224,Medan,Sumatera Utara,E-Wallet,Pending,TRK6043992246,8,HEMAT10,Instagram,150000,25000,8591000.0
ORD200631,2024-11-06,C33192,Router,Networking,5,562000.0,Jl. Melati No. 65,Jakarta,Dki Jakarta,Transfer Bank,Returned,TRK3689439445,4,NONE,Facebook,50000,30000,2790000.0
ORD200632,2024-07-22,C81243,Monitor,Elektronik,4,4066000.0,Jl. Sudirman No. 58,Yogyakarta,Di Yogyakarta,QRIS,Delivered,TRK7144539543,5,BELANJA5,Referral,0,35000,16299000.0
ORD200633,2024-04-12,C84423,Hdd,Storage,1,868000.0,Jl. Sudirman No. 73,Balikpapan,Kalimantan Timur,Kartu Kredit,Shipped,TRK8183235646,4,BELANJA5,Google,150000,15000,733000.0
ORD200634,2024-12-06,C58306,Hdd,Storage,5,1294000.0,Jl. Mawar No. 82,Yogyakarta,Di Yogyakarta,Kartu Kredit,Cancelled,TRK6885290262,8,GRATISONGKIR,Facebook,0,40000,6510000.0
ORD200635,2024-06-07,C90016,Laptop,Elektronik,1,8074000.0,Jl. Diponegoro No. 94,Balikpapan,Kalimantan Timur,E-Wallet,Paid,TRK0237663808,5,MIDYEAR15,Google,100000,20000,7994000.0
ORD200636,2024-06-17,C40989,Desk,Furniture,4,3230000.0,Jl. Anggrek No. 211,Denpasar,Bali,E-Wallet,Paid,TRK5413308122,2,GRATISONGKIR,Facebook,0,30000,12950000.0
ORD200637,2024-06-14,C48489,Ssd,Storage,1,704000.0,Jl. Kenanga No. 204,Denpasar,Bali,COD,Delivered,TRK7969897119,6,HEMAT10,Referral,50000,30000,684000.0
ORD200638,2024-04-12,C59490,Flash Drive,Storage,3,62000.0,Jl. Diponegoro No. 101,Jakarta,Dki Jakarta,E-Wallet,Returned,TRK7837534434,5,HEMAT10,Google,50000,15000,151000.0
ORD200639,2024-05-17,C59605,Phone,Elektronik,5,8622000.0,Jl. Sudirman No. 184,Palembang,Sumatera Selatan,QRIS,Returned,TRK1411482878,8,HEMAT10,Google,0,25000,43135000.0
ORD200640,2024-04-22,C32226,Tablet,Elektronik,3,3301000.0,Jl. Anggrek No. 182,Medan,Sumatera Utara,COD,Returned,TRK0637438403,1,HEMAT10,Website,250000,15000,9668000.0
ORD200641,2023-02-27,C95409,Router,Networking,5,2458000.0,Jl. Diponegoro No. 15,Medan,Sumatera Utara,COD,Returned,TRK4032587629,3,HEMAT10,Website,50000,20000,12260000.0
ORD200645,2024-01-26,C97185,Ssd,Storage,3,2364000.0,Jl. Melati No. 198,Semarang,Jawa Tengah,Transfer Bank,Cancelled,TRK8810234486,1,NONE,Website,100000,30000,7022000.0
ORD200646,2024-09-24,C40194,Switch,Networking,3,1168000.0,Jl. Kenanga No. 215,Surabaya,Jawa Timur,QRIS,Paid,TRK8344732107,1,HEMAT10,Referral,50000,15000,3469000.0
ORD200647,2024-09-09,C43007,Monitor,Elektronik,5,2432000.0,Jl. Anggrek No. 125,Palembang,Sumatera Selatan,COD,Paid,TRK1216743873,4,NONE,Facebook,50000,20000,12130000.0
ORD200648,2024-08-12,C23540,Ssd,Storage,1,564000.0,Jl. Diponegoro No. 124,Surabaya,Jawa Timur,QRIS,Cancelled,TRK8162961596,8,NONE,Referral,250000,35000,349000.0
ORD200649,2024-07-31,C13850,Phone,Elektronik,4,5206000.0,Jl. Sudirman No. 57,Jakarta,Dki Jakarta,Transfer Bank,Pending,TRK6911754653,7,GRATISONGKIR,Google,0,20000,20844000.0
ORD200650,2024-02-15,C39442,Printer,Elektronik,5,1210000.0,Jl. Anggrek No. 184,Yogyakarta,Di Yogyakarta,E-Wallet,Cancelled,TRK1903927979,6,HEMAT10,Tiktok,0,25000,6075000.0
ORD200651,2023-01-26,C38815,Switch,Networking,4,1746000.0,Jl. Anggrek No. 13,Makassar,Sulawesi Selatan,QRIS,Shipped,TRK0269595921,1,NONE,Instagram,0,40000,7024000.0
ORD200652,2024-01-21,C57956,Monitor,Elektronik,2,3155000.0,Jl. Anggrek No. 240,Palembang,Sumatera Selatan,QRIS,Pending,TRK1866124233,1,MIDYEAR15,Facebook,50000,25000,6285000.0
ORD200653,2023-09-12,C23291,Router,Networking,4,2127000.0,Jl. Diponegoro No. 140,Balikpapan,Kalimantan Timur,COD,Pending,TRK5991839070,5,NONE,Referral,50000,15000,8473000.0
ORD200654,2024-09-11,C33939,Flash Drive,Storage,2,301000.0,Jl. Kenanga No. 39,Surabaya,Jawa Timur,E-Wallet,Shipped,TRK6053666758,8,HEMAT10,Google,250000,25000,377000.0
ORD200655,2023-11-27,C67066,Desk,Furniture,3,2157000.0,Jl. Kenanga No. 39,Bandung,Jawa Barat,Kartu Kredit,Pending,TRK2633213757,4,HEMAT10,Tiktok,250000,15000,6236000.0
ORD200656,2023-12-24,C82087,Flash Drive,Storage,4,278000.0,Jl. Diponegoro No. 182,Jakarta,Dki Jakarta,Transfer Bank,Shipped,TRK0548208845,6,BELANJA5,Referral,50000,25000,1087000.0
ORD200657,2024-08-07,C57562,Tablet,Elektronik,3,7030000.0,Jl. Anggrek No. 185,Yogyakarta,Di Yogyakarta,QRIS,Paid,TRK1481576392,4,BELANJA5,Referral,150000,35000,20975000.0
ORD200658,2024-08-15,C56065,Keyboard,Aksesoris,2,1155000.0,Jl. Melati No. 25,Bandung,Jawa Barat,QRIS,Cancelled,TRK5197374555,1,NONE,Referral,100000,15000,2225000.0
ORD200659,2023-07-14,C86455,Mouse,Aksesoris,3,499000.0,Jl. Anggrek No. 205,Yogyakarta,Di Yogyakarta,E-Wallet,Returned,TRK7970708112,8,HEMAT10,Website,0,15000,1512000.0
ORD200660,2023-03-05,C26607,Router,Networking,4,2447000.0,Jl. Anggrek No. 119,Makassar,Sulawesi Selatan,QRIS,Cancelled,TRK9933201111,4,HEMAT10,Instagram,150000,35000,9673000.0
ORD200661,2023-06-17,C22551,Ssd,Storage,3,1134000.0,Jl. Melati No. 111,Semarang,Jawa Tengah,QRIS,Pending,TRK8698174912,7,NONE,Tiktok,50000,35000,3387000.0
ORD200662,2024-11-12,C47268,Ssd,Storage,2,1976000.0,Jl. Anggrek No. 184,Yogyakarta,Di Yogyakarta,COD,Pending,TRK9437241074,2,GRATISONGKIR,Facebook,150000,20000,3822000.0
ORD200663,2024-05-16,C31007,Headset,Aksesoris,1,1261000.0,Jl. Sudirman No. 114,Makassar,Sulawesi Selatan,QRIS,Shipped,TRK4157746715,6,HEMAT10,Instagram,50000,15000,1226000.0
ORD200664,2023-12-14,C94706,Ssd,Storage,1,1418000.0,Jl. Diponegoro No. 159,Balikpapan,Kalimantan Timur,QRIS,Shipped,TRK9477794058,4,NONE,Instagram,150000,20000,1288000.0
ORD200666,2023-09-06,C88737,Headset,Aksesoris,5,1300000.0,Jl. Mawar No. 92,Surabaya,Jawa Timur,Kartu Kredit,Shipped,TRK7016621507,7,NONE,Referral,100000,20000,6420000.0
ORD200667,2023-03-25,C87956,Keyboard,Aksesoris,3,812000.0,Jl. Sudirman No. 61,Bandung,Jawa Barat,COD,Paid,TRK0106971859,7,BELANJA5,Tiktok,150000,25000,2311000.0
ORD200668,2024-05-06,C49900,Desk,Furniture,5,3179000.0,Jl. Mawar No. 16,Yogyakarta,Di Yogyakarta,E-Wallet,Returned,TRK3234328870,6,HEMAT10,Tiktok,250000,40000,15685000.0
ORD200669,2023-07-25,C35509,Flash Drive,Storage,1,209000.0,Jl. Sudirman No. 164,Bandung,Jawa Barat,QRIS,Returned,TRK4762476072,3,GRATISONGKIR,Tiktok,150000,20000,79000.0
ORD200670,2023-12-12,C61941,Chair,Furniture,1,802000.0,Jl. Melati No. 122,Palembang,Sumatera Selatan,QRIS,Delivered,TRK1860163719,4,HEMAT10,Instagram,100000,30000,732000.0
ORD200671,2024-07-03,C48365,Hdd,Storage,1,2077000.0,Jl. Mawar No. 181,Yogyakarta,Di Yogyakarta,Kartu Kredit,Delivered,TRK2993661233,8,NONE,Website,50000,40000,2067000.0
ORD200672,2023-05-21,C32538,Hdd,Storage,5,537000.0,Jl. Melati No. 80,Makassar,Sulawesi Selatan,COD,Shipped,TRK3248195333,3,GRATISONGKIR,Google,0,20000,2705000.0
ORD200673,2023-09-03,C24734,Router,Networking,1,422000.0,Jl. Mawar No. 210,Denpasar,Bali,E-Wallet,Shipped,TRK9423146139,4,GRATISONGKIR,Facebook,50000,20000,392000.0
ORD200676,2023-08-23,C79611,Tablet,Elektronik,4,6122000.0,Jl. Mawar No. 120,Balikpapan,Kalimantan Timur,Kartu Kredit,Shipped,TRK3795851664,1,BELANJA5,Referral,100000,40000,24428000.0
ORD200677,2023-10-29,C92396,Laptop,Elektronik,1,7579000.0,Jl. Melati No. 3,Semarang,Jawa Tengah,Kartu Kredit,Pending,TRK6597573706,4,NONE,Google,100000,35000,7514000.0
ORD200678,2023-07-12,C64541,Headset,Aksesoris,4,1744000.0,Jl. Kenanga No. 155,Surabaya,Jawa Timur,Transfer Bank,Delivered,TRK8261038353,7,NONE,Google,50000,20000,6946000.0
ORD200679,2023-02-05,C92902,Headset,Aksesoris,3,1286000.0,Jl. Anggrek No. 97,Palembang,Sumatera Selatan,Kartu Kredit,Cancelled,TRK4607884819,3,HEMAT10,Website,0,20000,3878000.0
ORD200680,2023-04-03,C29443,Router,Networking,4,1461000.0,Jl. Kenanga No. 150,Palembang,Sumatera Selatan,COD,Paid,TRK2542316199,5,NONE,Website,250000,35000,5629000.0
ORD200681,2024-09-04,C79318,Printer,Elektronik,1,3262500.0,Jl. Sudirman No. 244,Medan,Sumatera Utara,QRIS,Cancelled,TRK5612673819,2,MIDYEAR15,Facebook,150000,30000,3142500.0
ORD200682,2024-06-07,C77564,Hdd,Storage,4,3090000.0,Jl. Anggrek No. 109,Bandung,Jawa Barat,Kartu Kredit,Cancelled,TRK6690628834,1,NONE,Instagram,50000,40000,12350000.0
ORD200683,2024-09-13,C84409,Webcam,Aksesoris,4,409000.0,Jl. Melati No. 188,Medan,Sumatera Utara,COD,Paid,TRK9844202220,5,GRATISONGKIR,Referral,100000,35000,1571000.0
ORD200684,2024-09-29,C82587,Switch,Networking,2,2043000.0,Jl. Melati No. 166,Denpasar,Bali,COD,Shipped,TRK7188211876,2,GRATISONGKIR,Referral,50000,35000,4071000.0
ORD200685,2023-06-26,C90128,Desk,Furniture,2,2922000.0,Jl. Kenanga No. 129,Medan,Sumatera Utara,Kartu Kredit,Returned,TRK6346920589,2,BELANJA5,Instagram,150000,25000,5719000.0
ORD200686,2024-09-18,C79316,Webcam,Aksesoris,5,1097000.0,Jl. Mawar No. 207,Makassar,Sulawesi Selatan,QRIS,Returned,TRK6731042214,2,BELANJA5,Referral,250000,25000,5260000.0
ORD200687,2023-12-03,C89460,Flash Drive,Storage,4,145000.0,Jl. Anggrek No. 20,Jakarta,Dki Jakarta,E-Wallet,Returned,TRK1261161491,7,NONE,Website,100000,35000,515000.0
ORD200688,2023-01-21,C50924,Chair,Furniture,3,1484000.0,Jl. Sudirman No. 165,Unknown,Bali,COD,Delivered,TRK4124339884,5,BELANJA5,Instagram,50000,20000,4422000.0
ORD200690,2024-10-30,C44668,Chair,Furniture,2,2387000.0,Jl. Kenanga No. 165,Denpasar,Bali,E-Wallet,Pending,TRK8280422008,2,MIDYEAR15,Google,50000,20000,4744000.0
ORD200693,2024-08-22,C84654,Tablet,Elektronik,2,6695000.0,Jl. Diponegoro No. 43,Semarang,Jawa Tengah,E-Wallet,Returned,TRK0882334426,7,BELANJA5,Google,50000,35000,13375000.0
ORD200694,2024-10-05,C15375,Hdd,Storage,1,1601000.0,Jl. Diponegoro No. 193,Surabaya,Jawa Timur,Kartu Kredit,Paid,TRK0538888535,3,BELANJA5,Instagram,50000,25000,1576000.0
ORD200695,2024-05-05,C36445,Printer,Elektronik,5,3208000.0,Jl. Sudirman No. 133,Denpasar,Bali,QRIS,Paid,TRK4517839124,2,NONE,Referral,150000,35000,15925000.0
ORD200696,2023-10-02,C79675,Hdd,Storage,5,3313000.0,Jl. Kenanga No. 20,Surabaya,Jawa Timur,E-Wallet,Shipped,TRK0266127643,4,BELANJA5,Referral,150000,35000,16450000.0
ORD200697,2023-09-18,C44781,Switch,Networking,1,1048000.0,Jl. Diponegoro No. 17,Makassar,Sulawesi Selatan,QRIS,Returned,TRK3156433637,7,NONE,Facebook,0,35000,1083000.0
ORD200698,2024-10-24,C32970,Printer,Elektronik,3,952000.0,Jl. Mawar No. 127,Denpasar,Bali,COD,Cancelled,TRK9589195462,5,MIDYEAR15,Tiktok,150000,15000,2721000.0
ORD200699,2024-08-21,C39980,Ssd,Storage,3,2077000.0,Jl. Sudirman No. 246,Yogyakarta,Di Yogyakarta,QRIS,Delivered,TRK7929929545,3,GRATISONGKIR,Instagram,100000,15000,6146000.0
ORD200700,2023-01-09,C86243,Webcam,Aksesoris,1,1279000.0,Jl. Mawar No. 234,Palembang,Sumatera Selatan,E-Wallet,Paid,TRK2755699874,5,NONE,Website,100000,30000,1209000.0
ORD200701,2023-02-03,C75360,Flash Drive,Storage,4,71000.0,Jl. Sudirman No. 146,Jakarta,Dki Jakarta,QRIS,Cancelled,TRK3945595634,4,GRATISONGKIR,Instagram,0,15000,299000.0
ORD200702,2024-06-01,C40207,Desk,Furniture,2,2501000.0,Jl. Mawar No. 126,Semarang,Jawa Tengah,Kartu Kredit,Shipped,TRK8049104068,1,NONE,Tiktok,0,30000,5032000.0
ORD200703,2024-12-06,C61732,Keyboard,Aksesoris,2,1164000.0,Jl. Melati No. 238,Surabaya,Jawa Timur,QRIS,Pending,TRK2302080077,6,BELANJA5,Referral,150000,30000,2208000.0
ORD200704,2023-08-14,C93223,Headset,Aksesoris,1,783000.0,Jl. Diponegoro No. 25,Balikpapan,Kalimantan Timur,QRIS,Delivered,TRK1553671374,3,MIDYEAR15,Website,150000,15000,648000.0
ORD200705,2023-11-07,C52689,Monitor,Elektronik,1,1483000.0,Jl. Sudirman No. 61,Palembang,Sumatera Selatan,Unknown,Returned,TRK3668047600,4,BELANJA5,Referral,50000,30000,1463000.0
ORD200706,2023-08-21,C38667,Router,Networking,5,1531000.0,Jl. Diponegoro No. 44,Denpasar,Bali,Transfer Bank,Returned,TRK4409894784,8,NONE,Instagram,250000,15000,7420000.0
ORD200707,2024-11-25,C93428,Headset,Aksesoris,3,1417000.0,Jl. Diponegoro No. 162,Jakarta,Dki Jakarta,QRIS,Returned,TRK8361498893,4,GRATISONGKIR,Facebook,150000,25000,4126000.0
ORD200708,2024-11-22,C22105,Switch,Networking,1,6598000.0,Jl. Melati No. 213,Yogyakarta,Di Yogyakarta,Kartu Kredit,Delivered,TRK6208121632,2,NONE,Google,0,35000,6633000.0
ORD200709,2024-03-30,C11220,Desk,Furniture,5,1818000.0,Jl. Melati No. 89,Yogyakarta,Di Yogyakarta,COD,Shipped,TRK9144906547,1,GRATISONGKIR,Tiktok,0,15000,9105000.0
ORD200710,2024-03-26,C36181,Desk,Furniture,1,3046000.0,Jl. Diponegoro No. 54,Surabaya,Jawa Timur,QRIS,Pending,TRK6762160722,2,NONE,Website,250000,20000,2816000.0
ORD200711,2024-03-27,C45834,Headset,Aksesoris,1,1057000.0,Jl. Mawar No. 145,Surabaya,Jawa Timur,Kartu Kredit,Paid,TRK0452551734,2,BELANJA5,Google,0,35000,1092000.0
ORD200712,2023-12-28,C97011,Desk,Furniture,4,2411000.0,Jl. Kenanga No. 174,Bandung,Jawa Barat,Transfer Bank,Cancelled,TRK7126097645,2,GRATISONGKIR,Facebook,50000,40000,9634000.0
ORD200713,2024-01-09,C74972,Hdd,Storage,3,1447000.0,Jl. Melati No. 80,Balikpapan,Kalimantan Timur,E-Wallet,Delivered,TRK8373511584,4,MIDYEAR15,Website,150000,35000,4226000.0
ORD200714,2023-11-25,C17506,Router,Networking,3,1537000.0,Jl. Sudirman No. 228,Semarang,Jawa Tengah,COD,Pending,TRK9272369385,2,NONE,Website,150000,25000,4486000.0
ORD200716,2023-03-16,C87095,Desk,Furniture,5,3147000.0,Jl. Melati No. 42,Semarang,Jawa Tengah,COD,Pending,TRK7729328796,4,NONE,Referral,100000,20000,15655000.0
ORD200717,2024-07-26,C92545,Router,Networking,5,1627000.0,Jl. Diponegoro No. 134,Balikpapan,Kalimantan Timur,E-Wallet,Pending,TRK4053355154,2,MIDYEAR15,Instagram,250000,20000,7905000.0
ORD200719,2024-01-03,C80293,Chair,Furniture,1,1639000.0,Jl. Kenanga No. 86,Semarang,Jawa Tengah,Transfer Bank,Shipped,TRK0903078630,5,HEMAT10,Instagram,250000,40000,1429000.0
ORD200720,2023-02-21,C21375,Headset,Aksesoris,2,1673000.0,Jl. Diponegoro No. 12,Semarang,Jawa Tengah,E-Wallet,Returned,TRK0047157446,3,NONE,Facebook,0,20000,3366000.0
ORD200721,2023-04-04,C70487,Flash Drive,Storage,2,247000.0,Jl. Sudirman No. 222,Jakarta,Dki Jakarta,Transfer Bank,Cancelled,TRK3667072211,7,BELANJA5,Instagram,0,15000,509000.0
ORD200722,2024-05-10,C63983,Ssd,Storage,2,1629000.0,Jl. Sudirman No. 55,Medan,Sumatera Utara,QRIS,Delivered,TRK3547379499,5,GRATISONGKIR,Referral,250000,15000,3023000.0
ORD200723,2024-07-01,C71763,Mouse,Aksesoris,4,259000.0,Jl. Sudirman No. 231,Denpasar,Bali,Transfer Bank,Shipped,TRK1453390197,1,NONE,Referral,0,25000,1061000.0
ORD200725,2023-07-15,C16304,Printer,Elektronik,2,5531000.0,Jl. Mawar No. 211,Medan,Sumatera Utara,E-Wallet,Shipped,TRK5007475224,6,GRATISONGKIR,Tiktok,150000,30000,10942000.0
ORD200727,2024-10-16,C16583,Keyboard,Aksesoris,4,618000.0,Jl. Melati No. 31,Jakarta,Dki Jakarta,Kartu Kredit,Returned,TRK2167388658,1,GRATISONGKIR,Website,0,20000,2492000.0
ORD200728,2023-03-20,C72756,Tablet,Elektronik,1,7549000.0,Jl. Sudirman No. 100,Yogyakarta,Di Yogyakarta,QRIS,Delivered,TRK2543788428,5,BELANJA5,Website,100000,40000,7489000.0
ORD200729,2023-10-09,C88264,Router,Networking,1,1587000.0,Jl. Mawar No. 178,Surabaya,Jawa Timur,Transfer Bank,Delivered,TRK1231500158,6,NONE,Tiktok,150000,35000,1472000.0
ORD200730,2023-04-04,C55819,Desk,Furniture,1,3951000.0,Jl. Sudirman No. 200,Balikpapan,Kalimantan Timur,Transfer Bank,Paid,TRK3434990808,6,NONE,Facebook,100000,35000,3886000.0
ORD200731,2024-11-21,C30142,Switch,Networking,2,3960000.0,Jl. Anggrek No. 26,Semarang,Jawa Tengah,Transfer Bank,Paid,TRK8279126057,2,NONE,Tiktok,150000,30000,7800000.0
ORD200732,2024-11-30,C87462,Ssd,Storage,3,398000.0,Jl. Anggrek No. 149,Denpasar,Bali,E-Wallet,Shipped,TRK2426770763,1,HEMAT10,Facebook,150000,25000,1069000.0
ORD200733,2023-12-27,C64805,Hdd,Storage,4,714000.0,Jl. Anggrek No. 17,Balikpapan,Kalimantan Timur,Unknown,Pending,TRK1742814220,6,GRATISONGKIR,Tiktok,50000,30000,2836000.0
ORD200734,2024-08-28,C95675,Switch,Networking,4,3699000.0,Jl. Diponegoro No. 52,Palembang,Sumatera Selatan,Kartu Kredit,Cancelled,TRK3690553148,4,GRATISONGKIR,Facebook,0,20000,14816000.0
ORD200736,2023-03-10,C74814,Switch,Networking,3,1143000.0,Jl. Diponegoro No. 221,Surabaya,Jawa Timur,Kartu Kredit,Pending,TRK8509622576,5,HEMAT10,Facebook,50000,20000,3399000.0
ORD200738,2024-10-04,C65779,Desk,Furniture,5,3107000.0,Jl. Diponegoro No. 133,Jakarta,Dki Jakarta,QRIS,Paid,TRK3178512772,6,NONE,Instagram,100000,35000,15470000.0
ORD200739,2024-10-26,C53315,Monitor,Elektronik,5,1422000.0,Jl. Melati No. 41,Palembang,Sumatera Selatan,QRIS,Shipped,TRK0055121656,1,HEMAT10,Google,100000,40000,7050000.0
ORD200740,2024-12-05,C81702,Switch,Networking,4,3729000.0,Jl. Mawar No. 212,Balikpapan,Kalimantan Timur,QRIS,Pending,TRK7703366493,2,NONE,Referral,0,20000,14936000.0
ORD200741,2023-12-29,C91986,Phone,Elektronik,4,6998000.0,Jl. Diponegoro No. 146,Jakarta,Dki Jakarta,E-Wallet,Paid,TRK2941630926,4,NONE,Google,150000,15000,27857000.0
ORD200742,2023-03-17,C62700,Tablet,Elektronik,4,6076000.0,Jl. Diponegoro No. 79,Denpasar,Bali,Unknown,Delivered,TRK2404504170,1,BELANJA5,Facebook,250000,35000,24089000.0
ORD200744,2024-12-13,C23013,Headset,Aksesoris,5,717000.0,Jl. Melati No. 13,Jakarta,Dki Jakarta,QRIS,Shipped,TRK8749531189,5,MIDYEAR15,Google,0,25000,3610000.0
ORD200745,2023-09-21,C67107,Chair,Furniture,3,895000.0,Jl. Anggrek No. 101,Balikpapan,Kalimantan Timur,Transfer Bank,Paid,TRK4698514063,1,BELANJA5,Facebook,50000,15000,2650000.0
ORD200747,2024-07-26,C60166,Hdd,Storage,3,604000.0,Jl. Melati No. 89,Medan,Sumatera Utara,Transfer Bank,Paid,TRK9340945526,5,GRATISONGKIR,Referral,250000,25000,1587000.0
ORD200748,2023-09-12,C72847,Flash Drive,Storage,4,389000.0,Jl. Sudirman No. 21,Semarang,Jawa Tengah,Kartu Kredit,Shipped,TRK0793552199,7,MIDYEAR15,Tiktok,100000,40000,1496000.0
ORD200749,2023-10-26,C76064,Flash Drive,Storage,1,200000.0,Jl. Kenanga No. 198,Surabaya,Jawa Timur,QRIS,Pending,TRK0547934029,1,NONE,Tiktok,150000,25000,75000.0
ORD200750,2023-09-06,C23005,Flash Drive,Storage,2,164000.0,Jl. Mawar No. 95,Bandung,Jawa Barat,COD,Returned,TRK5427454809,6,MIDYEAR15,Referral,100000,40000,268000.0
ORD200752,2024-10-15,C33342,Chair,Furniture,3,2959000.0,Jl. Mawar No. 124,Yogyakarta,Di Yogyakarta,Kartu Kredit,Cancelled,TRK5469425227,4,HEMAT10,Facebook,150000,15000,8742000.0
ORD200753,2023-11-09,C27065,Monitor,Elektronik,5,3175500.0,Jl. Melati No. 164,Denpasar,Bali,Transfer Bank,Cancelled,TRK9582740281,1,NONE,Facebook,150000,15000,15742500.0
ORD200754,2024-07-25,C46138,Desk,Furniture,2,1534000.0,Jl. Melati No. 243,Semarang,Jawa Tengah,Transfer Bank,Pending,TRK5708604363,3,MIDYEAR15,Instagram,250000,35000,2853000.0
ORD200755,2024-10-25,C13919,Router,Networking,5,2086000.0,Jl. Kenanga No. 7,Denpasar,Bali,QRIS,Cancelled,TRK6378140111,6,MIDYEAR15,Google,150000,15000,10295000.0
ORD200756,2023-03-04,C94792,Chair,Furniture,2,1937000.0,Jl. Mawar No. 170,Semarang,Jawa Tengah,E-Wallet,Cancelled,TRK9772932690,3,MIDYEAR15,Google,250000,20000,3644000.0
ORD200757,2023-11-25,C33340,Monitor,Elektronik,3,2537000.0,Jl. Melati No. 116,Palembang,Sumatera Selatan,QRIS,Cancelled,TRK1644256822,7,NONE,Facebook,150000,20000,7481000.0
ORD200758,2023-10-24,C26717,Keyboard,Aksesoris,5,707000.0,Jl. Kenanga No. 41,Makassar,Sulawesi Selatan,E-Wallet,Shipped,TRK7046909259,6,BELANJA5,Website,50000,35000,3520000.0
ORD200759,2023-09-09,C54296,Headset,Aksesoris,3,1044000.0,Jl. Sudirman No. 56,Bandung,Jawa Barat,COD,Returned,TRK9483405869,4,MIDYEAR15,Tiktok,250000,40000,2922000.0
ORD200761,2024-03-31,C78583,Ssd,Storage,2,2475000.0,Jl. Anggrek No. 200,Palembang,Sumatera Selatan,QRIS,Delivered,TRK4273600627,8,NONE,Referral,150000,15000,4815000.0
ORD200762,2023-06-04,C48778,Hdd,Storage,4,1580000.0,Jl. Mawar No. 170,Medan,Sumatera Utara,QRIS,Pending,TRK2076669295,5,GRATISONGKIR,Tiktok,0,15000,6335000.0
ORD200763,2024-11-07,C32907,Monitor,Elektronik,4,2087000.0,Jl. Diponegoro No. 51,Surabaya,Jawa Timur,COD,Cancelled,TRK3646372933,8,MIDYEAR15,Facebook,250000,15000,8113000.0
ORD200764,2023-05-28,C46001,Chair,Furniture,3,2368000.0,Jl. Diponegoro No. 95,Semarang,Jawa Tengah,COD,Pending,TRK2613650244,7,MIDYEAR15,Instagram,150000,35000,6989000.0
ORD200765,2023-10-18,C25980,Monitor,Elektronik,1,2429000.0,Jl. Kenanga No. 98,Surabaya,Jawa Timur,Transfer Bank,Returned,TRK6560133444,1,MIDYEAR15,Referral,150000,15000,2294000.0
ORD200766,2024-06-23,C56870,Desk,Furniture,4,1327000.0,Jl. Mawar No. 215,Medan,Sumatera Utara,COD,Shipped,TRK4861048102,6,BELANJA5,Referral,250000,40000,5098000.0
ORD200767,2024-04-20,C87434,Desk,Furniture,1,4000000.0,Jl. Sudirman No. 151,Palembang,Sumatera Selatan,QRIS,Pending,TRK5931514924,3,GRATISONGKIR,Facebook,100000,30000,3930000.0
ORD200768,2024-04-25,C71794,Flash Drive,Storage,3,136000.0,Jl. Anggrek No. 44,Denpasar,Bali,E-Wallet,Returned,TRK5083905267,6,MIDYEAR15,Website,150000,15000,273000.0
ORD200769,2023-02-14,C98092,Switch,Networking,5,1590000.0,Jl. Sudirman No. 77,Denpasar,Bali,QRIS,Cancelled,TRK3308558513,5,NONE,Website,50000,20000,7920000.0
ORD200770,2023-09-25,C62284,Printer,Elektronik,2,4194000.0,Jl. Diponegoro No. 115,Balikpapan,Kalimantan Timur,Transfer Bank,Returned,TRK7950204447,5,MIDYEAR15,Facebook,150000,20000,8258000.0
ORD200773,2023-10-16,C65224,Router,Networking,4,1014000.0,Jl. Sudirman No. 6,Makassar,Sulawesi Selatan,COD,Returned,TRK0140456603,7,HEMAT10,Instagram,50000,25000,4031000.0
ORD200774,2023-11-19,C93634,Ssd,Storage,2,2020000.0,Jl. Kenanga No. 213,Semarang,Jawa Tengah,Transfer Bank,Delivered,TRK2475712238,4,HEMAT10,Referral,0,15000,4055000.0
ORD200775,2023-12-04,C61368,Printer,Elektronik,1,3262500.0,Jl. Anggrek No. 249,Denpasar,Bali,Transfer Bank,Pending,TRK3974838767,1,HEMAT10,Tiktok,150000,20000,3132500.0
ORD200776,2023-02-27,C63608,Tablet,Elektronik,3,5518000.0,Jl. Kenanga No. 69,Balikpapan,Kalimantan Timur,COD,Pending,TRK1691294788,4,BELANJA5,Website,250000,20000,16324000.0
ORD200777,2024-03-13,C70177,Headset,Aksesoris,4,788000.0,Jl. Mawar No. 137,Balikpapan,Kalimantan Timur,QRIS,Paid,TRK1547694048,1,MIDYEAR15,Google,50000,20000,3122000.0
ORD200778,2023-09-07,C67308,Headset,Aksesoris,4,1619000.0,Jl. Diponegoro No. 122,Denpasar,Bali,Transfer Bank,Cancelled,TRK1164192871,6,NONE,Referral,150000,25000,6351000.0
ORD200779,2023-08-29,C53396,Flash Drive,Storage,4,408000.0,Jl. Anggrek No. 160,Unknown,Bali,COD,Returned,TRK9723280496,8,NONE,Tiktok,50000,35000,1617000.0
ORD200780,2024-05-10,C86502,Webcam,Aksesoris,5,372000.0,Jl. Anggrek No. 68,Yogyakarta,Di Yogyakarta,QRIS,Delivered,TRK4477983901,2,HEMAT10,Tiktok,250000,30000,1640000.0
ORD200781,2024-06-01,C37016,Headset,Aksesoris,1,660000.0,Jl. Melati No. 209,Medan,Sumatera Utara,QRIS,Paid,TRK2521317584,8,NONE,Referral,50000,40000,650000.0
ORD200782,2024-11-09,C40443,Printer,Elektronik,5,2897000.0,Jl. Diponegoro No. 245,Palembang,Sumatera Selatan,Transfer Bank,Delivered,TRK8559327775,7,HEMAT10,Google,50000,40000,14475000.0
ORD200783,2023-02-22,C64139,Keyboard,Aksesoris,5,805000.0,Jl. Mawar No. 121,Balikpapan,Kalimantan Timur,QRIS,Cancelled,TRK1806711796,2,BELANJA5,Tiktok,100000,35000,3960000.0
ORD200784,2023-06-09,C18150,Hdd,Storage,3,3305000.0,Jl. Kenanga No. 209,Semarang,Jawa Tengah,COD,Cancelled,TRK1815476440,2,GRATISONGKIR,Referral,150000,20000,9785000.0
ORD200785,2023-05-11,C67784,Phone,Elektronik,3,4197000.0,Jl. Sudirman No. 26,Surabaya,Jawa Timur,QRIS,Cancelled,TRK8882930040,2,HEMAT10,Google,150000,30000,12471000.0
ORD200786,2024-01-05,C65134,Tablet,Elektronik,3,7631000.0,Jl. Melati No. 24,Yogyakarta,Di Yogyakarta,E-Wallet,Paid,TRK6510860408,3,NONE,Referral,250000,25000,22668000.0
ORD200787,2023-10-04,C60077,Printer,Elektronik,4,1351000.0,Jl. Mawar No. 209,Bandung,Jawa Barat,COD,Returned,TRK2679630303,1,HEMAT10,Facebook,100000,35000,5339000.0
ORD200788,2024-12-11,C93707,Keyboard,Aksesoris,1,405000.0,Jl. Melati No. 97,Balikpapan,Kalimantan Timur,Transfer Bank,Delivered,TRK8458148682,2,HEMAT10,Instagram,250000,35000,190000.0
ORD200790,2024-06-01,C34894,Printer,Elektronik,2,1220000.0,Jl. Mawar No. 190,Denpasar,Bali,QRIS,Cancelled,TRK1885012844,5,BELANJA5,Tiktok,250000,20000,2210000.0
ORD200791,2024-05-05,C88025,Printer,Elektronik,5,3872000.0,Jl. Mawar No. 71,Makassar,Sulawesi Selatan,Transfer Bank,Pending,TRK1301138115,6,MIDYEAR15,Website,150000,40000,19250000.0
ORD200792,2023-02-07,C27952,Keyboard,Aksesoris,4,903000.0,Jl. Diponegoro No. 222,Bandung,Jawa Barat,QRIS,Cancelled,TRK5091615875,1,MIDYEAR15,Instagram,250000,20000,3382000.0
ORD200793,2023-05-17,C32201,Ssd,Storage,1,775000.0,Jl. Mawar No. 11,Medan,Sumatera Utara,Transfer Bank,Paid,TRK2549803888,2,GRATISONGKIR,Google,150000,20000,645000.0
ORD200794,2024-09-29,C76747,Mouse,Aksesoris,2,471000.0,Jl. Mawar No. 44,Medan,Sumatera Utara,Kartu Kredit,Shipped,TRK3577576212,4,NONE,Referral,50000,20000,912000.0
ORD200795,2024-04-19,C64825,Switch,Networking,2,5197000.0,Jl. Anggrek No. 33,Jakarta,Dki Jakarta,E-Wallet,Returned,TRK2707664222,1,NONE,Tiktok,50000,40000,10384000.0
ORD200796,2023-09-07,C98997,Headset,Aksesoris,5,261000.0,Jl. Mawar No. 248,Jakarta,Dki Jakarta,E-Wallet,Delivered,TRK6207713595,7,GRATISONGKIR,Website,250000,35000,1090000.0
ORD200800,2023-10-25,C28785,Chair,Furniture,5,1385000.0,Jl. Diponegoro No. 147,Jakarta,Dki Jakarta,QRIS,Pending,TRK6060695171,6,HEMAT10,Referral,150000,15000,6790000.0
ORD200802,2023-08-30,C21622,Webcam,Aksesoris,5,971000.0,Jl. Melati No. 220,Medan,Sumatera Utara,E-Wallet,Cancelled,TRK6643912888,3,BELANJA5,Google,150000,15000,4720000.0
ORD200803,2024-11-27,C70397,Router,Networking,5,958000.0,Jl. Sudirman No. 215,Palembang,Sumatera Selatan,QRIS,Shipped,TRK4372407578,8,BELANJA5,Facebook,100000,20000,4710000.0
ORD200804,2023-06-07,C67244,Keyboard,Aksesoris,5,489000.0,Jl. Anggrek No. 106,Medan,Sumatera Utara,Transfer Bank,Returned,TRK3559392603,4,NONE,Google,250000,15000,2210000.0
ORD200805,2023-12-20,C33514,Webcam,Aksesoris,2,1003000.0,Jl. Kenanga No. 9,Palembang,Sumatera Selatan,Transfer Bank,Shipped,TRK2232714835,6,GRATISONGKIR,Tiktok,0,15000,2021000.0
ORD200806,2024-01-29,C84677,Flash Drive,Storage,1,415000.0,Jl. Melati No. 218,Makassar,Sulawesi Selatan,Transfer Bank,Pending,TRK3253814478,1,GRATISONGKIR,Facebook,100000,20000,335000.0
ORD200807,2023-11-26,C95865,Headset,Aksesoris,2,173000.0,Jl. Diponegoro No. 60,Palembang,Sumatera Selatan,E-Wallet,Cancelled,TRK5575537566,2,HEMAT10,Instagram,100000,15000,261000.0
ORD200808,2023-11-30,C34712,Headset,Aksesoris,4,533000.0,Jl. Diponegoro No. 55,Palembang,Sumatera Selatan,Transfer Bank,Delivered,TRK5615097584,1,BELANJA5,Website,100000,25000,2057000.0
ORD200810,2024-09-28,C76743,Webcam,Aksesoris,2,1033000.0,Jl. Kenanga No. 143,Yogyakarta,Di Yogyakarta,Kartu Kredit,Returned,TRK1172249624,8,BELANJA5,Google,150000,30000,1946000.0
ORD200811,2023-11-06,C53260,Chair,Furniture,2,1309000.0,Jl. Melati No. 138,Denpasar,Bali,E-Wallet,Returned,TRK1567813034,8,HEMAT10,Facebook,150000,40000,2508000.0
ORD200813,2024-03-19,C20433,Webcam,Aksesoris,3,1242000.0,Jl. Kenanga No. 23,Bandung,Jawa Barat,E-Wallet,Paid,TRK4181952096,6,HEMAT10,Tiktok,50000,25000,3701000.0
ORD200814,2024-07-27,C68385,Monitor,Elektronik,1,2719000.0,Jl. Mawar No. 24,Makassar,Sulawesi Selatan,QRIS,Returned,TRK8432096206,2,NONE,Google,250000,25000,2494000.0
ORD200815,2024-08-05,C69546,Hdd,Storage,1,500000.0,Jl. Diponegoro No. 188,Palembang,Sumatera Selatan,Transfer Bank,Delivered,TRK3075065202,6,GRATISONGKIR,Referral,100000,40000,440000.0
ORD200816,2023-03-14,C57889,Ssd,Storage,3,2472000.0,Jl. Mawar No. 172,Makassar,Sulawesi Selatan,E-Wallet,Returned,TRK7905178174,4,NONE,Facebook,150000,15000,7281000.0
ORD200817,2024-06-02,C28101,Headset,Aksesoris,1,1205000.0,Jl. Kenanga No. 118,Makassar,Sulawesi Selatan,COD,Cancelled,TRK3949643552,2,GRATISONGKIR,Referral,0,25000,1230000.0
ORD200818,2024-10-16,C38116,Ssd,Storage,1,884000.0,Jl. Melati No. 28,Surabaya,Jawa Timur,COD,Shipped,TRK5599556110,3,MIDYEAR15,Google,100000,40000,824000.0
ORD200819,2024-05-11,C72711,Desk,Furniture,5,2086000.0,Jl. Diponegoro No. 69,Balikpapan,Kalimantan Timur,QRIS,Cancelled,TRK3686030806,5,HEMAT10,Tiktok,0,15000,10445000.0
ORD200821,2023-06-12,C36871,Mouse,Aksesoris,2,309000.0,Jl. Sudirman No. 106,Medan,Sumatera Utara,QRIS,Returned,TRK1204629258,2,MIDYEAR15,Google,250000,30000,398000.0
ORD200823,2023-02-28,C51870,Keyboard,Aksesoris,1,1051000.0,Jl. Anggrek No. 179,Surabaya,Jawa Timur,COD,Returned,TRK4955160063,4,MIDYEAR15,Website,250000,25000,826000.0
ORD200824,2024-02-19,C11659,Switch,Networking,3,3729000.0,Jl. Melati No. 101,Balikpapan,Kalimantan Timur,Kartu Kredit,Pending,TRK7744067601,3,MIDYEAR15,Google,250000,20000,10957000.0
ORD200826,2024-01-05,C14495,Headset,Aksesoris,2,164000.0,Jl. Diponegoro No. 147,Unknown,Jawa Timur,COD,Shipped,TRK1173274243,1,NONE,Facebook,50000,25000,303000.0
ORD200827,2023-02-18,C83898,Desk,Furniture,1,1866000.0,Jl. Diponegoro No. 196,Makassar,Sulawesi Selatan,Transfer Bank,Delivered,TRK3611241984,5,NONE,Facebook,250000,40000,1656000.0
ORD200828,2023-10-28,C99895,Keyboard,Aksesoris,1,941000.0,Jl. Kenanga No. 20,Yogyakarta,Di Yogyakarta,E-Wallet,Cancelled,TRK8737647380,2,BELANJA5,Instagram,0,30000,971000.0
ORD200829,2024-05-02,C27778,Mouse,Aksesoris,1,451000.0,Jl. Mawar No. 102,Palembang,Sumatera Selatan,Transfer Bank,Returned,TRK6644787790,5,GRATISONGKIR,Facebook,50000,25000,426000.0
ORD200830,2024-06-29,C43555,Headset,Aksesoris,5,320000.0,Jl. Anggrek No. 137,Yogyakarta,Di Yogyakarta,E-Wallet,Pending,TRK8060952055,3,HEMAT10,Facebook,150000,25000,1475000.0
ORD200831,2023-02-08,C23845,Router,Networking,2,1270000.0,Jl. Melati No. 16,Medan,Sumatera Utara,E-Wallet,Pending,TRK5048582133,1,NONE,Facebook,50000,25000,2515000.0
ORD200832,2023-11-14,C58584,Tablet,Elektronik,3,6807000.0,Jl. Mawar No. 228,Makassar,Sulawesi Selatan,QRIS,Shipped,TRK1195429001,3,NONE,Website,250000,35000,20206000.0
ORD200834,2024-10-25,C68758,Mouse,Aksesoris,1,192000.0,Jl. Mawar No. 203,Denpasar,Bali,QRIS,Returned,TRK6651104390,6,GRATISONGKIR,Google,0,15000,207000.0
ORD200835,2024-12-25,C24759,Headset,Aksesoris,4,1142000.0,Jl. Diponegoro No. 249,Jakarta,Dki Jakarta,E-Wallet,Shipped,TRK1355081624,6,BELANJA5,Facebook,0,25000,4593000.0
ORD200836,2023-05-14,C23499,Keyboard,Aksesoris,1,213000.0,Jl. Kenanga No. 165,Makassar,Sulawesi Selatan,QRIS,Pending,TRK0716612453,5,GRATISONGKIR,Facebook,0,35000,248000.0
ORD200837,2023-05-14,C17913,Printer,Elektronik,4,5975000.0,Jl. Sudirman No. 85,Makassar,Sulawesi Selatan,Unknown,Pending,TRK9286834756,8,HEMAT10,Tiktok,50000,25000,23875000.0
ORD200838,2023-11-10,C95054,Ssd,Storage,2,2009000.0,Jl. Mawar No. 58,Medan,Sumatera Utara,COD,Shipped,TRK9622850005,7,NONE,Referral,0,30000,4048000.0
ORD200839,2024-10-24,C36094,Flash Drive,Storage,1,297000.0,Jl. Mawar No. 34,Jakarta,Dki Jakarta,Kartu Kredit,Pending,TRK8753973382,7,MIDYEAR15,Tiktok,250000,25000,72000.0
ORD200840,2023-06-24,C80468,Monitor,Elektronik,3,4871000.0,Jl. Kenanga No. 160,Semarang,Jawa Tengah,QRIS,Delivered,TRK3282930545,3,NONE,Tiktok,250000,15000,14378000.0
ORD200841,2024-10-14,C56435,Switch,Networking,4,3729000.0,Jl. Mawar No. 24,Surabaya,Jawa Timur,E-Wallet,Shipped,TRK2968979076,1,BELANJA5,Facebook,0,20000,14936000.0
ORD200842,2024-01-24,C28689,Mouse,Aksesoris,1,373000.0,Jl. Melati No. 208,Bandung,Jawa Barat,Kartu Kredit,Cancelled,TRK6800944892,5,NONE,Tiktok,150000,20000,243000.0
ORD200843,2024-12-04,C78951,Webcam,Aksesoris,4,1366000.0,Jl. Melati No. 246,Makassar,Sulawesi Selatan,QRIS,Shipped,TRK2148441154,6,HEMAT10,Instagram,50000,40000,5454000.0
ORD200844,2023-11-20,C16193,Headset,Aksesoris,1,311000.0,Jl. Sudirman No. 1,Yogyakarta,Di Yogyakarta,Transfer Bank,Returned,TRK6593542673,5,GRATISONGKIR,Instagram,50000,35000,296000.0
ORD200846,2024-05-09,C20145,Desk,Furniture,5,1674000.0,Jl. Anggrek No. 108,Medan,Sumatera Utara,Transfer Bank,Cancelled,TRK6222317994,8,HEMAT10,Website,150000,25000,8245000.0
ORD200847,2024-06-17,C75663,Router,Networking,2,1911000.0,Jl. Melati No. 162,Makassar,Sulawesi Selatan,QRIS,Paid,TRK3652488650,7,BELANJA5,Google,150000,20000,3692000.0
ORD200848,2024-07-23,C27201,Ssd,Storage,3,1437000.0,Jl. Kenanga No. 124,Denpasar,Bali,QRIS,Pending,TRK2638611198,4,BELANJA5,Facebook,0,30000,4341000.0
ORD200851,2023-12-30,C10307,Router,Networking,5,2452000.0,Jl. Mawar No. 24,Surabaya,Jawa Timur,COD,Delivered,TRK2406895962,5,GRATISONGKIR,Referral,250000,25000,12035000.0
ORD200852,2023-08-08,C45842,Router,Networking,2,434000.0,Jl. Melati No. 45,Palembang,Sumatera Selatan,E-Wallet,Paid,TRK7478066472,5,NONE,Website,150000,30000,748000.0
ORD200853,2023-04-16,C33709,Mouse,Aksesoris,3,528000.0,Jl. Sudirman No. 179,Semarang,Jawa Tengah,Kartu Kredit,Cancelled,TRK4429190953,4,GRATISONGKIR,Referral,150000,15000,1449000.0
ORD200854,2024-03-09,C84639,Chair,Furniture,3,2977000.0,Jl. Anggrek No. 137,Yogyakarta,Di Yogyakarta,QRIS,Delivered,TRK6529744317,6,MIDYEAR15,Google,50000,30000,8911000.0
ORD200855,2024-02-24,C63985,Router,Networking,2,542000.0,Jl. Sudirman No. 105,Balikpapan,Kalimantan Timur,Unknown,Pending,TRK9657222883,4,BELANJA5,Website,250000,15000,849000.0
ORD200856,2023-02-06,C58106,Headset,Aksesoris,5,1089000.0,Jl. Anggrek No. 111,Jakarta,Dki Jakarta,Transfer Bank,Paid,TRK5660425354,6,MIDYEAR15,Facebook,250000,30000,5225000.0
ORD200858,2024-02-09,C20782,Headset,Aksesoris,5,1595000.0,Jl. Anggrek No. 183,Surabaya,Jawa Timur,COD,Cancelled,TRK8590050677,8,NONE,Tiktok,100000,35000,7910000.0
ORD200859,2024-04-03,C67942,Headset,Aksesoris,1,1413000.0,Jl. Sudirman No. 222,Yogyakarta,Di Yogyakarta,E-Wallet,Cancelled,TRK9623884749,8,BELANJA5,Referral,100000,35000,1348000.0
ORD200860,2023-03-21,C99379,Chair,Furniture,4,1258000.0,Jl. Sudirman No. 208,Balikpapan,Kalimantan Timur,QRIS,Pending,TRK4286650940,2,NONE,Tiktok,100000,30000,4962000.0
ORD200861,2024-11-20,C14411,Hdd,Storage,5,3421000.0,Jl. Anggrek No. 124,Jakarta,Dki Jakarta,Transfer Bank,Returned,TRK4492689988,4,NONE,Facebook,150000,40000,16995000.0
ORD200862,2024-01-22,C73296,Router,Networking,1,2468000.0,Jl. Mawar No. 230,Jakarta,Dki Jakarta,Transfer Bank,Cancelled,TRK7459397487,8,HEMAT10,Website,50000,30000,2448000.0
ORD200863,2023-01-05,C65136,Desk,Furniture,3,1505000.0,Jl. Melati No. 186,Medan,Sumatera Utara,QRIS,Pending,TRK1340643588,6,HEMAT10,Tiktok,50000,40000,4505000.0
ORD200864,2023-07-29,C40277,Hdd,Storage,3,854000.0,Jl. Melati No. 161,Yogyakarta,Di Yogyakarta,Kartu Kredit,Pending,TRK3401980599,3,BELANJA5,Referral,100000,25000,2487000.0
ORD200865,2024-07-21,C59395,Mouse,Aksesoris,4,328000.0,Jl. Kenanga No. 87,Palembang,Sumatera Selatan,E-Wallet,Paid,TRK8818240287,7,HEMAT10,Instagram,50000,20000,1282000.0
ORD200866,2024-11-14,C11650,Ssd,Storage,4,2230000.0,Jl. Kenanga No. 60,Bandung,Jawa Barat,Transfer Bank,Paid,TRK9884216789,1,GRATISONGKIR,Instagram,250000,30000,8700000.0
ORD200867,2023-08-29,C96078,Ssd,Storage,2,1733000.0,Jl. Sudirman No. 249,Makassar,Sulawesi Selatan,QRIS,Shipped,TRK0258330318,8,BELANJA5,Google,250000,30000,3246000.0
ORD200868,2024-11-15,C71443,Switch,Networking,1,3729000.0,Jl. Anggrek No. 28,Semarang,Jawa Tengah,E-Wallet,Delivered,TRK2125834510,3,NONE,Website,50000,35000,3714000.0
ORD200869,2024-07-25,C81091,Desk,Furniture,3,2624000.0,Jl. Anggrek No. 134,Makassar,Sulawesi Selatan,Kartu Kredit,Paid,TRK2217398119,8,NONE,Instagram,50000,25000,7847000.0
ORD200870,2023-10-06,C76164,Tablet,Elektronik,5,5602000.0,Jl. Anggrek No. 183,Surabaya,Jawa Timur,QRIS,Delivered,TRK8723944293,7,BELANJA5,Referral,250000,30000,27790000.0
ORD200871,2023-11-02,C96996,Hdd,Storage,4,3041000.0,Jl. Sudirman No. 214,Palembang,Sumatera Selatan,Transfer Bank,Cancelled,TRK0985882627,5,HEMAT10,Referral,0,15000,12179000.0
ORD200872,2023-03-27,C77454,Mouse,Aksesoris,5,145000.0,Jl. Mawar No. 50,Denpasar,Bali,Transfer Bank,Paid,TRK9982604871,5,GRATISONGKIR,Google,0,25000,750000.0
ORD200873,2023-10-17,C90899,Flash Drive,Storage,4,318000.0,Jl. Melati No. 137,Yogyakarta,Di Yogyakarta,COD,Delivered,TRK3707213664,1,HEMAT10,Instagram,250000,15000,1037000.0
ORD200875,2024-02-12,C38209,Chair,Furniture,5,876000.0,Jl. Sudirman No. 121,Yogyakarta,Di Yogyakarta,Unknown,Returned,TRK5705904199,7,BELANJA5,Referral,0,40000,4420000.0
ORD200876,2024-04-09,C93890,Router,Networking,2,1321000.0,Jl. Kenanga No. 64,Bandung,Jawa Barat,Kartu Kredit,Returned,TRK4849587401,2,MIDYEAR15,Website,100000,35000,2577000.0
ORD200877,2024-02-01,C44948,Monitor,Elektronik,1,1728000.0,Jl. Melati No. 240,Semarang,Jawa Tengah,COD,Delivered,TRK5811223345,1,GRATISONGKIR,Website,150000,35000,1613000.0
ORD200878,2023-04-02,C89897,Flash Drive,Storage,1,374000.0,Jl. Sudirman No. 209,Medan,Sumatera Utara,QRIS,Cancelled,TRK7667038570,7,NONE,Referral,0,25000,399000.0
ORD200879,2024-10-16,C59658,Switch,Networking,3,2557000.0,Jl. Diponegoro No. 146,Jakarta,Dki Jakarta,Transfer Bank,Returned,TRK5912016980,6,MIDYEAR15,Website,100000,25000,7596000.0
ORD200880,2023-06-10,C55463,Tablet,Elektronik,2,5469000.0,Jl. Sudirman No. 133,Surabaya,Jawa Timur,E-Wallet,Cancelled,TRK1267878830,2,NONE,Facebook,250000,15000,10703000.0
ORD200881,2023-01-11,C55655,Mouse,Aksesoris,2,415000.0,Jl. Mawar No. 135,Bandung,Jawa Barat,Transfer Bank,Delivered,TRK6014663639,6,HEMAT10,Referral,50000,35000,815000.0
ORD200882,2023-09-19,C35146,Flash Drive,Storage,3,219000.0,Jl. Diponegoro No. 76,Palembang,Sumatera Selatan,Kartu Kredit,Shipped,TRK9858648760,2,NONE,Google,0,20000,677000.0
ORD200883,2024-09-29,C17352,Keyboard,Aksesoris,4,1170000.0,Jl. Sudirman No. 69,Medan,Sumatera Utara,Transfer Bank,Delivered,TRK3385488523,8,NONE,Referral,100000,20000,4600000.0
ORD200884,2024-11-25,C15494,Keyboard,Aksesoris,2,579000.0,Jl. Melati No. 30,Semarang,Jawa Tengah,COD,Pending,TRK1457007769,6,BELANJA5,Referral,250000,35000,943000.0
ORD200886,2023-03-05,C22243,Monitor,Elektronik,4,3277000.0,Jl. Diponegoro No. 24,Jakarta,Dki Jakarta,Kartu Kredit,Cancelled,TRK0150533654,1,MIDYEAR15,Website,250000,35000,12893000.0
ORD200887,2023-06-24,C49451,Desk,Furniture,5,3879000.0,Jl. Melati No. 184,Semarang,Jawa Tengah,Transfer Bank,Shipped,TRK2373336358,7,GRATISONGKIR,Website,100000,20000,19315000.0
ORD200888,2023-09-12,C61344,Monitor,Elektronik,5,1643000.0,Jl. Mawar No. 96,Surabaya,Jawa Timur,Transfer Bank,Pending,TRK1886836524,4,NONE,Facebook,100000,25000,8140000.0
ORD200889,2024-02-19,C90048,Switch,Networking,4,6619000.0,Jl. Sudirman No. 64,Semarang,Jawa Tengah,Transfer Bank,Delivered,TRK3922083103,8,HEMAT10,Facebook,100000,15000,26391000.0
ORD200891,2023-05-05,C31468,Ssd,Storage,1,390000.0,Jl. Anggrek No. 222,Yogyakarta,Di Yogyakarta,COD,Cancelled,TRK4342100647,3,BELANJA5,Facebook,250000,15000,155000.0
ORD200892,2023-01-01,C79928,Switch,Networking,5,6367000.0,Jl. Melati No. 220,Palembang,Sumatera Selatan,Transfer Bank,Cancelled,TRK5517025294,3,NONE,Tiktok,250000,40000,31625000.0
ORD200896,2024-08-06,C38308,Mouse,Aksesoris,2,181000.0,Jl. Sudirman No. 7,Makassar,Sulawesi Selatan,Kartu Kredit,Shipped,TRK2130708379,6,NONE,Tiktok,250000,35000,147000.0
ORD200897,2023-12-08,C39207,Monitor,Elektronik,3,1925000.0,Jl. Diponegoro No. 198,Palembang,Sumatera Selatan,Transfer Bank,Pending,TRK6801951987,6,GRATISONGKIR,Instagram,50000,30000,5755000.0
ORD200898,2023-08-02,C42507,Monitor,Elektronik,1,1938000.0,Jl. Sudirman No. 45,Medan,Sumatera Utara,Transfer Bank,Delivered,TRK5836120612,5,GRATISONGKIR,Google,250000,25000,1713000.0
ORD200899,2024-12-18,C94702,Hdd,Storage,3,2870000.0,Jl. Sudirman No. 112,Surabaya,Jawa Timur,QRIS,Delivered,TRK0522908882,2,NONE,Website,100000,15000,8525000.0
ORD200900,2023-05-30,C69139,Tablet,Elektronik,1,2905000.0,Jl. Kenanga No. 153,Medan,Sumatera Utara,Transfer Bank,Cancelled,TRK0396242049,2,NONE,Website,100000,15000,2820000.0
ORD200901,2023-04-25,C91343,Phone,Elektronik,1,3905000.0,Jl. Mawar No. 126,Bandung,Jawa Barat,Transfer Bank,Returned,TRK0319951368,7,MIDYEAR15,Instagram,150000,15000,3770000.0
ORD200903,2024-12-11,C58285,Desk,Furniture,1,2554000.0,Jl. Mawar No. 54,Bandung,Jawa Barat,Kartu Kredit,Paid,TRK4364017979,5,NONE,Referral,50000,20000,2524000.0
ORD200906,2023-05-15,C34201,Keyboard,Aksesoris,3,715000.0,Jl. Anggrek No. 92,Yogyakarta,Di Yogyakarta,Kartu Kredit,Paid,TRK1498568065,2,BELANJA5,Tiktok,50000,30000,2125000.0
ORD200907,2024-09-30,C20406,Monitor,Elektronik,3,1396000.0,Jl. Kenanga No. 236,Palembang,Sumatera Selatan,Kartu Kredit,Delivered,TRK8517890500,6,BELANJA5,Website,150000,15000,4053000.0
ORD200908,2023-01-16,C65743,Router,Networking,4,1374000.0,Jl. Anggrek No. 36,Denpasar,Bali,Transfer Bank,Paid,TRK2598231228,4,MIDYEAR15,Instagram,150000,20000,5366000.0
ORD200909,2023-05-05,C47113,Tablet,Elektronik,3,6109000.0,Jl. Diponegoro No. 113,Denpasar,Bali,Kartu Kredit,Cancelled,TRK7682769871,4,NONE,Referral,100000,35000,18262000.0
ORD200910,2024-08-12,C87807,Desk,Furniture,4,3086000.0,Jl. Mawar No. 176,Palembang,Sumatera Selatan,E-Wallet,Paid,TRK2418489169,2,NONE,Tiktok,50000,35000,12329000.0
ORD200911,2024-04-26,C72319,Ssd,Storage,1,1890000.0,Jl. Sudirman No. 147,Yogyakarta,Di Yogyakarta,Transfer Bank,Returned,TRK5758527237,1,GRATISONGKIR,Tiktok,100000,15000,1805000.0
ORD200912,2024-05-11,C96500,Printer,Elektronik,3,3262500.0,Jl. Melati No. 19,Semarang,Jawa Tengah,QRIS,Cancelled,TRK1344078890,2,MIDYEAR15,Facebook,0,20000,9807500.0
ORD200913,2023-03-19,C18591,Switch,Networking,1,5188000.0,Jl. Kenanga No. 97,Semarang,Jawa Tengah,Transfer Bank,Returned,TRK4537409992,8,BELANJA5,Facebook,250000,15000,4953000.0
ORD200914,2023-10-22,C80330,Headset,Aksesoris,4,1662000.0,Jl. Anggrek No. 207,Makassar,Sulawesi Selatan,E-Wallet,Cancelled,TRK9171799193,1,BELANJA5,Website,150000,25000,6523000.0
ORD200915,2023-06-11,C42070,Headset,Aksesoris,3,776000.0,Jl. Diponegoro No. 200,Jakarta,Dki Jakarta,QRIS,Returned,TRK9972150913,1,HEMAT10,Referral,50000,40000,2318000.0
ORD200916,2024-06-13,C62872,Router,Networking,4,1528000.0,Jl. Sudirman No. 3,Jakarta,Dki Jakarta,E-Wallet,Shipped,TRK7328735076,7,MIDYEAR15,Google,0,30000,6142000.0
ORD200917,2023-02-13,C36424,Phone,Elektronik,4,5123000.0,Jl. Kenanga No. 44,Medan,Sumatera Utara,QRIS,Pending,TRK5442478710,3,GRATISONGKIR,Referral,50000,15000,20457000.0
ORD200918,2024-07-04,C29743,Monitor,Elektronik,3,4390000.0,Jl. Mawar No. 154,Yogyakarta,Di Yogyakarta,Transfer Bank,Paid,TRK9287649200,5,NONE,Tiktok,150000,15000,13035000.0
ORD200919,2023-03-30,C87083,Webcam,Aksesoris,3,1350000.0,Jl. Mawar No. 247,Makassar,Sulawesi Selatan,E-Wallet,Delivered,TRK2070140831,3,HEMAT10,Facebook,50000,40000,4040000.0
ORD200920,2023-01-31,C79060,Printer,Elektronik,1,4399000.0,Jl. Melati No. 41,Bandung,Jawa Barat,Kartu Kredit,Shipped,TRK3919527827,6,GRATISONGKIR,Tiktok,50000,20000,4369000.0
ORD200921,2024-08-07,C11892,Chair,Furniture,3,1876000.0,Jl. Kenanga No. 74,Jakarta,Dki Jakarta,Transfer Bank,Pending,TRK7926453312,5,NONE,Instagram,50000,20000,5598000.0
ORD200923,2023-12-06,C50526,Ssd,Storage,5,1513000.0,Jl. Anggrek No. 165,Jakarta,Dki Jakarta,E-Wallet,Returned,TRK5046441035,1,MIDYEAR15,Referral,100000,35000,7500000.0
ORD200925,2023-12-31,C85466,Webcam,Aksesoris,4,646000.0,Jl. Melati No. 205,Jakarta,Dki Jakarta,Transfer Bank,Delivered,TRK7812900601,5,NONE,Instagram,50000,25000,2559000.0
ORD200926,2023-05-03,C69361,Mouse,Aksesoris,4,398000.0,Jl. Melati No. 100,Palembang,Sumatera Selatan,COD,Pending,TRK8127829672,4,BELANJA5,Instagram,150000,20000,1462000.0
ORD200927,2023-08-12,C18479,Hdd,Storage,1,2921000.0,Jl. Mawar No. 121,Palembang,Sumatera Selatan,QRIS,Cancelled,TRK9790566791,5,GRATISONGKIR,Facebook,0,15000,2936000.0
ORD200928,2023-09-07,C68790,Hdd,Storage,3,3269000.0,Jl. Mawar No. 222,Jakarta,Dki Jakarta,COD,Paid,TRK4876908899,5,NONE,Google,100000,30000,9737000.0
ORD200930,2024-01-03,C63959,Router,Networking,3,2095000.0,Jl. Anggrek No. 37,Makassar,Sulawesi Selatan,E-Wallet,Returned,TRK0748492124,6,BELANJA5,Tiktok,150000,35000,6170000.0
ORD200931,2023-07-08,C61733,Router,Networking,4,1490000.0,Jl. Sudirman No. 235,Palembang,Sumatera Selatan,QRIS,Returned,TRK5120007844,8,GRATISONGKIR,Referral,150000,40000,5850000.0
ORD200932,2023-05-28,C40126,Headset,Aksesoris,1,1256000.0,Jl. Sudirman No. 52,Semarang,Jawa Tengah,E-Wallet,Shipped,TRK0588471508,5,MIDYEAR15,Referral,150000,35000,1141000.0
ORD200933,2023-07-11,C42278,Ssd,Storage,5,760000.0,Jl. Sudirman No. 27,Yogyakarta,Di Yogyakarta,QRIS,Paid,TRK2449783304,4,HEMAT10,Google,50000,30000,3780000.0
ORD200934,2023-08-03,C90045,Phone,Elektronik,2,3077000.0,Jl. Anggrek No. 120,Yogyakarta,Di Yogyakarta,QRIS,Paid,TRK8818749174,8,NONE,Facebook,100000,35000,6089000.0
ORD200935,2024-02-05,C64289,Keyboard,Aksesoris,3,317000.0,Jl. Mawar No. 1,Yogyakarta,Di Yogyakarta,COD,Cancelled,TRK7629868870,5,GRATISONGKIR,Instagram,50000,20000,921000.0
ORD200937,2024-05-17,C19609,Keyboard,Aksesoris,1,687000.0,Jl. Diponegoro No. 226,Makassar,Sulawesi Selatan,QRIS,Delivered,TRK4753791771,3,NONE,Tiktok,100000,40000,627000.0
ORD200938,2024-11-20,C77486,Webcam,Aksesoris,5,1704000.0,Jl. Kenanga No. 41,Bandung,Jawa Barat,QRIS,Delivered,TRK5102039750,3,MIDYEAR15,Website,0,30000,8550000.0
ORD200939,2024-06-15,C76685,Flash Drive,Storage,3,384000.0,Jl. Melati No. 220,Yogyakarta,Di Yogyakarta,E-Wallet,Cancelled,TRK1793847766,2,NONE,Facebook,0,15000,1167000.0
ORD200940,2024-06-24,C43307,Flash Drive,Storage,5,111000.0,Jl. Melati No. 205,Makassar,Sulawesi Selatan,QRIS,Paid,TRK7531327756,8,NONE,Instagram,150000,20000,425000.0
ORD200941,2023-08-09,C16237,Webcam,Aksesoris,3,475000.0,Jl. Mawar No. 120,Semarang,Jawa Tengah,Transfer Bank,Returned,TRK7214019148,7,HEMAT10,Referral,150000,20000,1295000.0
ORD200942,2023-06-30,C72015,Flash Drive,Storage,2,175000.0,Jl. Sudirman No. 116,Jakarta,Dki Jakarta,E-Wallet,Shipped,TRK9186570535,4,NONE,Google,250000,25000,125000.0
ORD200943,2024-09-30,C11930,Keyboard,Aksesoris,5,1078000.0,Jl. Anggrek No. 193,Yogyakarta,Di Yogyakarta,Transfer Bank,Delivered,TRK0862433941,7,BELANJA5,Referral,50000,40000,5380000.0
ORD200944,2023-06-17,C22547,Mouse,Aksesoris,2,368000.0,Jl. Diponegoro No. 72,Denpasar,Bali,QRIS,Delivered,TRK9573014705,8,MIDYEAR15,Website,150000,30000,616000.0
ORD200945,2023-06-21,C43812,Hdd,Storage,4,1401000.0,Jl. Mawar No. 53,Palembang,Sumatera Selatan,Transfer Bank,Delivered,TRK4604390340,6,HEMAT10,Google,0,20000,5624000.0
ORD200946,2024-12-02,C25467,Mouse,Aksesoris,2,432000.0,Jl. Sudirman No. 142,Jakarta,Dki Jakarta,Transfer Bank,Paid,TRK0662778554,7,NONE,Referral,50000,35000,849000.0
ORD200947,2023-08-16,C96504,Switch,Networking,1,6715000.0,Jl. Melati No. 198,Jakarta,Dki Jakarta,Transfer Bank,Pending,TRK7089416914,3,GRATISONGKIR,Google,150000,20000,6585000.0
ORD200948,2024-10-09,C66749,Chair,Furniture,2,1454000.0,Jl. Sudirman No. 206,Surabaya,Jawa Timur,QRIS,Paid,TRK5100353358,5,HEMAT10,Referral,100000,30000,2838000.0
ORD200949,2023-03-12,C62170,Chair,Furniture,3,2376000.0,Jl. Diponegoro No. 30,Semarang,Jawa Tengah,E-Wallet,Returned,TRK8894458858,1,NONE,Referral,100000,35000,7063000.0
ORD200950,2024-01-28,C20776,Keyboard,Aksesoris,3,687000.0,Jl. Anggrek No. 114,Medan,Sumatera Utara,QRIS,Cancelled,TRK3525845313,1,NONE,Website,100000,25000,1986000.0
ORD200951,2023-03-02,C67276,Headset,Aksesoris,1,821000.0,Jl. Kenanga No. 200,Bandung,Jawa Barat,QRIS,Delivered,TRK1083718745,8,NONE,Referral,100000,20000,741000.0
ORD200952,2024-03-17,C13163,Hdd,Storage,3,1596000.0,Jl. Anggrek No. 168,Medan,Sumatera Utara,QRIS,Delivered,TRK4830260170,4,NONE,Referral,150000,35000,4673000.0
ORD200953,2024-03-23,C95800,Monitor,Elektronik,2,3543000.0,Jl. Mawar No. 108,Unknown,Kalimantan Timur,QRIS,Returned,TRK6239498143,7,GRATISONGKIR,Website,50000,40000,7076000.0
ORD200954,2023-09-17,C52248,Webcam,Aksesoris,3,447000.0,Jl. Anggrek No. 7,Medan,Sumatera Utara,Transfer Bank,Delivered,TRK9001576243,4,GRATISONGKIR,Tiktok,50000,40000,1331000.0
ORD200955,2023-07-29,C14191,Hdd,Storage,1,3395000.0,Jl. Melati No. 193,Bandung,Jawa Barat,Kartu Kredit,Pending,TRK7128040138,1,GRATISONGKIR,Referral,0,35000,3430000.0
ORD200956,2023-04-12,C66045,Mouse,Aksesoris,1,136000.0,Jl. Mawar No. 178,Surabaya,Jawa Timur,Unknown,Paid,TRK0022473397,5,MIDYEAR15,Facebook,0,40000,176000.0
ORD200957,2024-08-01,C83633,Switch,Networking,2,2560000.0,Jl. Sudirman No. 178,Denpasar,Bali,E-Wallet,Pending,TRK9556088972,5,HEMAT10,Referral,0,40000,5160000.0
ORD200958,2023-07-11,C30783,Phone,Elektronik,1,8131000.0,Jl. Sudirman No. 157,Palembang,Sumatera Selatan,QRIS,Returned,TRK1137170266,1,NONE,Instagram,150000,40000,8021000.0
ORD200959,2023-07-07,C23964,Chair,Furniture,2,1130000.0,Jl. Sudirman No. 45,Denpasar,Bali,QRIS,Shipped,TRK7967137651,1,BELANJA5,Tiktok,150000,40000,2150000.0
ORD200960,2023-11-04,C45629,Flash Drive,Storage,3,441000.0,Jl. Anggrek No. 41,Jakarta,Dki Jakarta,Transfer Bank,Cancelled,TRK5593417306,5,BELANJA5,Referral,250000,15000,1088000.0
ORD200962,2024-05-17,C72531,Ssd,Storage,5,1538000.0,Jl. Mawar No. 14,Palembang,Sumatera Selatan,QRIS,Delivered,TRK4174199962,3,NONE,Instagram,250000,15000,7455000.0
ORD200963,2024-05-07,C95297,Webcam,Aksesoris,2,1176000.0,Jl. Diponegoro No. 24,Denpasar,Bali,Kartu Kredit,Pending,TRK2721513331,3,NONE,Facebook,100000,30000,2282000.0
ORD200965,2023-06-12,C90545,Printer,Elektronik,5,5915000.0,Jl. Anggrek No. 131,Makassar,Sulawesi Selatan,Transfer Bank,Returned,TRK0164721422,7,HEMAT10,Google,250000,30000,29355000.0
ORD200968,2023-04-25,C15525,Router,Networking,1,2175000.0,Jl. Sudirman No. 137,Unknown,Jawa Tengah,Transfer Bank,Delivered,TRK9447467320,1,NONE,Referral,250000,20000,1945000.0
ORD200969,2023-01-08,C31441,Printer,Elektronik,5,1643000.0,Jl. Sudirman No. 235,Semarang,Jawa Tengah,QRIS,Cancelled,TRK3812574283,1,MIDYEAR15,Facebook,50000,35000,8200000.0
ORD200971,2024-07-07,C87185,Mouse,Aksesoris,5,470000.0,Jl. Kenanga No. 171,Makassar,Sulawesi Selatan,COD,Shipped,TRK4049713929,1,NONE,Referral,50000,25000,2325000.0
ORD200972,2024-06-27,C49813,Headset,Aksesoris,3,1002000.0,Jl. Melati No. 122,Bandung,Jawa Barat,Kartu Kredit,Returned,TRK6728669180,6,NONE,Website,0,15000,3021000.0
ORD200973,2023-08-30,C19705,Ssd,Storage,4,1414000.0,Jl. Sudirman No. 49,Balikpapan,Kalimantan Timur,QRIS,Shipped,TRK3252577625,3,NONE,Google,0,25000,5681000.0
ORD200974,2023-02-24,C54388,Printer,Elektronik,5,2217000.0,Jl. Kenanga No. 10,Medan,Sumatera Utara,E-Wallet,Cancelled,TRK0076459525,1,HEMAT10,Referral,150000,35000,10970000.0
ORD200975,2024-07-23,C46156,Chair,Furniture,2,1761000.0,Jl. Diponegoro No. 249,Bandung,Jawa Barat,Kartu Kredit,Shipped,TRK5239420420,6,MIDYEAR15,Facebook,250000,35000,3307000.0
ORD200976,2023-02-23,C46995,Mouse,Aksesoris,4,168000.0,Jl. Melati No. 9,Yogyakarta,Di Yogyakarta,Transfer Bank,Shipped,TRK6172501468,7,BELANJA5,Google,50000,35000,657000.0
ORD200977,2024-10-02,C47170,Hdd,Storage,3,2074000.0,Jl. Diponegoro No. 86,Surabaya,Jawa Timur,COD,Shipped,TRK4200923677,5,NONE,Instagram,50000,35000,6207000.0
ORD200978,2024-02-14,C74120,Chair,Furniture,1,1232000.0,Jl. Anggrek No. 155,Yogyakarta,Di Yogyakarta,COD,Delivered,TRK8107572433,1,MIDYEAR15,Google,0,40000,1272000.0
ORD200979,2024-09-08,C86654,Ssd,Storage,1,1654000.0,Jl. Mawar No. 144,Yogyakarta,Di Yogyakarta,Transfer Bank,Delivered,TRK8990753173,4,HEMAT10,Google,100000,20000,1574000.0
ORD200980,2023-05-10,C92954,Desk,Furniture,5,3019000.0,Jl. Sudirman No. 84,Yogyakarta,Di Yogyakarta,Transfer Bank,Shipped,TRK2346170850,2,BELANJA5,Facebook,250000,20000,14865000.0
ORD200981,2023-12-08,C31277,Desk,Furniture,2,3408000.0,Jl. Anggrek No. 189,Makassar,Sulawesi Selatan,E-Wallet,Cancelled,TRK6787633801,3,MIDYEAR15,Google,0,30000,6846000.0
ORD200982,2024-04-13,C50753,Monitor,Elektronik,5,1227000.0,Jl. Kenanga No. 88,Medan,Sumatera Utara,Transfer Bank,Returned,TRK3248656812,4,GRATISONGKIR,Facebook,250000,40000,5925000.0
ORD200984,2023-03-27,C45675,Printer,Elektronik,4,1438000.0,Jl. Mawar No. 33,Surabaya,Jawa Timur,COD,Shipped,TRK0731865069,6,NONE,Google,150000,25000,5627000.0
ORD200985,2023-05-03,C56858,Tablet,Elektronik,5,8807000.0,Jl. Anggrek No. 162,Bandung,Jawa Barat,COD,Delivered,TRK1827866852,7,GRATISONGKIR,Website,100000,25000,43960000.0
ORD200986,2023-02-17,C96054,Desk,Furniture,5,2975000.0,Jl. Anggrek No. 250,Makassar,Sulawesi Selatan,QRIS,Pending,TRK6615319741,3,MIDYEAR15,Google,0,15000,14890000.0
ORD200987,2023-11-19,C96402,Ssd,Storage,2,392000.0,Jl. Kenanga No. 72,Balikpapan,Kalimantan Timur,COD,Cancelled,TRK7885994211,5,HEMAT10,Instagram,50000,20000,754000.0
ORD200988,2024-06-13,C70210,Chair,Furniture,4,1698000.0,Jl. Anggrek No. 82,Denpasar,Bali,E-Wallet,Paid,TRK4724232560,1,HEMAT10,Website,0,35000,6827000.0
ORD200989,2023-03-12,C54206,Printer,Elektronik,4,4051000.0,Jl. Kenanga No. 82,Bandung,Jawa Barat,E-Wallet,Delivered,TRK9532599290,4,MIDYEAR15,Referral,100000,35000,16139000.0
ORD200990,2024-09-12,C51121,Headset,Aksesoris,3,1743000.0,Jl. Kenanga No. 110,Surabaya,Jawa Timur,QRIS,Pending,TRK8548032209,5,NONE,Tiktok,250000,40000,5019000.0
ORD200991,2023-09-06,C73126,Webcam,Aksesoris,2,738000.0,Jl. Diponegoro No. 172,Makassar,Sulawesi Selatan,QRIS,Paid,TRK3409398117,4,HEMAT10,Google,100000,30000,1406000.0
ORD200992,2023-01-30,C26556,Flash Drive,Storage,4,397000.0,Jl. Anggrek No. 202,Yogyakarta,Di Yogyakarta,E-Wallet,Returned,TRK5744786292,8,NONE,Website,100000,20000,1508000.0
ORD200993,2023-02-19,C30700,Chair,Furniture,1,790000.0,Jl. Diponegoro No. 2,Surabaya,Jawa Timur,Transfer Bank,Pending,TRK1225999775,1,HEMAT10,Google,150000,15000,655000.0
ORD200994,2023-09-27,C86084,Webcam,Aksesoris,1,354000.0,Jl. Anggrek No. 107,Denpasar,Bali,E-Wallet,Paid,TRK5245512738,6,MIDYEAR15,Website,100000,20000,274000.0
ORD200995,2023-09-25,C67981,Phone,Elektronik,4,5663000.0,Jl. Sudirman No. 110,Palembang,Sumatera Selatan,E-Wallet,Delivered,TRK8206557045,5,NONE,Google,0,35000,22687000.0
ORD200996,2023-10-03,C63410,Mouse,Aksesoris,3,592000.0,Jl. Mawar No. 246,Bandung,Jawa Barat,Kartu Kredit,Shipped,TRK6936512361,7,BELANJA5,Website,250000,25000,1551000.0
ORD200997,2023-04-13,C70213,Chair,Furniture,3,2311000.0,Jl. Diponegoro No. 6,Surabaya,Jawa Timur,Transfer Bank,Returned,TRK6110087702,1,NONE,Instagram,0,30000,6963000.0
ORD200998,2024-05-19,C18455,Phone,Elektronik,5,1886000.0,Jl. Anggrek No. 67,Bandung,Jawa Barat,QRIS,Delivered,TRK4111049236,6,NONE,Referral,100000,40000,9370000.0
ORD200999,2024-12-01,C94200,Monitor,Elektronik,1,4335000.0,Jl. Melati No. 47,Makassar,Sulawesi Selatan,QRIS,Shipped,TRK3817999703,7,HEMAT10,Website,100000,20000,4255000.0
ORD201000,2023-06-02,C20008,Mouse,Aksesoris,2,347000.0,Jl. Melati No. 6,Makassar,Sulawesi Selatan,Transfer Bank,Pending,TRK9755373727,6,GRATISONGKIR,Website,100000,20000,614000.0
ORD201001,2024-03-07,C20978,Printer,Elektronik,2,2044000.0,Jl. Melati No. 21,Semarang,Jawa Tengah,COD,Paid,TRK7659750852,8,HEMAT10,Referral,0,15000,4103000.0
ORD201002,2023-12-01,C85988,Ssd,Storage,3,1838000.0,Jl. Melati No. 153,Bandung,Jawa Barat,QRIS,Pending,TRK0203862126,2,GRATISONGKIR,Website,150000,35000,5399000.0
ORD201003,2023-02-18,C20826,Chair,Furniture,1,896000.0,Jl. Mawar No. 205,Surabaya,Jawa Timur,E-Wallet,Paid,TRK2220048210,4,NONE,Instagram,50000,25000,871000.0
ORD201004,2023-01-09,C41142,Webcam,Aksesoris,1,673000.0,Jl. Sudirman No. 32,Balikpapan,Kalimantan Timur,E-Wallet,Delivered,TRK8791050682,7,HEMAT10,Tiktok,100000,35000,608000.0
ORD201006,2024-05-04,C91756,Headset,Aksesoris,4,1513000.0,Jl. Mawar No. 105,Makassar,Sulawesi Selatan,COD,Paid,TRK4124225532,8,GRATISONGKIR,Instagram,0,15000,6067000.0
ORD201007,2024-07-31,C42277,Flash Drive,Storage,5,92000.0,Jl. Mawar No. 218,Palembang,Sumatera Selatan,Transfer Bank,Paid,TRK1896645247,6,NONE,Tiktok,150000,40000,350000.0
ORD201008,2023-10-19,C18775,Chair,Furniture,5,2432000.0,Jl. Melati No. 146,Palembang,Sumatera Selatan,Kartu Kredit,Returned,TRK0564728632,4,GRATISONGKIR,Google,250000,25000,11935000.0
ORD201009,2023-09-07,C50755,Ssd,Storage,4,894000.0,Jl. Anggrek No. 6,Balikpapan,Kalimantan Timur,Kartu Kredit,Pending,TRK6396128246,7,HEMAT10,Tiktok,250000,25000,3351000.0
ORD201010,2024-07-14,C96475,Chair,Furniture,4,1462000.0,Jl. Sudirman No. 247,Denpasar,Bali,Kartu Kredit,Cancelled,TRK2166383205,4,HEMAT10,Instagram,150000,40000,5738000.0
ORD201011,2024-09-16,C74628,Flash Drive,Storage,1,203000.0,Jl. Melati No. 82,Jakarta,Dki Jakarta,QRIS,Cancelled,TRK5025992469,1,HEMAT10,Facebook,150000,35000,88000.0
ORD201012,2024-05-09,C24088,Monitor,Elektronik,3,4195000.0,Jl. Diponegoro No. 205,Denpasar,Bali,QRIS,Cancelled,TRK6581671087,7,MIDYEAR15,Referral,150000,20000,12455000.0
ORD201013,2024-09-21,C33168,Keyboard,Aksesoris,5,196000.0,Jl. Diponegoro No. 177,Yogyakarta,Di Yogyakarta,COD,Returned,TRK9587711833,1,HEMAT10,Instagram,0,30000,1010000.0
ORD201014,2024-07-23,C71228,Hdd,Storage,1,1388000.0,Jl. Diponegoro No. 19,Surabaya,Jawa Timur,E-Wallet,Cancelled,TRK9686464474,6,NONE,Facebook,250000,30000,1168000.0
ORD201016,2024-02-19,C92396,Headset,Aksesoris,3,768000.0,Jl. Melati No. 1,Yogyakarta,Di Yogyakarta,E-Wallet,Delivered,TRK4179386585,7,BELANJA5,Google,50000,25000,2279000.0
ORD201017,2024-06-13,C94967,Hdd,Storage,2,825000.0,Jl. Anggrek No. 184,Surabaya,Jawa Timur,QRIS,Paid,TRK4358476006,5,NONE,Google,0,25000,1675000.0
ORD201019,2023-02-16,C73559,Ssd,Storage,3,1372000.0,Jl. Diponegoro No. 66,Medan,Sumatera Utara,Transfer Bank,Shipped,TRK5396862854,1,MIDYEAR15,Referral,50000,40000,4106000.0
ORD201020,2024-04-05,C31531,Monitor,Elektronik,1,2797000.0,Jl. Diponegoro No. 26,Unknown,Sumatera Selatan,QRIS,Pending,TRK6074117032,6,NONE,Instagram,100000,20000,2717000.0
ORD201022,2023-02-08,C37546,Flash Drive,Storage,3,172000.0,Jl. Kenanga No. 74,Semarang,Jawa Tengah,COD,Cancelled,TRK9638508684,7,NONE,Website,50000,20000,486000.0
ORD201024,2024-08-20,C36892,Keyboard,Aksesoris,2,851000.0,Jl. Kenanga No. 146,Makassar,Sulawesi Selatan,QRIS,Pending,TRK4455281201,3,NONE,Website,250000,25000,1477000.0
ORD201025,2024-06-27,C13227,Printer,Elektronik,4,1310000.0,Jl. Diponegoro No. 113,Balikpapan,Kalimantan Timur,QRIS,Pending,TRK8153759992,6,BELANJA5,Google,50000,15000,5205000.0
ORD201026,2024-03-17,C35204,Webcam,Aksesoris,5,893000.0,Jl. Mawar No. 29,Palembang,Sumatera Selatan,Kartu Kredit,Returned,TRK3154956999,3,BELANJA5,Instagram,0,35000,4500000.0
ORD201027,2023-04-22,C10059,Switch,Networking,3,1569000.0,Jl. Sudirman No. 131,Palembang,Sumatera Selatan,E-Wallet,Shipped,TRK6761153075,8,MIDYEAR15,Facebook,0,20000,4727000.0
ORD201029,2023-07-04,C28950,Headset,Aksesoris,4,1721000.0,Jl. Mawar No. 28,Semarang,Jawa Tengah,QRIS,Shipped,TRK2327160629,5,BELANJA5,Tiktok,250000,20000,6654000.0
ORD201030,2024-12-19,C77127,Chair,Furniture,3,2037000.0,Jl. Sudirman No. 69,Bandung,Jawa Barat,Transfer Bank,Paid,TRK7762926972,6,GRATISONGKIR,Referral,250000,40000,5901000.0
ORD201031,2023-06-13,C93610,Mouse,Aksesoris,3,472000.0,Jl. Kenanga No. 7,Balikpapan,Kalimantan Timur,Transfer Bank,Pending,TRK3920690923,6,NONE,Google,0,40000,1456000.0
ORD201032,2023-12-06,C40646,Webcam,Aksesoris,2,299000.0,Jl. Sudirman No. 196,Semarang,Jawa Tengah,Kartu Kredit,Delivered,TRK2985438244,6,GRATISONGKIR,Tiktok,50000,15000,563000.0
ORD201034,2024-10-27,C83057,Flash Drive,Storage,5,411000.0,Jl. Sudirman No. 148,Jakarta,Dki Jakarta,COD,Cancelled,TRK5432844230,7,GRATISONGKIR,Facebook,100000,25000,1980000.0
ORD201035,2024-02-22,C93236,Switch,Networking,5,2252000.0,Jl. Mawar No. 91,Semarang,Jawa Tengah,Unknown,Cancelled,TRK9570753980,6,GRATISONGKIR,Tiktok,150000,25000,11135000.0
ORD201036,2024-01-03,C58832,Mouse,Aksesoris,1,349000.0,Jl. Kenanga No. 208,Palembang,Sumatera Selatan,QRIS,Pending,TRK9578743222,3,BELANJA5,Referral,0,35000,384000.0
ORD201039,2023-03-12,C91954,Monitor,Elektronik,4,2965000.0,Jl. Anggrek No. 200,Makassar,Sulawesi Selatan,QRIS,Cancelled,TRK0063772775,7,MIDYEAR15,Google,150000,20000,11730000.0
ORD201041,2024-03-03,C45251,Chair,Furniture,5,1828000.0,Jl. Anggrek No. 248,Medan,Sumatera Utara,Transfer Bank,Cancelled,TRK3496513051,4,MIDYEAR15,Referral,0,30000,9170000.0
ORD201042,2024-03-20,C88846,Hdd,Storage,5,2964000.0,Jl. Kenanga No. 234,Balikpapan,Kalimantan Timur,Transfer Bank,Returned,TRK9189273257,4,NONE,Facebook,100000,30000,14750000.0
ORD201043,2023-11-21,C88078,Printer,Elektronik,1,4949000.0,Jl. Diponegoro No. 214,Palembang,Sumatera Selatan,COD,Pending,TRK2142074294,7,NONE,Google,250000,35000,4734000.0
ORD201044,2023-09-27,C48245,Chair,Furniture,5,2839000.0,Jl. Kenanga No. 15,Surabaya,Jawa Timur,QRIS,Shipped,TRK3802270796,4,NONE,Website,0,35000,14230000.0
ORD201045,2023-05-29,C72364,Router,Networking,3,1988000.0,Jl. Diponegoro No. 50,Balikpapan,Kalimantan Timur,COD,Paid,TRK0481298730,3,NONE,Instagram,0,25000,5989000.0
ORD201046,2023-10-14,C89692,Headset,Aksesoris,2,472000.0,Jl. Melati No. 223,Balikpapan,Kalimantan Timur,QRIS,Paid,TRK8834866441,4,HEMAT10,Referral,150000,25000,819000.0
ORD201047,2023-05-27,C88382,Switch,Networking,5,6215000.0,Jl. Sudirman No. 5,Makassar,Sulawesi Selatan,Kartu Kredit,Cancelled,TRK7502707680,2,GRATISONGKIR,Website,0,35000,31110000.0
ORD201048,2024-04-30,C16045,Monitor,Elektronik,4,3664000.0,Jl. Kenanga No. 227,Medan,Sumatera Utara,E-Wallet,Shipped,TRK7635574123,2,HEMAT10,Instagram,0,25000,14681000.0
ORD201049,2023-08-20,C55373,Printer,Elektronik,3,2532000.0,Jl. Anggrek No. 13,Medan,Sumatera Utara,Kartu Kredit,Cancelled,TRK3184592547,7,NONE,Tiktok,0,20000,7616000.0
ORD201050,2024-01-06,C57674,Ssd,Storage,5,1568000.0,Jl. Mawar No. 123,Balikpapan,Kalimantan Timur,Kartu Kredit,Shipped,TRK0139344067,4,BELANJA5,Tiktok,0,30000,7870000.0
ORD201051,2024-06-26,C49606,Mouse,Aksesoris,3,383000.0,Jl. Kenanga No. 209,Jakarta,Dki Jakarta,COD,Paid,TRK4207563503,5,MIDYEAR15,Facebook,50000,40000,1139000.0
ORD201053,2023-08-11,C62083,Webcam,Aksesoris,1,619000.0,Jl. Kenanga No. 232,Jakarta,Dki Jakarta,COD,Pending,TRK0580033813,4,NONE,Referral,50000,30000,599000.0
ORD201054,2024-03-11,C20043,Flash Drive,Storage,2,173000.0,Jl. Sudirman No. 121,Denpasar,Bali,COD,Returned,TRK1637135024,1,BELANJA5,Website,100000,20000,266000.0
ORD201055,2024-11-19,C44314,Flash Drive,Storage,3,296000.0,Jl. Sudirman No. 32,Bandung,Jawa Barat,Transfer Bank,Shipped,TRK8903814089,3,BELANJA5,Facebook,50000,35000,873000.0
ORD201056,2023-12-20,C49070,Switch,Networking,3,6337000.0,Jl. Diponegoro No. 109,Unknown,Bali,Kartu Kredit,Pending,TRK3340876761,3,GRATISONGKIR,Google,50000,35000,18996000.0
ORD201058,2023-02-06,C12166,Mouse,Aksesoris,5,312000.0,Jl. Anggrek No. 10,Balikpapan,Kalimantan Timur,Transfer Bank,Paid,TRK2367080068,8,MIDYEAR15,Website,250000,20000,1330000.0
ORD201059,2024-04-13,C67092,Ssd,Storage,4,1839000.0,Jl. Kenanga No. 50,Denpasar,Bali,E-Wallet,Returned,TRK1167580454,6,HEMAT10,Website,150000,25000,7231000.0
ORD201060,2023-11-03,C26677,Printer,Elektronik,1,3330000.0,Jl. Diponegoro No. 102,Semarang,Jawa Tengah,Transfer Bank,Shipped,TRK1010553372,8,BELANJA5,Referral,0,40000,3370000.0
ORD201061,2023-12-31,C11919,Flash Drive,Storage,5,276000.0,Jl. Mawar No. 167,Bandung,Jawa Barat,Kartu Kredit,Cancelled,TRK1615114195,1,NONE,Referral,100000,25000,1305000.0
ORD201062,2023-07-21,C61990,Hdd,Storage,4,1830000.0,Jl. Diponegoro No. 48,Bandung,Jawa Barat,QRIS,Shipped,TRK6434114176,2,GRATISONGKIR,Tiktok,100000,15000,7235000.0
ORD201063,2024-10-26,C57582,Printer,Elektronik,2,3048000.0,Jl. Diponegoro No. 67,Bandung,Jawa Barat,QRIS,Shipped,TRK5811849618,7,NONE,Instagram,100000,40000,6036000.0
ORD201064,2024-07-24,C28749,Switch,Networking,3,5537000.0,Jl. Kenanga No. 105,Surabaya,Jawa Timur,Transfer Bank,Cancelled,TRK1540916529,3,NONE,Instagram,100000,35000,16546000.0
ORD201065,2024-08-31,C25109,Keyboard,Aksesoris,5,672000.0,Jl. Melati No. 170,Balikpapan,Kalimantan Timur,Transfer Bank,Pending,TRK7130565857,4,BELANJA5,Google,250000,25000,3135000.0
ORD201066,2024-11-18,C24807,Webcam,Aksesoris,3,1104000.0,Jl. Anggrek No. 29,Semarang,Jawa Tengah,QRIS,Shipped,TRK6800773374,6,GRATISONGKIR,Instagram,0,30000,3342000.0
ORD201067,2024-10-09,C67748,Flash Drive,Storage,2,424000.0,Jl. Anggrek No. 69,Balikpapan,Kalimantan Timur,E-Wallet,Cancelled,TRK3840158071,5,GRATISONGKIR,Facebook,0,15000,863000.0
ORD201068,2024-03-04,C42120,Flash Drive,Storage,4,311000.0,Jl. Diponegoro No. 31,Unknown,Jawa Tengah,Unknown,Cancelled,TRK5538061157,5,BELANJA5,Facebook,0,25000,1269000.0
ORD201070,2023-11-25,C59191,Hdd,Storage,5,2972000.0,Jl. Kenanga No. 40,Balikpapan,Kalimantan Timur,QRIS,Cancelled,TRK1094303430,7,HEMAT10,Instagram,150000,35000,14745000.0
ORD201071,2023-05-26,C48124,Ssd,Storage,1,827000.0,Jl. Kenanga No. 139,Palembang,Sumatera Selatan,Transfer Bank,Cancelled,TRK7515087697,8,NONE,Tiktok,0,35000,862000.0
ORD201072,2024-10-31,C72080,Flash Drive,Storage,2,215000.0,Jl. Anggrek No. 29,Surabaya,Jawa Timur,Transfer Bank,Shipped,TRK8806392749,1,NONE,Tiktok,0,15000,445000.0
ORD201074,2023-02-12,C82984,Flash Drive,Storage,4,262000.0,Jl. Anggrek No. 28,Jakarta,Dki Jakarta,Transfer Bank,Shipped,TRK9658788924,8,MIDYEAR15,Tiktok,100000,25000,973000.0
ORD201075,2024-02-26,C76815,Tablet,Elektronik,2,3446000.0,Jl. Melati No. 79,Balikpapan,Kalimantan Timur,COD,Returned,TRK2076824542,4,BELANJA5,Website,50000,30000,6872000.0
ORD201076,2023-02-23,C21304,Webcam,Aksesoris,3,344000.0,Jl. Melati No. 57,Balikpapan,Kalimantan Timur,COD,Shipped,TRK7511319788,8,MIDYEAR15,Website,0,15000,1047000.0
ORD201077,2024-12-23,C91298,Keyboard,Aksesoris,4,851000.0,Jl. Melati No. 194,Bandung,Jawa Barat,E-Wallet,Paid,TRK1062386235,5,BELANJA5,Referral,150000,35000,3289000.0
ORD201078,2024-09-15,C16858,Printer,Elektronik,3,1357000.0,Jl. Anggrek No. 61,Makassar,Sulawesi Selatan,Transfer Bank,Cancelled,TRK5790216231,3,HEMAT10,Referral,100000,20000,3991000.0
ORD201079,2024-02-27,C39439,Flash Drive,Storage,3,107000.0,Jl. Melati No. 91,Balikpapan,Kalimantan Timur,Transfer Bank,Paid,TRK2548752526,7,BELANJA5,Tiktok,50000,40000,311000.0
ORD201080,2024-09-17,C61018,Router,Networking,5,2239000.0,Jl. Diponegoro No. 153,Makassar,Sulawesi Selatan,Kartu Kredit,Delivered,TRK9569578945,1,NONE,Website,150000,20000,11065000.0
ORD201081,2023-12-01,C91774,Printer,Elektronik,5,2437000.0,Jl. Melati No. 143,Yogyakarta,Di Yogyakarta,Transfer Bank,Cancelled,TRK1585246740,2,NONE,Instagram,250000,25000,11960000.0
ORD201082,2024-11-10,C36260,Keyboard,Aksesoris,1,372000.0,Jl. Anggrek No. 232,Balikpapan,Kalimantan Timur,E-Wallet,Shipped,TRK8822305716,3,MIDYEAR15,Facebook,150000,40000,262000.0
ORD201083,2023-07-16,C33128,Flash Drive,Storage,5,286000.0,Jl. Anggrek No. 63,Denpasar,Bali,Transfer Bank,Cancelled,TRK0899937489,5,NONE,Website,150000,15000,1295000.0
ORD201084,2023-08-26,C93959,Ssd,Storage,2,1865000.0,Jl. Anggrek No. 13,Medan,Sumatera Utara,QRIS,Paid,TRK8491379053,1,GRATISONGKIR,Instagram,0,25000,3755000.0
ORD201086,2024-10-30,C44679,Chair,Furniture,5,2454000.0,Jl. Kenanga No. 131,Jakarta,Dki Jakarta,Transfer Bank,Delivered,TRK5028040997,6,HEMAT10,Tiktok,0,20000,12290000.0
ORD201087,2024-08-18,C32101,Flash Drive,Storage,5,240000.0,Jl. Kenanga No. 108,Palembang,Sumatera Selatan,QRIS,Returned,TRK5688035240,2,HEMAT10,Instagram,0,25000,1225000.0
ORD201088,2023-05-10,C26536,Phone,Elektronik,5,4619000.0,Jl. Diponegoro No. 163,Bandung,Jawa Barat,Kartu Kredit,Returned,TRK4266684713,7,NONE,Facebook,150000,25000,22970000.0
ORD201089,2023-04-30,C50431,Hdd,Storage,2,736000.0,Jl. Kenanga No. 236,Yogyakarta,Di Yogyakarta,Transfer Bank,Pending,TRK3349336856,3,MIDYEAR15,Facebook,0,25000,1497000.0
ORD201090,2023-09-06,C88838,Mouse,Aksesoris,1,373000.0,Jl. Sudirman No. 247,Semarang,Jawa Tengah,COD,Cancelled,TRK8194030373,5,NONE,Website,0,15000,388000.0
ORD201091,2024-11-21,C74289,Router,Networking,1,743000.0,Jl. Kenanga No. 86,Semarang,Jawa Tengah,Kartu Kredit,Cancelled,TRK4572993971,4,BELANJA5,Google,50000,20000,713000.0
ORD201092,2023-05-26,C89094,Mouse,Aksesoris,4,423000.0,Jl. Anggrek No. 113,Unknown,Sumatera Utara,QRIS,Pending,TRK6700996401,6,MIDYEAR15,Website,100000,15000,1607000.0
ORD201093,2023-05-25,C35004,Router,Networking,1,2263000.0,Jl. Kenanga No. 228,Makassar,Sulawesi Selatan,COD,Cancelled,TRK9344070435,5,HEMAT10,Instagram,0,40000,2303000.0
ORD201095,2024-08-30,C21112,Printer,Elektronik,4,2676000.0,Jl. Sudirman No. 125,Denpasar,Bali,QRIS,Paid,TRK5638173130,1,GRATISONGKIR,Instagram,150000,40000,10594000.0
ORD201096,2024-06-18,C55145,Headset,Aksesoris,3,554000.0,Jl. Anggrek No. 90,Denpasar,Bali,Transfer Bank,Delivered,TRK2951907190,2,GRATISONGKIR,Referral,0,15000,1677000.0
ORD201097,2023-10-22,C35456,Desk,Furniture,2,2495000.0,Jl. Kenanga No. 105,Semarang,Jawa Tengah,COD,Pending,TRK2392615527,7,GRATISONGKIR,Referral,100000,25000,4915000.0
ORD201098,2023-03-17,C48043,Router,Networking,5,2394000.0,Jl. Anggrek No. 98,Medan,Sumatera Utara,Transfer Bank,Shipped,TRK2558362135,8,BELANJA5,Tiktok,0,25000,11995000.0
ORD201099,2023-07-10,C73951,Switch,Networking,5,1304000.0,Jl. Kenanga No. 142,Jakarta,Dki Jakarta,E-Wallet,Shipped,TRK1316799316,6,BELANJA5,Instagram,250000,15000,6285000.0
ORD201100,2024-05-04,C74226,Hdd,Storage,1,3277000.0,Jl. Sudirman No. 164,Palembang,Sumatera Selatan,Kartu Kredit,Pending,TRK6038024627,2,HEMAT10,Referral,250000,40000,3067000.0
ORD201101,2024-07-02,C49985,Ssd,Storage,5,1807000.0,Jl. Mawar No. 183,Surabaya,Jawa Timur,COD,Returned,TRK3979923672,3,GRATISONGKIR,Instagram,0,30000,9065000.0
ORD201103,2023-08-06,C30738,Ssd,Storage,1,1883000.0,Jl. Kenanga No. 44,Semarang,Jawa Tengah,QRIS,Shipped,TRK2219088774,2,MIDYEAR15,Website,250000,30000,1663000.0
ORD201105,2024-09-17,C56980,Headset,Aksesoris,5,899000.0,Jl. Melati No. 125,Palembang,Sumatera Selatan,Kartu Kredit,Pending,TRK0679382074,1,BELANJA5,Tiktok,250000,25000,4270000.0
ORD201106,2023-11-24,C77996,Chair,Furniture,5,899000.0,Jl. Melati No. 224,Balikpapan,Kalimantan Timur,Transfer Bank,Paid,TRK1282719399,8,GRATISONGKIR,Website,250000,40000,4285000.0
ORD201107,2024-03-10,C40317,Printer,Elektronik,3,3262500.0,Jl. Anggrek No. 182,Jakarta,Dki Jakarta,COD,Paid,TRK1109353961,7,MIDYEAR15,Instagram,150000,15000,9652500.0
ORD201108,2024-04-27,C61953,Desk,Furniture,2,1931000.0,Jl. Kenanga No. 169,Palembang,Sumatera Selatan,QRIS,Shipped,TRK6493350763,5,GRATISONGKIR,Tiktok,100000,25000,3787000.0
ORD201110,2023-03-22,C77965,Desk,Furniture,3,1334000.0,Jl. Mawar No. 75,Medan,Sumatera Utara,QRIS,Pending,TRK3354241812,7,GRATISONGKIR,Instagram,100000,20000,3922000.0
ORD201111,2023-01-06,C66624,Ssd,Storage,2,1542000.0,Jl. Mawar No. 188,Denpasar,Bali,Kartu Kredit,Pending,TRK1717592356,4,MIDYEAR15,Website,100000,15000,2999000.0
ORD201112,2024-11-20,C41803,Monitor,Elektronik,5,2634000.0,Jl. Mawar No. 100,Jakarta,Dki Jakarta,Transfer Bank,Pending,TRK1399916190,6,BELANJA5,Referral,150000,20000,13040000.0
ORD201113,2024-08-20,C41540,Ssd,Storage,4,1921000.0,Jl. Kenanga No. 139,Makassar,Sulawesi Selatan,E-Wallet,Pending,TRK7611963983,6,MIDYEAR15,Instagram,100000,40000,7624000.0
ORD201114,2024-11-11,C46235,Phone,Elektronik,1,5338000.0,Jl. Mawar No. 13,Medan,Sumatera Utara,QRIS,Pending,TRK2298647590,2,MIDYEAR15,Tiktok,150000,40000,5228000.0
ORD201115,2023-03-17,C31856,Hdd,Storage,1,1985000.0,Jl. Sudirman No. 183,Balikpapan,Kalimantan Timur,QRIS,Delivered,TRK6062649624,4,BELANJA5,Referral,250000,30000,1765000.0
ORD201116,2024-07-19,C59349,Chair,Furniture,1,2939000.0,Jl. Melati No. 121,Jakarta,Dki Jakarta,E-Wallet,Shipped,TRK7250167039,1,NONE,Referral,100000,20000,2859000.0
ORD201118,2024-02-01,C33605,Keyboard,Aksesoris,3,1071000.0,Jl. Anggrek No. 182,Surabaya,Jawa Timur,Kartu Kredit,Delivered,TRK0466818131,1,BELANJA5,Google,150000,25000,3088000.0
ORD201121,2023-07-21,C31917,Switch,Networking,2,1476000.0,Jl. Mawar No. 124,Denpasar,Bali,QRIS,Shipped,TRK8331793558,1,GRATISONGKIR,Facebook,250000,40000,2742000.0
ORD201122,2024-10-31,C18028,Hdd,Storage,2,3132000.0,Jl. Kenanga No. 130,Makassar,Sulawesi Selatan,COD,Shipped,TRK1182609351,8,BELANJA5,Website,50000,30000,6244000.0
ORD201123,2024-12-30,C21687,Headset,Aksesoris,4,691000.0,Jl. Melati No. 196,Denpasar,Bali,Transfer Bank,Cancelled,TRK9121319184,3,GRATISONGKIR,Google,150000,30000,2644000.0
ORD201124,2024-04-06,C77385,Ssd,Storage,4,1364000.0,Jl. Mawar No. 115,Jakarta,Dki Jakarta,QRIS,Returned,TRK7099194521,7,MIDYEAR15,Referral,150000,30000,5336000.0
ORD201126,2024-12-16,C93862,Keyboard,Aksesoris,4,201000.0,Jl. Melati No. 14,Bandung,Jawa Barat,Transfer Bank,Paid,TRK4985071265,5,HEMAT10,Instagram,0,20000,824000.0
ORD201127,2023-07-17,C62093,Ssd,Storage,5,1090000.0,Jl. Mawar No. 9,Jakarta,Dki Jakarta,Kartu Kredit,Cancelled,TRK6856712880,1,NONE,Instagram,150000,15000,5315000.0
ORD201128,2024-09-13,C96527,Tablet,Elektronik,1,6785000.0,Jl. Sudirman No. 124,Balikpapan,Kalimantan Timur,E-Wallet,Shipped,TRK1298998843,3,NONE,Website,100000,35000,6720000.0
ORD201129,2023-01-27,C87987,Monitor,Elektronik,2,3674000.0,Jl. Kenanga No. 18,Palembang,Sumatera Selatan,Transfer Bank,Paid,TRK0349349834,4,NONE,Instagram,0,25000,7373000.0
ORD201130,2023-05-09,C29558,Flash Drive,Storage,1,263000.0,Jl. Mawar No. 52,Semarang,Jawa Tengah,COD,Paid,TRK9507594174,8,MIDYEAR15,Google,50000,25000,238000.0
ORD201131,2023-05-06,C55347,Mouse,Aksesoris,2,582000.0,Jl. Melati No. 228,Medan,Sumatera Utara,QRIS,Paid,TRK5190557744,5,NONE,Referral,100000,35000,1099000.0
ORD201134,2024-04-17,C18300,Switch,Networking,3,6290000.0,Jl. Anggrek No. 38,Jakarta,Dki Jakarta,Kartu Kredit,Returned,TRK1068733422,1,NONE,Facebook,150000,35000,18755000.0
ORD201135,2024-04-21,C89268,Chair,Furniture,5,1307000.0,Jl. Diponegoro No. 9,Medan,Sumatera Utara,QRIS,Returned,TRK3181914300,3,NONE,Tiktok,250000,30000,6315000.0
ORD201136,2023-04-07,C77926,Chair,Furniture,5,1373000.0,Jl. Diponegoro No. 216,Semarang,Jawa Tengah,QRIS,Delivered,TRK0002301476,8,HEMAT10,Google,50000,40000,6855000.0
ORD201137,2024-04-09,C90567,Headset,Aksesoris,4,967000.0,Jl. Sudirman No. 212,Makassar,Sulawesi Selatan,QRIS,Shipped,TRK5570192652,1,BELANJA5,Instagram,100000,25000,3793000.0
ORD201138,2023-05-18,C47670,Desk,Furniture,2,2531000.0,Jl. Mawar No. 25,Surabaya,Jawa Timur,QRIS,Delivered,TRK4023910010,5,MIDYEAR15,Facebook,250000,20000,4832000.0
ORD201139,2023-01-02,C24607,Monitor,Elektronik,5,1927000.0,Jl. Sudirman No. 45,Denpasar,Bali,COD,Delivered,TRK4839142677,3,BELANJA5,Referral,50000,30000,9615000.0
ORD201140,2024-11-02,C41100,Ssd,Storage,1,2141000.0,Jl. Melati No. 63,Palembang,Sumatera Selatan,Kartu Kredit,Paid,TRK1403437819,8,HEMAT10,Referral,100000,30000,2071000.0
ORD201141,2024-04-21,C44285,Phone,Elektronik,1,2244000.0,Jl. Mawar No. 170,Semarang,Jawa Tengah,E-Wallet,Paid,TRK4346789455,6,BELANJA5,Tiktok,0,25000,2269000.0
ORD201142,2024-09-17,C68107,Keyboard,Aksesoris,1,824000.0,Jl. Kenanga No. 235,Balikpapan,Kalimantan Timur,Kartu Kredit,Pending,TRK6128603794,2,GRATISONGKIR,Google,100000,15000,739000.0
ORD201143,2023-04-09,C31906,Desk,Furniture,1,2896000.0,Jl. Anggrek No. 93,Unknown,Sumatera Selatan,Transfer Bank,Paid,TRK4177947444,4,MIDYEAR15,Website,100000,40000,2836000.0
ORD201144,2024-08-15,C59230,Phone,Elektronik,1,2566000.0,Jl. Mawar No. 99,Palembang,Sumatera Selatan,Transfer Bank,Pending,TRK0612046188,2,MIDYEAR15,Google,150000,30000,2446000.0
ORD201145,2023-04-21,C57090,Printer,Elektronik,2,2530000.0,Jl. Mawar No. 10,Bandung,Jawa Barat,E-Wallet,Cancelled,TRK4581372469,1,GRATISONGKIR,Google,250000,35000,4845000.0
ORD201146,2023-12-15,C82659,Printer,Elektronik,3,4254000.0,Jl. Diponegoro No. 194,Denpasar,Bali,QRIS,Returned,TRK6322408315,8,BELANJA5,Google,50000,20000,12732000.0
ORD201147,2024-11-11,C73339,Desk,Furniture,1,1209000.0,Jl. Anggrek No. 8,Balikpapan,Kalimantan Timur,QRIS,Cancelled,TRK0477672632,3,MIDYEAR15,Referral,150000,15000,1074000.0
ORD201149,2024-04-12,C54331,Keyboard,Aksesoris,3,746000.0,Jl. Diponegoro No. 91,Denpasar,Bali,Kartu Kredit,Cancelled,TRK8978142717,6,GRATISONGKIR,Referral,0,15000,2253000.0
ORD201150,2024-10-06,C36742,Monitor,Elektronik,2,2697000.0,Jl. Mawar No. 117,Bandung,Jawa Barat,E-Wallet,Shipped,TRK6801710541,5,NONE,Website,50000,30000,5374000.0
ORD201151,2023-02-17,C11530,Webcam,Aksesoris,2,1599000.0,Jl. Melati No. 192,Medan,Sumatera Utara,QRIS,Delivered,TRK6430113938,1,HEMAT10,Referral,50000,35000,3183000.0
ORD201152,2024-04-23,C87151,Hdd,Storage,3,592000.0,Jl. Anggrek No. 56,Bandung,Jawa Barat,COD,Paid,TRK8684747768,4,GRATISONGKIR,Instagram,100000,15000,1691000.0
ORD201155,2023-10-30,C58710,Headset,Aksesoris,3,1707000.0,Jl. Sudirman No. 245,Makassar,Sulawesi Selatan,E-Wallet,Paid,TRK8860160305,2,HEMAT10,Google,100000,20000,5041000.0
ORD201156,2024-07-05,C86871,Laptop,Elektronik,2,7634000.0,Jl. Diponegoro No. 247,Bandung,Jawa Barat,QRIS,Returned,TRK6667270542,8,HEMAT10,Instagram,150000,15000,15133000.0
ORD201157,2024-12-22,C13029,Router,Networking,4,1510000.0,Jl. Kenanga No. 22,Semarang,Jawa Tengah,Transfer Bank,Shipped,TRK6499106042,5,BELANJA5,Instagram,50000,20000,6010000.0
ORD201158,2024-02-20,C68237,Printer,Elektronik,5,2307000.0,Jl. Kenanga No. 189,Medan,Sumatera Utara,Transfer Bank,Cancelled,TRK6354067434,1,HEMAT10,Google,250000,35000,11320000.0
ORD201159,2023-11-23,C85633,Hdd,Storage,3,2026000.0,Jl. Sudirman No. 40,Semarang,Jawa Tengah,QRIS,Paid,TRK5672210960,3,HEMAT10,Facebook,50000,20000,6048000.0
ORD201160,2024-08-07,C43641,Switch,Networking,4,4248000.0,Jl. Diponegoro No. 88,Palembang,Sumatera Selatan,COD,Delivered,TRK2826407804,1,MIDYEAR15,Instagram,250000,30000,16772000.0
ORD201161,2024-03-05,C61831,Webcam,Aksesoris,2,1602000.0,Jl. Anggrek No. 27,Surabaya,Jawa Timur,Unknown,Pending,TRK6290412158,3,MIDYEAR15,Referral,100000,35000,3139000.0
ORD201162,2023-03-12,C51507,Switch,Networking,2,6887000.0,Jl. Melati No. 99,Denpasar,Bali,QRIS,Paid,TRK9018121132,3,MIDYEAR15,Referral,0,40000,13814000.0
ORD201164,2023-02-17,C56375,Hdd,Storage,4,800000.0,Jl. Sudirman No. 193,Yogyakarta,Di Yogyakarta,Kartu Kredit,Shipped,TRK3202269112,6,BELANJA5,Website,0,35000,3235000.0
ORD201165,2023-12-20,C11531,Headset,Aksesoris,5,1708000.0,Jl. Anggrek No. 30,Makassar,Sulawesi Selatan,QRIS,Paid,TRK3030245899,6,HEMAT10,Google,50000,35000,8525000.0
ORD201166,2024-03-10,C56678,Desk,Furniture,5,3333000.0,Jl. Mawar No. 233,Yogyakarta,Di Yogyakarta,Kartu Kredit,Paid,TRK3145991327,5,GRATISONGKIR,Instagram,0,25000,16690000.0
ORD201167,2023-10-14,C24267,Desk,Furniture,4,2139000.0,Jl. Melati No. 192,Jakarta,Dki Jakarta,Kartu Kredit,Paid,TRK8979097892,7,HEMAT10,Instagram,50000,35000,8541000.0
ORD201168,2024-11-26,C19827,Monitor,Elektronik,1,2304000.0,Jl. Melati No. 46,Jakarta,Dki Jakarta,E-Wallet,Returned,TRK5638654484,4,GRATISONGKIR,Website,150000,30000,2184000.0
ORD201169,2024-07-18,C55146,Ssd,Storage,5,1814000.0,Jl. Anggrek No. 40,Jakarta,Dki Jakarta,Kartu Kredit,Cancelled,TRK2268254850,6,NONE,Facebook,100000,15000,8985000.0
ORD201170,2024-12-18,C30676,Router,Networking,5,741000.0,Jl. Sudirman No. 65,Palembang,Sumatera Selatan,Transfer Bank,Pending,TRK0427373500,5,NONE,Referral,50000,30000,3685000.0
ORD201171,2023-03-31,C22794,Switch,Networking,2,3412000.0,Jl. Sudirman No. 108,Medan,Sumatera Utara,Unknown,Cancelled,TRK5787377442,5,HEMAT10,Tiktok,150000,20000,6694000.0
ORD201172,2024-06-30,C74395,Switch,Networking,3,5635000.0,Jl. Kenanga No. 82,Palembang,Sumatera Selatan,E-Wallet,Returned,TRK6103104328,2,NONE,Facebook,150000,20000,16775000.0
ORD201173,2024-09-14,C41600,Flash Drive,Storage,2,323000.0,Jl. Diponegoro No. 42,Balikpapan,Kalimantan Timur,E-Wallet,Delivered,TRK3608337315,4,HEMAT10,Tiktok,150000,25000,521000.0
ORD201174,2024-08-08,C95940,Switch,Networking,5,3646000.0,Jl. Sudirman No. 118,Surabaya,Jawa Timur,QRIS,Paid,TRK2701286867,2,MIDYEAR15,Instagram,50000,35000,18215000.0
ORD201176,2023-07-02,C87414,Flash Drive,Storage,2,384000.0,Jl. Anggrek No. 152,Palembang,Sumatera Selatan,Kartu Kredit,Pending,TRK2146541634,6,NONE,Website,50000,15000,733000.0
ORD201177,2024-06-17,C14457,Webcam,Aksesoris,3,1659000.0,Jl. Mawar No. 188,Semarang,Jawa Tengah,Transfer Bank,Paid,TRK8237943654,6,HEMAT10,Tiktok,150000,30000,4857000.0
ORD201178,2023-04-14,C79012,Headset,Aksesoris,4,629000.0,Jl. Sudirman No. 213,Surabaya,Jawa Timur,Kartu Kredit,Pending,TRK4442360570,4,NONE,Facebook,250000,30000,2296000.0
ORD201179,2023-08-12,C98411,Chair,Furniture,5,2576000.0,Jl. Melati No. 63,Jakarta,Dki Jakarta,QRIS,Shipped,TRK3386028335,6,BELANJA5,Instagram,0,25000,12905000.0
ORD201180,2023-08-28,C23546,Desk,Furniture,2,3101000.0,Jl. Anggrek No. 241,Bandung,Jawa Barat,Transfer Bank,Shipped,TRK3819004940,7,NONE,Tiktok,250000,30000,5982000.0
ORD201181,2024-04-07,C32655,Monitor,Elektronik,1,3104000.0,Jl. Diponegoro No. 74,Medan,Sumatera Utara,QRIS,Returned,TRK2619152671,8,NONE,Facebook,250000,15000,2869000.0
ORD201182,2024-04-03,C84927,Switch,Networking,4,1488000.0,Jl. Mawar No. 250,Denpasar,Bali,E-Wallet,Pending,TRK8509271873,2,NONE,Tiktok,250000,15000,5717000.0
ORD201183,2023-03-19,C76855,Webcam,Aksesoris,2,209000.0,Jl. Mawar No. 147,Semarang,Jawa Tengah,QRIS,Delivered,TRK7826716652,5,BELANJA5,Referral,50000,25000,393000.0
ORD201184,2023-09-09,C22678,Webcam,Aksesoris,5,980000.0,Jl. Sudirman No. 188,Palembang,Sumatera Selatan,QRIS,Paid,TRK8146537569,7,BELANJA5,Facebook,50000,15000,4865000.0
ORD201185,2023-08-26,C44516,Desk,Furniture,5,1833000.0,Jl. Sudirman No. 211,Yogyakarta,Di Yogyakarta,Transfer Bank,Pending,TRK2323666480,8,MIDYEAR15,Instagram,50000,40000,9155000.0
ORD201186,2024-04-21,C94866,Desk,Furniture,1,1378000.0,Jl. Mawar No. 53,Semarang,Jawa Tengah,COD,Pending,TRK5263115648,8,NONE,Referral,100000,30000,1308000.0
ORD201187,2024-02-01,C10123,Chair,Furniture,3,1698000.0,Jl. Diponegoro No. 232,Balikpapan,Kalimantan Timur,Transfer Bank,Returned,TRK3469400034,3,HEMAT10,Website,100000,30000,5024000.0
ORD201188,2024-06-30,C11950,Printer,Elektronik,3,3550000.0,Jl. Diponegoro No. 27,Balikpapan,Kalimantan Timur,QRIS,Returned,TRK5194853236,7,GRATISONGKIR,Instagram,150000,15000,10515000.0
ORD201189,2023-12-09,C65935,Switch,Networking,4,3524000.0,Jl. Melati No. 55,Semarang,Jawa Tengah,Transfer Bank,Delivered,TRK1408250211,4,BELANJA5,Tiktok,250000,20000,13866000.0
ORD201190,2024-11-13,C91567,Keyboard,Aksesoris,3,325000.0,Jl. Melati No. 152,Surabaya,Jawa Timur,COD,Cancelled,TRK4634356720,2,HEMAT10,Referral,150000,35000,860000.0
ORD201192,2024-02-15,C20858,Hdd,Storage,1,1323000.0,Jl. Sudirman No. 154,Yogyakarta,Di Yogyakarta,QRIS,Delivered,TRK7432833135,2,GRATISONGKIR,Tiktok,0,25000,1348000.0
ORD201193,2023-06-24,C63227,Tablet,Elektronik,5,7314000.0,Jl. Melati No. 222,Medan,Sumatera Utara,Transfer Bank,Delivered,TRK3627690527,2,HEMAT10,Instagram,150000,20000,36440000.0
ORD201194,2024-01-08,C62325,Router,Networking,4,1451000.0,Jl. Melati No. 181,Denpasar,Bali,QRIS,Returned,TRK9656962127,3,BELANJA5,Google,250000,25000,5579000.0
ORD201195,2024-08-15,C29710,Desk,Furniture,1,1900000.0,Jl. Sudirman No. 80,Yogyakarta,Di Yogyakarta,Transfer Bank,Delivered,TRK5179849623,4,NONE,Website,250000,15000,1665000.0
ORD201196,2024-10-18,C94908,Desk,Furniture,2,2438000.0,Jl. Anggrek No. 133,Palembang,Sumatera Selatan,Kartu Kredit,Delivered,TRK1243350267,4,HEMAT10,Instagram,250000,35000,4661000.0
ORD201197,2023-12-27,C82487,Router,Networking,4,2369000.0,Jl. Kenanga No. 74,Bandung,Jawa Barat,QRIS,Returned,TRK8062809898,3,HEMAT10,Website,0,35000,9511000.0
ORD201198,2024-03-16,C40151,Desk,Furniture,2,3219000.0,Jl. Kenanga No. 145,Makassar,Sulawesi Selatan,Transfer Bank,Shipped,TRK6124744255,6,NONE,Instagram,0,30000,6468000.0
ORD201199,2023-10-16,C22933,Tablet,Elektronik,5,4307000.0,Jl. Sudirman No. 116,Surabaya,Jawa Timur,COD,Shipped,TRK0865321456,1,NONE,Tiktok,100000,20000,21455000.0
ORD201200,2024-03-17,C69249,Monitor,Elektronik,5,4922000.0,Jl. Sudirman No. 79,Surabaya,Jawa Timur,Kartu Kredit,Shipped,TRK9384680842,5,NONE,Instagram,0,25000,24635000.0
ORD201202,2023-04-13,C97625,Mouse,Aksesoris,1,97000.0,Jl. Mawar No. 42,Semarang,Jawa Tengah,Transfer Bank,Paid,TRK6408388258,2,MIDYEAR15,Instagram,0,20000,117000.0
ORD201203,2024-06-25,C81302,Ssd,Storage,5,1111000.0,Jl. Melati No. 95,Denpasar,Bali,QRIS,Cancelled,TRK4293461803,1,NONE,Tiktok,150000,40000,5445000.0
ORD201204,2023-11-25,C18627,Desk,Furniture,5,932000.0,Jl. Diponegoro No. 45,Bandung,Jawa Barat,QRIS,Delivered,TRK5079719051,4,NONE,Website,150000,25000,4535000.0
ORD201205,2024-07-17,C35552,Ssd,Storage,2,1729000.0,Jl. Diponegoro No. 36,Bandung,Jawa Barat,QRIS,Paid,TRK2354080178,4,NONE,Google,250000,15000,3223000.0
ORD201206,2024-06-30,C91118,Router,Networking,5,1813000.0,Jl. Anggrek No. 161,Semarang,Jawa Tengah,E-Wallet,Paid,TRK4400210607,1,HEMAT10,Facebook,150000,30000,8945000.0
ORD201207,2023-02-01,C92848,Hdd,Storage,3,584000.0,Jl. Melati No. 93,Jakarta,Dki Jakarta,COD,Paid,TRK9177802785,2,HEMAT10,Google,0,40000,1792000.0
ORD201208,2023-05-29,C91248,Ssd,Storage,2,2377000.0,Jl. Diponegoro No. 62,Yogyakarta,Di Yogyakarta,Transfer Bank,Delivered,TRK9607361406,5,BELANJA5,Google,50000,25000,4729000.0
ORD201209,2024-09-04,C34032,Router,Networking,1,1519000.0,Jl. Sudirman No. 33,Surabaya,Jawa Timur,Transfer Bank,Returned,TRK6298182010,1,MIDYEAR15,Website,50000,35000,1504000.0
ORD201210,2023-09-01,C81866,Switch,Networking,1,2452000.0,Jl. Sudirman No. 197,Yogyakarta,Di Yogyakarta,Transfer Bank,Shipped,TRK7323106302,1,MIDYEAR15,Instagram,100000,35000,2387000.0
ORD201211,2024-11-24,C34706,Phone,Elektronik,4,5532000.0,Jl. Mawar No. 34,Makassar,Sulawesi Selatan,QRIS,Pending,TRK0533828744,2,NONE,Google,250000,20000,21898000.0
ORD201214,2024-09-20,C27995,Router,Networking,3,598000.0,Jl. Melati No. 129,Makassar,Sulawesi Selatan,E-Wallet,Pending,TRK4267427823,6,HEMAT10,Google,250000,20000,1564000.0
ORD201215,2023-06-15,C75179,Chair,Furniture,1,884000.0,Jl. Mawar No. 213,Bandung,Jawa Barat,Kartu Kredit,Delivered,TRK6283146731,7,NONE,Instagram,150000,40000,774000.0
ORD201216,2023-11-27,C18382,Ssd,Storage,5,2093000.0,Jl. Anggrek No. 221,Makassar,Sulawesi Selatan,E-Wallet,Returned,TRK5396981504,5,MIDYEAR15,Tiktok,100000,25000,10390000.0
ORD201218,2024-02-09,C23767,Flash Drive,Storage,5,110000.0,Jl. Melati No. 142,Bandung,Jawa Barat,Transfer Bank,Paid,TRK3819743601,6,BELANJA5,Website,150000,25000,425000.0
ORD201219,2023-11-20,C76990,Chair,Furniture,1,640000.0,Jl. Diponegoro No. 25,Jakarta,Dki Jakarta,QRIS,Pending,TRK7238160831,6,GRATISONGKIR,Referral,50000,30000,620000.0
ORD201220,2023-03-01,C59552,Printer,Elektronik,4,3158000.0,Jl. Anggrek No. 177,Medan,Sumatera Utara,E-Wallet,Paid,TRK2169287526,1,GRATISONGKIR,Website,100000,30000,12562000.0
ORD201221,2024-05-16,C42078,Keyboard,Aksesoris,4,519000.0,Jl. Mawar No. 55,Medan,Sumatera Utara,COD,Pending,TRK7330592613,5,MIDYEAR15,Tiktok,100000,30000,2006000.0
ORD201222,2024-08-01,C83393,Tablet,Elektronik,3,4862000.0,Jl. Melati No. 202,Makassar,Sulawesi Selatan,E-Wallet,Shipped,TRK3425534371,2,GRATISONGKIR,Website,0,40000,14626000.0
ORD201223,2024-12-21,C30922,Printer,Elektronik,1,5562000.0,Jl. Kenanga No. 156,Jakarta,Dki Jakarta,QRIS,Cancelled,TRK9637012719,5,HEMAT10,Google,50000,20000,5532000.0
ORD201224,2024-10-30,C13949,Headset,Aksesoris,2,522000.0,Jl. Anggrek No. 103,Makassar,Sulawesi Selatan,QRIS,Returned,TRK3618754714,4,GRATISONGKIR,Referral,150000,40000,934000.0
ORD201225,2024-08-20,C65146,Router,Networking,5,2254000.0,Jl. Sudirman No. 110,Balikpapan,Kalimantan Timur,Transfer Bank,Pending,TRK1112929807,4,HEMAT10,Google,250000,40000,11060000.0
ORD201226,2023-01-30,C47214,Tablet,Elektronik,2,6807000.0,Jl. Kenanga No. 178,Jakarta,Dki Jakarta,E-Wallet,Returned,TRK2443872050,6,NONE,Google,0,40000,13654000.0
ORD201228,2024-06-09,C82790,Flash Drive,Storage,2,299000.0,Jl. Anggrek No. 82,Surabaya,Jawa Timur,Transfer Bank,Cancelled,TRK3018239286,4,HEMAT10,Website,0,35000,633000.0
ORD201229,2024-09-22,C58639,Keyboard,Aksesoris,1,303000.0,Jl. Mawar No. 209,Jakarta,Dki Jakarta,QRIS,Pending,TRK5681305883,3,GRATISONGKIR,Website,250000,25000,78000.0
ORD201230,2024-01-20,C61966,Ssd,Storage,1,1917000.0,Jl. Kenanga No. 227,Jakarta,Dki Jakarta,Transfer Bank,Shipped,TRK9596437345,7,MIDYEAR15,Referral,0,40000,1957000.0
ORD201232,2023-04-19,C69150,Webcam,Aksesoris,5,656000.0,Jl. Melati No. 110,Makassar,Sulawesi Selatan,E-Wallet,Shipped,TRK7646541697,3,HEMAT10,Instagram,100000,30000,3210000.0
ORD201234,2023-04-14,C72228,Tablet,Elektronik,1,7623000.0,Jl. Mawar No. 21,Denpasar,Bali,Transfer Bank,Cancelled,TRK2351461782,7,NONE,Website,50000,30000,7603000.0
ORD201235,2024-03-22,C91801,Headset,Aksesoris,3,1454000.0,Jl. Kenanga No. 127,Palembang,Sumatera Selatan,Kartu Kredit,Pending,TRK5404198329,2,HEMAT10,Tiktok,150000,20000,4232000.0
ORD201236,2024-12-03,C64111,Chair,Furniture,4,603000.0,Jl. Anggrek No. 121,Balikpapan,Kalimantan Timur,E-Wallet,Delivered,TRK9614783991,4,NONE,Website,250000,25000,2187000.0
ORD201237,2024-05-11,C18352,Switch,Networking,2,5099000.0,Jl. Melati No. 1,Medan,Sumatera Utara,COD,Returned,TRK5742300926,2,MIDYEAR15,Tiktok,150000,35000,10083000.0
ORD201238,2023-06-08,C96158,Ssd,Storage,2,1038000.0,Jl. Mawar No. 182,Palembang,Sumatera Selatan,Transfer Bank,Returned,TRK1611074228,4,BELANJA5,Facebook,100000,20000,1996000.0
ORD201239,2023-07-24,C95422,Switch,Networking,4,6348000.0,Jl. Anggrek No. 68,Yogyakarta,Di Yogyakarta,E-Wallet,Returned,TRK8835306580,6,MIDYEAR15,Google,100000,40000,25332000.0
ORD201240,2024-01-10,C38599,Ssd,Storage,2,380000.0,Jl. Mawar No. 214,Palembang,Sumatera Selatan,Kartu Kredit,Returned,TRK8376445165,5,NONE,Facebook,100000,20000,680000.0
ORD201241,2024-09-28,C43544,Webcam,Aksesoris,4,220000.0,Jl. Mawar No. 125,Medan,Sumatera Utara,QRIS,Pending,TRK5238407232,6,GRATISONGKIR,Tiktok,50000,20000,850000.0
ORD201242,2024-04-20,C68890,Monitor,Elektronik,2,3776000.0,Jl. Anggrek No. 216,Denpasar,Bali,E-Wallet,Pending,TRK6796843515,4,MIDYEAR15,Facebook,0,20000,7572000.0
ORD201244,2023-01-28,C76478,Flash Drive,Storage,1,182000.0,Jl. Melati No. 18,Bandung,Jawa Barat,COD,Shipped,TRK5073778883,7,NONE,Referral,100000,40000,122000.0
ORD201245,2023-05-29,C20293,Mouse,Aksesoris,1,323000.0,Jl. Melati No. 105,Bandung,Jawa Barat,Kartu Kredit,Pending,TRK6712219775,3,HEMAT10,Referral,50000,35000,308000.0
ORD201246,2023-07-29,C63758,Printer,Elektronik,1,4058000.0,Jl. Mawar No. 64,Denpasar,Bali,COD,Shipped,TRK8834870708,8,MIDYEAR15,Tiktok,50000,25000,4033000.0
ORD201248,2023-01-23,C85648,Monitor,Elektronik,3,1747000.0,Jl. Sudirman No. 190,Palembang,Sumatera Selatan,E-Wallet,Pending,TRK0507840546,1,BELANJA5,Referral,100000,25000,5166000.0
ORD201249,2023-07-16,C36687,Keyboard,Aksesoris,5,794000.0,Jl. Anggrek No. 88,Makassar,Sulawesi Selatan,Transfer Bank,Pending,TRK3271533650,1,HEMAT10,Tiktok,150000,40000,3860000.0
ORD201250,2024-06-23,C28390,Headset,Aksesoris,1,1130000.0,Jl. Anggrek No. 236,Jakarta,Dki Jakarta,E-Wallet,Shipped,TRK3591783743,6,BELANJA5,Referral,150000,30000,1010000.0
ORD201251,2024-07-16,C32315,Keyboard,Aksesoris,4,797000.0,Jl. Kenanga No. 134,Surabaya,Jawa Timur,QRIS,Cancelled,TRK9098776975,2,GRATISONGKIR,Website,100000,40000,3128000.0
ORD201252,2023-08-08,C50688,Chair,Furniture,1,2236000.0,Jl. Mawar No. 80,Balikpapan,Kalimantan Timur,E-Wallet,Pending,TRK5226953057,2,MIDYEAR15,Facebook,50000,15000,2201000.0
ORD201253,2024-10-25,C52025,Flash Drive,Storage,5,121000.0,Jl. Melati No. 91,Makassar,Sulawesi Selatan,Transfer Bank,Returned,TRK6994364290,5,NONE,Referral,50000,25000,580000.0
ORD201254,2024-08-30,C67350,Mouse,Aksesoris,1,583000.0,Jl. Anggrek No. 156,Balikpapan,Kalimantan Timur,Transfer Bank,Delivered,TRK0132244696,8,NONE,Instagram,0,20000,603000.0
ORD201255,2023-05-01,C24358,Keyboard,Aksesoris,3,707000.0,Jl. Kenanga No. 86,Jakarta,Dki Jakarta,E-Wallet,Pending,TRK4724718933,4,HEMAT10,Google,100000,40000,2061000.0
ORD201256,2024-02-27,C73710,Chair,Furniture,5,2414000.0,Jl. Anggrek No. 135,Medan,Sumatera Utara,QRIS,Pending,TRK4416276476,4,NONE,Website,100000,30000,12000000.0
ORD201257,2024-03-05,C55645,Ssd,Storage,1,1434000.0,Jl. Mawar No. 58,Unknown,Bali,E-Wallet,Pending,TRK1269750046,7,BELANJA5,Instagram,150000,30000,1314000.0
ORD201258,2023-09-03,C12385,Desk,Furniture,4,2614000.0,Jl. Kenanga No. 126,Jakarta,Dki Jakarta,E-Wallet,Paid,TRK4848802265,2,GRATISONGKIR,Referral,250000,25000,10231000.0
ORD201259,2024-04-16,C73704,Laptop,Elektronik,4,7988000.0,Jl. Sudirman No. 98,Medan,Sumatera Utara,Transfer Bank,Paid,TRK3448011655,7,NONE,Referral,250000,35000,31737000.0
ORD201261,2024-05-05,C98325,Webcam,Aksesoris,4,398000.0,Jl. Diponegoro No. 11,Surabaya,Jawa Timur,COD,Shipped,TRK1599177081,4,NONE,Facebook,0,40000,1632000.0
ORD201262,2024-02-08,C45432,Keyboard,Aksesoris,3,232000.0,Jl. Melati No. 215,Palembang,Sumatera Selatan,E-Wallet,Pending,TRK1916938426,4,NONE,Tiktok,50000,25000,671000.0
ORD201263,2023-03-05,C76564,Desk,Furniture,2,939000.0,Jl. Mawar No. 141,Denpasar,Bali,Kartu Kredit,Cancelled,TRK9910843136,8,GRATISONGKIR,Referral,0,35000,1913000.0
ORD201264,2024-07-20,C12453,Phone,Elektronik,4,3417000.0,Jl. Diponegoro No. 38,Makassar,Sulawesi Selatan,QRIS,Cancelled,TRK0922474106,2,BELANJA5,Instagram,100000,20000,13588000.0
ORD201265,2023-11-14,C50002,Hdd,Storage,4,1001000.0,Jl. Melati No. 48,Makassar,Sulawesi Selatan,QRIS,Delivered,TRK2083902565,1,MIDYEAR15,Tiktok,250000,15000,3769000.0
ORD201266,2024-09-03,C75237,Headset,Aksesoris,4,1524000.0,Jl. Diponegoro No. 208,Surabaya,Jawa Timur,Transfer Bank,Pending,TRK6177523491,6,NONE,Facebook,250000,25000,5871000.0
ORD201267,2023-05-19,C93390,Switch,Networking,1,2895000.0,Jl. Melati No. 32,Semarang,Jawa Tengah,Kartu Kredit,Paid,TRK7550114444,6,NONE,Referral,250000,20000,2665000.0
ORD201269,2024-11-23,C30943,Hdd,Storage,2,1981000.0,Jl. Melati No. 84,Palembang,Sumatera Selatan,Unknown,Delivered,TRK3977002679,1,NONE,Referral,0,20000,3982000.0
ORD201272,2024-07-27,C29677,Mouse,Aksesoris,5,362000.0,Jl. Diponegoro No. 141,Palembang,Sumatera Selatan,QRIS,Cancelled,TRK7358569761,5,MIDYEAR15,Facebook,100000,40000,1750000.0
ORD201273,2024-11-14,C40859,Mouse,Aksesoris,4,362000.0,Jl. Melati No. 211,Surabaya,Jawa Timur,Transfer Bank,Returned,TRK0484790642,4,MIDYEAR15,Google,150000,25000,1323000.0
ORD201274,2024-09-17,C16272,Monitor,Elektronik,5,4690000.0,Jl. Sudirman No. 59,Yogyakarta,Di Yogyakarta,E-Wallet,Delivered,TRK7544084684,8,MIDYEAR15,Instagram,0,20000,23470000.0
ORD201275,2023-03-26,C45966,Printer,Elektronik,1,5766000.0,Jl. Mawar No. 217,Bandung,Jawa Barat,Transfer Bank,Shipped,TRK8240805963,7,BELANJA5,Facebook,150000,35000,5651000.0
ORD201276,2024-06-02,C11800,Flash Drive,Storage,1,175000.0,Jl. Melati No. 202,Balikpapan,Kalimantan Timur,E-Wallet,Returned,TRK4167561807,5,BELANJA5,Referral,150000,40000,65000.0
ORD201278,2024-05-30,C60899,Flash Drive,Storage,2,448000.0,Jl. Mawar No. 75,Unknown,Jawa Timur,COD,Shipped,TRK3861694127,6,HEMAT10,Google,100000,40000,836000.0
ORD201279,2023-01-06,C35166,Printer,Elektronik,4,4949000.0,Jl. Mawar No. 43,Balikpapan,Kalimantan Timur,QRIS,Cancelled,TRK5919570673,2,MIDYEAR15,Facebook,0,15000,19811000.0
ORD201280,2024-01-01,C14199,Chair,Furniture,5,679000.0,Jl. Sudirman No. 5,Surabaya,Jawa Timur,QRIS,Paid,TRK7999947267,2,GRATISONGKIR,Facebook,250000,40000,3185000.0
ORD201283,2024-05-15,C92473,Desk,Furniture,2,2135000.0,Jl. Mawar No. 214,Palembang,Sumatera Selatan,COD,Delivered,TRK2069702018,4,GRATISONGKIR,Tiktok,100000,35000,4205000.0
ORD201284,2023-01-18,C41689,Chair,Furniture,5,2883000.0,Jl. Sudirman No. 176,Medan,Sumatera Utara,Transfer Bank,Cancelled,TRK3787699680,8,GRATISONGKIR,Website,0,30000,14445000.0
ORD201285,2023-01-05,C27793,Ssd,Storage,1,1732000.0,Jl. Anggrek No. 33,Denpasar,Bali,QRIS,Cancelled,TRK8437563151,7,HEMAT10,Instagram,250000,20000,1502000.0
ORD201286,2023-04-18,C30336,Hdd,Storage,4,3228000.0,Jl. Anggrek No. 76,Palembang,Sumatera Selatan,E-Wallet,Delivered,TRK2939794511,5,GRATISONGKIR,Referral,150000,15000,12777000.0
ORD201287,2023-02-20,C79737,Printer,Elektronik,4,4235000.0,Jl. Sudirman No. 230,Jakarta,Dki Jakarta,Transfer Bank,Returned,TRK8459505705,3,GRATISONGKIR,Google,150000,20000,16810000.0
ORD201288,2024-03-21,C77972,Chair,Furniture,2,876000.0,Jl. Kenanga No. 103,Jakarta,Dki Jakarta,Transfer Bank,Paid,TRK8059697341,5,HEMAT10,Referral,0,35000,1787000.0
ORD201289,2023-04-05,C74374,Router,Networking,1,2475000.0,Jl. Mawar No. 64,Yogyakarta,Di Yogyakarta,QRIS,Cancelled,TRK2872154541,2,HEMAT10,Instagram,100000,15000,2390000.0
ORD201291,2023-02-11,C92337,Headset,Aksesoris,2,1636000.0,Jl. Diponegoro No. 109,Unknown,Dki Jakarta,Transfer Bank,Returned,TRK0624317929,3,NONE,Referral,150000,20000,3142000.0
ORD201292,2023-09-12,C94065,Tablet,Elektronik,5,3586000.0,Jl. Sudirman No. 170,Bandung,Jawa Barat,Transfer Bank,Delivered,TRK4180578969,3,BELANJA5,Tiktok,0,40000,17970000.0
ORD201293,2023-09-20,C23111,Flash Drive,Storage,3,330000.0,Jl. Diponegoro No. 57,Jakarta,Dki Jakarta,Kartu Kredit,Cancelled,TRK1899013562,1,NONE,Tiktok,250000,15000,755000.0
ORD201294,2023-09-02,C29507,Headset,Aksesoris,4,363000.0,Jl. Sudirman No. 100,Makassar,Sulawesi Selatan,E-Wallet,Paid,TRK8945594572,2,HEMAT10,Website,150000,40000,1342000.0
ORD201295,2023-07-03,C78881,Hdd,Storage,3,2501000.0,Jl. Diponegoro No. 107,Makassar,Sulawesi Selatan,COD,Delivered,TRK0023314178,2,NONE,Google,0,25000,7528000.0
ORD201297,2024-03-06,C63553,Mouse,Aksesoris,4,310000.0,Jl. Sudirman No. 218,Jakarta,Dki Jakarta,COD,Shipped,TRK0177495854,1,NONE,Instagram,100000,15000,1155000.0
ORD201299,2024-12-25,C92192,Switch,Networking,3,4285000.0,Jl. Mawar No. 105,Bandung,Jawa Barat,Transfer Bank,Paid,TRK5119319326,6,NONE,Tiktok,50000,30000,12835000.0
ORD201300,2023-01-13,C20079,Printer,Elektronik,1,4685000.0,Jl. Anggrek No. 43,Surabaya,Jawa Timur,COD,Shipped,TRK1392881665,3,NONE,Website,100000,35000,4620000.0
ORD201301,2023-11-28,C67878,Monitor,Elektronik,4,3787000.0,Jl. Melati No. 221,Medan,Sumatera Utara,COD,Paid,TRK0226347318,5,BELANJA5,Facebook,150000,35000,15033000.0
ORD201302,2024-07-13,C48782,Printer,Elektronik,1,4019000.0,Jl. Mawar No. 95,Semarang,Jawa Tengah,Transfer Bank,Returned,TRK4939100252,1,MIDYEAR15,Instagram,50000,30000,3999000.0
ORD201303,2023-10-28,C61150,Ssd,Storage,5,1577000.0,Jl. Kenanga No. 105,Balikpapan,Kalimantan Timur,Transfer Bank,Delivered,TRK1039263413,4,GRATISONGKIR,Instagram,150000,30000,7765000.0
ORD201304,2024-05-09,C65546,Keyboard,Aksesoris,1,382000.0,Jl. Melati No. 225,Balikpapan,Kalimantan Timur,QRIS,Cancelled,TRK4711138370,6,NONE,Tiktok,0,35000,417000.0
ORD201307,2023-03-21,C42423,Tablet,Elektronik,2,4465000.0,Jl. Diponegoro No. 155,Balikpapan,Kalimantan Timur,COD,Shipped,TRK5369460306,4,GRATISONGKIR,Tiktok,0,35000,8965000.0
ORD201308,2023-06-19,C76699,Headset,Aksesoris,1,341000.0,Jl. Anggrek No. 38,Semarang,Jawa Tengah,Kartu Kredit,Cancelled,TRK0136993381,1,NONE,Website,150000,20000,211000.0
ORD201309,2023-03-08,C46362,Monitor,Elektronik,5,1719000.0,Jl. Anggrek No. 3,Palembang,Sumatera Selatan,Kartu Kredit,Pending,TRK6196724615,2,GRATISONGKIR,Referral,100000,25000,8520000.0
ORD201310,2023-05-23,C98352,Desk,Furniture,3,3539000.0,Jl. Diponegoro No. 76,Bandung,Jawa Barat,QRIS,Returned,TRK0469976369,6,NONE,Instagram,50000,25000,10592000.0
ORD201311,2023-12-28,C57543,Keyboard,Aksesoris,1,894000.0,Jl. Melati No. 158,Medan,Sumatera Utara,E-Wallet,Pending,TRK4993098038,3,GRATISONGKIR,Website,0,25000,919000.0
ORD201312,2024-10-18,C82519,Hdd,Storage,1,1977000.0,Jl. Melati No. 30,Semarang,Jawa Tengah,QRIS,Delivered,TRK8207601391,3,HEMAT10,Google,50000,30000,1957000.0
ORD201313,2024-06-18,C13607,Switch,Networking,3,1301000.0,Jl. Mawar No. 195,Bandung,Jawa Barat,E-Wallet,Pending,TRK8861091029,1,NONE,Tiktok,0,25000,3928000.0
ORD201315,2023-10-07,C41894,Monitor,Elektronik,2,1779000.0,Jl. Melati No. 102,Yogyakarta,Di Yogyakarta,COD,Pending,TRK1408955209,6,NONE,Google,0,35000,3593000.0
ORD201316,2024-05-13,C61493,Webcam,Aksesoris,4,645000.0,Jl. Sudirman No. 52,Makassar,Sulawesi Selatan,E-Wallet,Paid,TRK3840343337,5,GRATISONGKIR,Tiktok,150000,40000,2470000.0
ORD201317,2023-07-18,C96709,Tablet,Elektronik,1,2811000.0,Jl. Sudirman No. 237,Palembang,Sumatera Selatan,Transfer Bank,Cancelled,TRK4793880242,4,NONE,Website,150000,20000,2681000.0
ORD201319,2023-09-23,C45923,Monitor,Elektronik,3,2686000.0,Jl. Anggrek No. 192,Balikpapan,Kalimantan Timur,Transfer Bank,Shipped,TRK2057109884,8,GRATISONGKIR,Referral,250000,30000,7838000.0
ORD201320,2023-12-09,C88878,Tablet,Elektronik,2,7581000.0,Jl. Kenanga No. 209,Jakarta,Dki Jakarta,Transfer Bank,Paid,TRK7860139525,4,BELANJA5,Referral,0,25000,15187000.0
ORD201321,2024-07-25,C13652,Printer,Elektronik,5,1859000.0,Jl. Mawar No. 145,Bandung,Jawa Barat,E-Wallet,Cancelled,TRK3726226370,6,BELANJA5,Referral,250000,30000,9075000.0
ORD201322,2023-11-18,C54663,Monitor,Elektronik,1,1944000.0,Jl. Kenanga No. 134,Surabaya,Jawa Timur,E-Wallet,Paid,TRK2035907272,6,NONE,Website,150000,25000,1819000.0
ORD201324,2023-12-19,C23984,Router,Networking,3,1824000.0,Jl. Diponegoro No. 184,Surabaya,Jawa Timur,Kartu Kredit,Paid,TRK5910197481,8,HEMAT10,Website,50000,25000,5447000.0
ORD201325,2023-03-26,C33990,Chair,Furniture,1,1026000.0,Jl. Sudirman No. 114,Makassar,Sulawesi Selatan,Kartu Kredit,Delivered,TRK2702343490,7,GRATISONGKIR,Tiktok,150000,25000,901000.0
ORD201326,2023-05-20,C49116,Desk,Furniture,2,3929000.0,Jl. Melati No. 4,Yogyakarta,Di Yogyakarta,COD,Cancelled,TRK5201484858,3,NONE,Referral,150000,40000,7748000.0
ORD201327,2023-04-14,C94174,Tablet,Elektronik,1,2775000.0,Jl. Mawar No. 45,Palembang,Sumatera Selatan,Kartu Kredit,Shipped,TRK0121255910,3,NONE,Google,150000,35000,2660000.0
ORD201328,2023-06-13,C88342,Desk,Furniture,1,924000.0,Jl. Mawar No. 14,Jakarta,Dki Jakarta,Transfer Bank,Pending,TRK6156857092,1,HEMAT10,Google,150000,20000,794000.0
ORD201329,2023-05-13,C36588,Tablet,Elektronik,2,7781000.0,Jl. Anggrek No. 105,Palembang,Sumatera Selatan,Kartu Kredit,Paid,TRK3748296920,8,NONE,Instagram,50000,25000,15537000.0
ORD201330,2024-03-04,C86715,Router,Networking,2,1390000.0,Jl. Mawar No. 175,Palembang,Sumatera Selatan,Kartu Kredit,Pending,TRK7225925069,3,HEMAT10,Website,50000,25000,2755000.0
ORD201331,2023-06-09,C59483,Chair,Furniture,3,1542000.0,Jl. Diponegoro No. 9,Medan,Sumatera Utara,E-Wallet,Delivered,TRK4869945816,4,MIDYEAR15,Referral,100000,20000,4546000.0
ORD201332,2024-12-25,C33643,Router,Networking,4,747000.0,Jl. Kenanga No. 128,Makassar,Sulawesi Selatan,QRIS,Paid,TRK0106969100,1,BELANJA5,Google,150000,15000,2853000.0
ORD201333,2023-05-27,C49380,Hdd,Storage,5,2161000.0,Jl. Anggrek No. 176,Bandung,Jawa Barat,QRIS,Delivered,TRK3219326711,8,HEMAT10,Instagram,0,15000,10820000.0
ORD201336,2023-05-16,C55727,Headset,Aksesoris,5,1548000.0,Jl. Mawar No. 46,Balikpapan,Kalimantan Timur,QRIS,Paid,TRK8246912936,4,NONE,Google,250000,30000,7520000.0
ORD201337,2023-08-10,C33077,Ssd,Storage,4,1422000.0,Jl. Sudirman No. 63,Makassar,Sulawesi Selatan,Kartu Kredit,Pending,TRK6680757673,6,NONE,Google,250000,25000,5463000.0
ORD201339,2023-06-02,C31989,Monitor,Elektronik,1,3347000.0,Jl. Kenanga No. 213,Palembang,Sumatera Selatan,QRIS,Shipped,TRK4471302794,4,HEMAT10,Instagram,100000,25000,3272000.0
ORD201341,2023-12-03,C11864,Mouse,Aksesoris,4,596000.0,Jl. Mawar No. 108,Surabaya,Jawa Timur,COD,Paid,TRK9299634121,6,NONE,Google,100000,25000,2309000.0
ORD201342,2024-06-24,C27920,Switch,Networking,1,3270000.0,Jl. Anggrek No. 208,Medan,Sumatera Utara,E-Wallet,Paid,TRK0955498083,2,MIDYEAR15,Facebook,100000,25000,3195000.0
ORD201343,2024-09-25,C23065,Tablet,Elektronik,1,8175000.0,Jl. Diponegoro No. 48,Makassar,Sulawesi Selatan,Kartu Kredit,Pending,TRK4781601246,8,HEMAT10,Website,250000,35000,7960000.0
ORD201345,2023-08-06,C15462,Chair,Furniture,1,2123000.0,Jl. Mawar No. 104,Makassar,Sulawesi Selatan,QRIS,Paid,TRK1543207934,1,GRATISONGKIR,Google,100000,35000,2058000.0
ORD201346,2024-11-26,C81753,Flash Drive,Storage,3,422000.0,Jl. Kenanga No. 149,Yogyakarta,Di Yogyakarta,COD,Paid,TRK3304108243,5,NONE,Referral,50000,20000,1236000.0
ORD201347,2023-08-02,C92611,Hdd,Storage,3,1910000.0,Jl. Anggrek No. 155,Semarang,Jawa Tengah,Kartu Kredit,Paid,TRK4736387059,3,GRATISONGKIR,Facebook,100000,30000,5660000.0
ORD201348,2023-11-03,C88517,Ssd,Storage,3,351000.0,Jl. Diponegoro No. 179,Surabaya,Jawa Timur,Kartu Kredit,Returned,TRK2979961176,3,MIDYEAR15,Facebook,0,35000,1088000.0
ORD201349,2023-01-24,C21551,Hdd,Storage,5,3385000.0,Jl. Sudirman No. 28,Medan,Sumatera Utara,E-Wallet,Returned,TRK0280409698,1,NONE,Tiktok,100000,25000,16850000.0
ORD201350,2024-10-05,C81622,Keyboard,Aksesoris,2,259000.0,Jl. Diponegoro No. 8,Yogyakarta,Di Yogyakarta,E-Wallet,Cancelled,TRK2741317454,5,NONE,Tiktok,150000,25000,393000.0
ORD201351,2023-08-23,C13707,Chair,Furniture,4,1652000.0,Jl. Melati No. 110,Surabaya,Jawa Timur,COD,Delivered,TRK2897873676,5,BELANJA5,Google,250000,25000,6383000.0
ORD201352,2023-04-05,C98063,Monitor,Elektronik,2,1323000.0,Jl. Kenanga No. 51,Medan,Sumatera Utara,Kartu Kredit,Pending,TRK9956154261,4,BELANJA5,Facebook,250000,30000,2426000.0
ORD201353,2024-10-16,C90745,Monitor,Elektronik,5,2727000.0,Jl. Diponegoro No. 205,Makassar,Sulawesi Selatan,Kartu Kredit,Paid,TRK9645131412,1,HEMAT10,Referral,150000,15000,13500000.0
ORD201355,2024-09-08,C14696,Hdd,Storage,1,2588000.0,Jl. Melati No. 13,Jakarta,Dki Jakarta,Transfer Bank,Cancelled,TRK1226484631,2,HEMAT10,Facebook,250000,35000,2373000.0
ORD201356,2023-06-30,C72440,Monitor,Elektronik,5,3534000.0,Jl. Mawar No. 226,Jakarta,Dki Jakarta,QRIS,Returned,TRK5123642403,7,GRATISONGKIR,Website,100000,35000,17605000.0
ORD201357,2024-09-08,C18718,Chair,Furniture,1,1823000.0,Jl. Anggrek No. 94,Bandung,Jawa Barat,Kartu Kredit,Paid,TRK5982796954,5,NONE,Facebook,50000,15000,1788000.0
ORD201358,2023-06-30,C62832,Flash Drive,Storage,5,373000.0,Jl. Melati No. 220,Yogyakarta,Di Yogyakarta,COD,Cancelled,TRK9455742659,7,HEMAT10,Facebook,150000,30000,1745000.0
ORD201359,2024-12-13,C28950,Desk,Furniture,3,1726000.0,Jl. Mawar No. 90,Bandung,Jawa Barat,E-Wallet,Returned,TRK6112514111,8,NONE,Facebook,50000,20000,5148000.0
ORD201360,2023-10-18,C51122,Ssd,Storage,4,642000.0,Jl. Anggrek No. 19,Surabaya,Jawa Timur,Kartu Kredit,Cancelled,TRK6306118175,2,BELANJA5,Website,150000,20000,2438000.0
ORD201361,2024-04-26,C76111,Headset,Aksesoris,5,617000.0,Jl. Kenanga No. 208,Balikpapan,Kalimantan Timur,Kartu Kredit,Paid,TRK3135946807,5,HEMAT10,Instagram,50000,15000,3050000.0
ORD201362,2024-11-27,C52337,Switch,Networking,5,2897000.0,Jl. Anggrek No. 98,Semarang,Jawa Tengah,E-Wallet,Shipped,TRK7529711811,8,GRATISONGKIR,Google,150000,15000,14350000.0
ORD201363,2024-09-12,C16807,Router,Networking,4,1651000.0,Jl. Kenanga No. 56,Jakarta,Dki Jakarta,Kartu Kredit,Delivered,TRK3110198952,1,MIDYEAR15,Google,100000,35000,6539000.0
ORD201364,2024-07-10,C10366,Ssd,Storage,2,1983000.0,Jl. Melati No. 122,Medan,Sumatera Utara,E-Wallet,Pending,TRK3854720948,6,NONE,Referral,0,35000,4001000.0
ORD201366,2023-07-16,C80131,Monitor,Elektronik,2,4507000.0,Jl. Mawar No. 197,Palembang,Sumatera Selatan,COD,Pending,TRK3198548103,2,HEMAT10,Tiktok,50000,20000,8984000.0
ORD201367,2023-05-16,C11553,Router,Networking,5,944000.0,Jl. Melati No. 123,Yogyakarta,Di Yogyakarta,Transfer Bank,Returned,TRK0923861007,8,GRATISONGKIR,Referral,150000,20000,4590000.0
ORD201368,2023-01-17,C68723,Chair,Furniture,5,2053000.0,Jl. Anggrek No. 222,Semarang,Jawa Tengah,QRIS,Delivered,TRK8271973269,7,BELANJA5,Tiktok,0,15000,10280000.0
ORD201370,2023-03-04,C61351,Headset,Aksesoris,1,794000.0,Jl. Diponegoro No. 52,Denpasar,Bali,Unknown,Shipped,TRK9459312268,3,HEMAT10,Google,0,40000,834000.0
ORD201372,2023-10-21,C12382,Webcam,Aksesoris,4,1711000.0,Jl. Sudirman No. 88,Makassar,Sulawesi Selatan,QRIS,Returned,TRK0253441578,7,MIDYEAR15,Facebook,0,40000,6884000.0
ORD201373,2023-02-22,C22306,Router,Networking,3,599000.0,Jl. Kenanga No. 168,Yogyakarta,Di Yogyakarta,COD,Shipped,TRK8305146448,8,HEMAT10,Facebook,150000,15000,1662000.0
ORD201374,2024-01-13,C38143,Ssd,Storage,4,1175000.0,Jl. Sudirman No. 182,Denpasar,Bali,Kartu Kredit,Delivered,TRK4289402619,8,HEMAT10,Referral,50000,40000,4690000.0
ORD201375,2023-07-05,C89062,Keyboard,Aksesoris,5,846000.0,Jl. Sudirman No. 106,Medan,Sumatera Utara,Transfer Bank,Returned,TRK6894671630,3,GRATISONGKIR,Referral,0,40000,4270000.0
ORD201376,2024-07-03,C87484,Hdd,Storage,5,1636000.0,Jl. Melati No. 194,Makassar,Sulawesi Selatan,Kartu Kredit,Delivered,TRK1599120765,4,BELANJA5,Instagram,0,15000,8195000.0
ORD201377,2024-10-17,C61905,Monitor,Elektronik,2,3457000.0,Jl. Diponegoro No. 233,Jakarta,Dki Jakarta,Unknown,Paid,TRK7340822002,2,NONE,Facebook,50000,25000,6889000.0
ORD201378,2024-02-20,C31666,Hdd,Storage,5,1030000.0,Jl. Sudirman No. 81,Semarang,Jawa Tengah,Transfer Bank,Shipped,TRK0956340668,8,BELANJA5,Tiktok,0,30000,5180000.0
ORD201379,2023-01-08,C74816,Webcam,Aksesoris,1,971000.0,Jl. Sudirman No. 234,Unknown,Di Yogyakarta,E-Wallet,Pending,TRK9213192249,2,MIDYEAR15,Referral,0,40000,1011000.0
ORD201380,2023-05-26,C69939,Chair,Furniture,5,1435000.0,Jl. Sudirman No. 173,Semarang,Jawa Tengah,E-Wallet,Paid,TRK5005980395,6,BELANJA5,Referral,100000,25000,7100000.0
ORD201382,2023-02-28,C10057,Mouse,Aksesoris,2,242000.0,Jl. Melati No. 178,Jakarta,Dki Jakarta,Transfer Bank,Cancelled,TRK3021062642,8,NONE,Referral,100000,15000,399000.0
ORD201383,2024-07-14,C29963,Flash Drive,Storage,4,105000.0,Jl. Diponegoro No. 94,Balikpapan,Kalimantan Timur,Transfer Bank,Cancelled,TRK4885340107,5,NONE,Facebook,150000,30000,300000.0
ORD201384,2023-08-31,C31266,Webcam,Aksesoris,4,453000.0,Jl. Anggrek No. 241,Unknown,Sumatera Selatan,Kartu Kredit,Paid,TRK8656757259,3,NONE,Google,50000,30000,1792000.0
ORD201385,2023-05-01,C35334,Switch,Networking,4,5450000.0,Jl. Anggrek No. 198,Palembang,Sumatera Selatan,Transfer Bank,Cancelled,TRK3693678917,6,NONE,Facebook,100000,35000,21735000.0
ORD201386,2024-03-15,C53829,Chair,Furniture,2,882000.0,Jl. Anggrek No. 213,Bandung,Jawa Barat,QRIS,Delivered,TRK9057635481,6,NONE,Google,0,20000,1784000.0
ORD201387,2023-02-01,C61558,Desk,Furniture,1,2973000.0,Jl. Anggrek No. 208,Makassar,Sulawesi Selatan,Transfer Bank,Pending,TRK2492609074,5,NONE,Instagram,50000,30000,2953000.0
ORD201389,2023-08-31,C72115,Monitor,Elektronik,5,1667000.0,Jl. Melati No. 234,Balikpapan,Kalimantan Timur,Kartu Kredit,Paid,TRK7263145495,1,GRATISONGKIR,Google,100000,15000,8250000.0
ORD201390,2024-01-16,C95439,Headset,Aksesoris,2,967000.0,Jl. Melati No. 200,Semarang,Jawa Tengah,Transfer Bank,Pending,TRK2062090890,6,BELANJA5,Referral,50000,40000,1924000.0
ORD201391,2024-02-04,C81488,Switch,Networking,4,5303000.0,Jl. Kenanga No. 24,Yogyakarta,Di Yogyakarta,QRIS,Delivered,TRK8911871346,3,MIDYEAR15,Instagram,0,35000,21247000.0
ORD201392,2023-12-13,C47957,Flash Drive,Storage,5,287000.0,Jl. Melati No. 112,Denpasar,Bali,Kartu Kredit,Shipped,TRK5815317234,3,NONE,Instagram,0,30000,1465000.0
ORD201393,2024-08-29,C85035,Tablet,Elektronik,1,7237000.0,Jl. Melati No. 43,Jakarta,Dki Jakarta,QRIS,Paid,TRK3165753485,1,NONE,Website,0,35000,7272000.0
ORD201394,2023-03-26,C47040,Chair,Furniture,1,2946000.0,Jl. Anggrek No. 227,Makassar,Sulawesi Selatan,Transfer Bank,Cancelled,TRK8686083678,3,HEMAT10,Google,0,25000,2971000.0
ORD201395,2024-03-10,C47739,Monitor,Elektronik,3,4792000.0,Jl. Anggrek No. 15,Surabaya,Jawa Timur,COD,Shipped,TRK2162016440,6,MIDYEAR15,Instagram,0,20000,14396000.0
ORD201396,2023-05-25,C92256,Webcam,Aksesoris,3,1618000.0,Jl. Melati No. 58,Surabaya,Jawa Timur,Kartu Kredit,Returned,TRK4228174142,1,NONE,Google,0,35000,4889000.0
ORD201397,2024-11-19,C85357,Router,Networking,2,2365000.0,Jl. Mawar No. 34,Semarang,Jawa Tengah,QRIS,Cancelled,TRK9702622980,1,GRATISONGKIR,Website,0,40000,4770000.0
ORD201398,2023-09-09,C60584,Hdd,Storage,3,2726000.0,Jl. Kenanga No. 26,Medan,Sumatera Utara,Transfer Bank,Returned,TRK3109473374,7,NONE,Tiktok,250000,25000,7953000.0
ORD201399,2023-03-06,C63747,Switch,Networking,4,1295000.0,Jl. Anggrek No. 83,Palembang,Sumatera Selatan,Transfer Bank,Cancelled,TRK7079491042,8,NONE,Facebook,50000,25000,5155000.0
ORD201400,2023-02-18,C85230,Desk,Furniture,5,3693000.0,Jl. Kenanga No. 42,Medan,Sumatera Utara,Transfer Bank,Pending,TRK7313979626,6,MIDYEAR15,Google,50000,20000,18435000.0
ORD201401,2024-06-18,C46210,Router,Networking,5,1056000.0,Jl. Kenanga No. 133,Palembang,Sumatera Selatan,QRIS,Pending,TRK1791465804,8,MIDYEAR15,Instagram,0,30000,5310000.0
ORD201402,2024-02-28,C20125,Printer,Elektronik,5,3380000.0,Jl. Kenanga No. 102,Bandung,Jawa Barat,Kartu Kredit,Shipped,TRK7430128824,7,HEMAT10,Tiktok,100000,35000,16835000.0
ORD201405,2024-12-21,C77494,Hdd,Storage,5,2009000.0,Jl. Melati No. 97,Bandung,Jawa Barat,QRIS,Cancelled,TRK0018233350,5,MIDYEAR15,Referral,0,30000,10075000.0
ORD201406,2023-02-11,C72393,Desk,Furniture,1,1165000.0,Jl. Melati No. 139,Balikpapan,Kalimantan Timur,COD,Paid,TRK8350880480,7,MIDYEAR15,Website,150000,15000,1030000.0
ORD201407,2023-02-02,C94275,Router,Networking,2,1000000.0,Jl. Melati No. 3,Jakarta,Dki Jakarta,COD,Cancelled,TRK0973811703,8,MIDYEAR15,Referral,150000,30000,1880000.0
ORD201408,2024-12-24,C34943,Switch,Networking,1,3866000.0,Jl. Kenanga No. 76,Bandung,Jawa Barat,E-Wallet,Paid,TRK3194667307,4,MIDYEAR15,Tiktok,150000,15000,3731000.0
ORD201409,2023-08-14,C78966,Router,Networking,4,1519000.0,Jl. Kenanga No. 171,Semarang,Jawa Tengah,Transfer Bank,Shipped,TRK8092723824,4,NONE,Google,250000,35000,5861000.0
ORD201410,2023-03-14,C36476,Router,Networking,4,1825000.0,Jl. Kenanga No. 178,Surabaya,Jawa Timur,QRIS,Paid,TRK6296588812,4,NONE,Instagram,50000,35000,7285000.0
ORD201413,2023-08-01,C95013,Hdd,Storage,4,2573000.0,Jl. Melati No. 61,Jakarta,Dki Jakarta,QRIS,Paid,TRK8267733590,2,GRATISONGKIR,Tiktok,150000,35000,10177000.0
ORD201415,2023-12-18,C98142,Chair,Furniture,1,983000.0,Jl. Kenanga No. 134,Semarang,Jawa Tengah,Transfer Bank,Pending,TRK2940602352,7,MIDYEAR15,Referral,100000,25000,908000.0
ORD201416,2024-03-19,C52957,Headset,Aksesoris,5,177000.0,Jl. Kenanga No. 248,Jakarta,Dki Jakarta,Kartu Kredit,Returned,TRK0510110621,5,NONE,Facebook,0,15000,900000.0
ORD201418,2023-11-14,C97022,Ssd,Storage,5,1525000.0,Jl. Melati No. 38,Makassar,Sulawesi Selatan,Kartu Kredit,Paid,TRK6404122929,8,HEMAT10,Google,50000,40000,7615000.0
ORD201419,2024-08-12,C23735,Webcam,Aksesoris,3,1625000.0,Jl. Anggrek No. 130,Palembang,Sumatera Selatan,Transfer Bank,Cancelled,TRK7273568891,2,MIDYEAR15,Google,0,35000,4910000.0
ORD201420,2023-01-23,C13531,Keyboard,Aksesoris,2,899000.0,Jl. Anggrek No. 76,Bandung,Jawa Barat,Transfer Bank,Returned,TRK9588565692,7,HEMAT10,Referral,250000,25000,1573000.0
ORD201423,2023-04-09,C36777,Keyboard,Aksesoris,5,782000.0,Jl. Melati No. 180,Medan,Sumatera Utara,E-Wallet,Pending,TRK4517467633,4,NONE,Google,100000,20000,3830000.0
ORD201424,2023-03-28,C90298,Headset,Aksesoris,1,1603000.0,Jl. Mawar No. 8,Palembang,Sumatera Selatan,E-Wallet,Paid,TRK6766309369,7,MIDYEAR15,Facebook,150000,35000,1488000.0
ORD201425,2024-12-17,C93836,Monitor,Elektronik,4,2830000.0,Jl. Mawar No. 93,Makassar,Sulawesi Selatan,E-Wallet,Returned,TRK8377180283,6,NONE,Google,150000,40000,11210000.0
ORD201426,2024-01-10,C25500,Keyboard,Aksesoris,1,602000.0,Jl. Diponegoro No. 41,Balikpapan,Kalimantan Timur,Kartu Kredit,Returned,TRK3677914160,8,NONE,Referral,0,20000,622000.0
ORD201427,2023-08-14,C17465,Router,Networking,5,2096000.0,Jl. Kenanga No. 123,Surabaya,Jawa Timur,Transfer Bank,Cancelled,TRK5829670578,1,HEMAT10,Instagram,150000,15000,10345000.0
ORD201428,2024-03-27,C52012,Switch,Networking,3,2375000.0,Jl. Melati No. 107,Bandung,Jawa Barat,COD,Cancelled,TRK5985962182,7,NONE,Facebook,0,35000,7160000.0
ORD201430,2023-05-12,C47501,Printer,Elektronik,3,5595000.0,Jl. Kenanga No. 77,Makassar,Sulawesi Selatan,Kartu Kredit,Cancelled,TRK9259377000,4,NONE,Google,150000,15000,16650000.0
ORD201431,2023-09-23,C94118,Ssd,Storage,3,926000.0,Jl. Diponegoro No. 152,Jakarta,Dki Jakarta,Transfer Bank,Returned,TRK5323745328,5,BELANJA5,Google,100000,25000,2703000.0
ORD201432,2024-04-20,C51178,Printer,Elektronik,1,3729000.0,Jl. Anggrek No. 125,Balikpapan,Kalimantan Timur,E-Wallet,Shipped,TRK1659099955,4,GRATISONGKIR,Google,150000,35000,3614000.0
ORD201433,2024-02-06,C16921,Webcam,Aksesoris,2,361000.0,Jl. Mawar No. 195,Denpasar,Bali,COD,Returned,TRK0282084909,5,HEMAT10,Facebook,100000,25000,647000.0
ORD201435,2024-12-10,C74140,Hdd,Storage,4,1460000.0,Jl. Mawar No. 194,Medan,Sumatera Utara,COD,Cancelled,TRK9816023488,2,HEMAT10,Website,150000,25000,5715000.0
ORD201436,2023-12-19,C90133,Monitor,Elektronik,5,4992000.0,Jl. Kenanga No. 193,Yogyakarta,Di Yogyakarta,Kartu Kredit,Pending,TRK8124209614,4,NONE,Facebook,0,25000,24985000.0
ORD201437,2023-12-13,C85457,Hdd,Storage,3,1398000.0,Jl. Melati No. 25,Surabaya,Jawa Timur,Unknown,Returned,TRK3889087318,3,NONE,Facebook,0,15000,4209000.0
ORD201438,2024-05-03,C85426,Keyboard,Aksesoris,2,660000.0,Jl. Diponegoro No. 162,Makassar,Sulawesi Selatan,COD,Returned,TRK4693474901,1,BELANJA5,Google,150000,40000,1210000.0
ORD201439,2023-06-28,C45322,Phone,Elektronik,2,1868000.0,Jl. Diponegoro No. 111,Makassar,Sulawesi Selatan,COD,Pending,TRK8119497360,5,GRATISONGKIR,Tiktok,150000,40000,3626000.0
ORD201440,2023-05-19,C14418,Tablet,Elektronik,4,5351000.0,Jl. Mawar No. 207,Jakarta,Dki Jakarta,QRIS,Cancelled,TRK5440654670,2,MIDYEAR15,Google,150000,20000,21274000.0
ORD201441,2023-01-05,C62940,Monitor,Elektronik,5,3254000.0,Jl. Anggrek No. 12,Yogyakarta,Di Yogyakarta,Kartu Kredit,Returned,TRK7433842313,6,MIDYEAR15,Instagram,250000,15000,16035000.0
ORD201442,2024-10-14,C19053,Router,Networking,4,2094000.0,Jl. Anggrek No. 58,Surabaya,Jawa Timur,Transfer Bank,Returned,TRK3443585591,5,MIDYEAR15,Website,100000,40000,8316000.0
ORD201443,2024-11-02,C95042,Hdd,Storage,3,3243000.0,Jl. Kenanga No. 148,Surabaya,Jawa Timur,QRIS,Cancelled,TRK7627839356,8,NONE,Tiktok,250000,35000,9514000.0
ORD201444,2023-02-18,C89403,Flash Drive,Storage,3,324000.0,Jl. Melati No. 75,Palembang,Sumatera Selatan,E-Wallet,Delivered,TRK2226399754,6,GRATISONGKIR,Website,250000,15000,737000.0
ORD201445,2024-09-22,C90462,Headset,Aksesoris,5,1279000.0,Jl. Kenanga No. 235,Bandung,Jawa Barat,QRIS,Cancelled,TRK0062238959,8,BELANJA5,Google,150000,25000,6270000.0
ORD201446,2023-02-12,C76184,Headset,Aksesoris,2,331000.0,Jl. Kenanga No. 250,Bandung,Jawa Barat,E-Wallet,Shipped,TRK4052555210,5,NONE,Google,50000,30000,642000.0
ORD201447,2023-03-16,C87419,Switch,Networking,1,4805000.0,Jl. Mawar No. 52,Balikpapan,Kalimantan Timur,Kartu Kredit,Delivered,TRK0447811273,7,NONE,Instagram,0,25000,4830000.0
ORD201449,2024-03-12,C14310,Webcam,Aksesoris,5,645000.0,Jl. Anggrek No. 215,Palembang,Sumatera Selatan,COD,Delivered,TRK0871090024,8,GRATISONGKIR,Facebook,100000,15000,3140000.0
ORD201450,2023-09-11,C71135,Webcam,Aksesoris,1,394000.0,Jl. Anggrek No. 131,Yogyakarta,Di Yogyakarta,QRIS,Pending,TRK8554508494,2,MIDYEAR15,Referral,100000,25000,319000.0
ORD201451,2023-08-22,C63284,Router,Networking,4,798000.0,Jl. Kenanga No. 74,Bandung,Jawa Barat,Kartu Kredit,Pending,TRK6644708576,8,NONE,Instagram,150000,35000,3077000.0
ORD201452,2023-08-28,C34969,Printer,Elektronik,2,3541000.0,Jl. Mawar No. 239,Medan,Sumatera Utara,E-Wallet,Shipped,TRK4642650891,7,NONE,Referral,250000,30000,6862000.0
ORD201453,2023-07-16,C78510,Router,Networking,4,1052000.0,Jl. Mawar No. 8,Semarang,Jawa Tengah,E-Wallet,Returned,TRK1242817298,1,MIDYEAR15,Facebook,50000,40000,4198000.0
ORD201454,2024-06-17,C33817,Printer,Elektronik,4,2301000.0,Jl. Sudirman No. 99,Palembang,Sumatera Selatan,Kartu Kredit,Paid,TRK8084971613,5,MIDYEAR15,Tiktok,100000,15000,9119000.0
ORD201457,2024-11-16,C68663,Ssd,Storage,3,688000.0,Jl. Anggrek No. 129,Makassar,Sulawesi Selatan,QRIS,Returned,TRK8597330994,5,NONE,Facebook,100000,15000,1979000.0
ORD201458,2024-07-31,C98377,Webcam,Aksesoris,4,1325000.0,Jl. Diponegoro No. 177,Denpasar,Bali,COD,Delivered,TRK8384174693,1,NONE,Referral,50000,30000,5280000.0
ORD201459,2024-03-19,C32324,Headset,Aksesoris,1,1237000.0,Jl. Anggrek No. 94,Bandung,Jawa Barat,E-Wallet,Shipped,TRK9881344444,5,BELANJA5,Facebook,100000,35000,1172000.0
ORD201460,2024-05-06,C67271,Ssd,Storage,4,1699000.0,Jl. Kenanga No. 170,Semarang,Jawa Tengah,COD,Cancelled,TRK9559098422,7,HEMAT10,Facebook,100000,20000,6716000.0
ORD201461,2024-12-22,C84591,Desk,Furniture,1,2988000.0,Jl. Sudirman No. 17,Semarang,Jawa Tengah,COD,Delivered,TRK0165763420,1,NONE,Facebook,100000,30000,2918000.0
ORD201462,2023-05-13,C95441,Hdd,Storage,3,1520000.0,Jl. Sudirman No. 242,Palembang,Sumatera Selatan,Transfer Bank,Cancelled,TRK4096745940,1,HEMAT10,Tiktok,250000,35000,4345000.0
ORD201463,2023-01-18,C11486,Printer,Elektronik,3,1488000.0,Jl. Diponegoro No. 80,Yogyakarta,Di Yogyakarta,Transfer Bank,Pending,TRK4789099237,2,NONE,Tiktok,0,15000,4479000.0
ORD201464,2023-04-19,C76395,Switch,Networking,4,2837000.0,Jl. Kenanga No. 247,Semarang,Jawa Tengah,QRIS,Delivered,TRK7524943713,3,BELANJA5,Facebook,100000,20000,11268000.0
ORD201465,2023-09-13,C77487,Ssd,Storage,4,2321000.0,Jl. Anggrek No. 198,Surabaya,Jawa Timur,QRIS,Paid,TRK2492995549,4,BELANJA5,Tiktok,0,25000,9309000.0
ORD201466,2024-12-27,C50966,Hdd,Storage,2,2054000.0,Jl. Sudirman No. 220,Medan,Sumatera Utara,Transfer Bank,Delivered,TRK2646697885,6,HEMAT10,Tiktok,100000,40000,4048000.0
ORD201467,2024-09-18,C15327,Flash Drive,Storage,5,298000.0,Jl. Melati No. 244,Surabaya,Jawa Timur,QRIS,Pending,TRK6491774359,2,NONE,Tiktok,100000,35000,1425000.0
ORD201468,2024-08-06,C46597,Mouse,Aksesoris,5,454000.0,Jl. Mawar No. 62,Medan,Sumatera Utara,QRIS,Delivered,TRK9014292915,2,NONE,Facebook,50000,20000,2240000.0
ORD201469,2023-10-29,C49483,Headset,Aksesoris,3,674000.0,Jl. Melati No. 159,Bandung,Jawa Barat,E-Wallet,Pending,TRK9151981365,2,HEMAT10,Tiktok,250000,25000,1797000.0
ORD201470,2024-03-25,C97759,Keyboard,Aksesoris,5,1139000.0,Jl. Melati No. 70,Semarang,Jawa Tengah,QRIS,Cancelled,TRK1590062859,2,GRATISONGKIR,Facebook,50000,35000,5680000.0
ORD201471,2023-11-23,C73649,Monitor,Elektronik,5,4335000.0,Jl. Diponegoro No. 113,Balikpapan,Kalimantan Timur,Transfer Bank,Paid,TRK0745832264,3,NONE,Facebook,0,35000,21710000.0
ORD201472,2024-04-28,C84843,Monitor,Elektronik,4,1629000.0,Jl. Sudirman No. 42,Palembang,Sumatera Selatan,E-Wallet,Returned,TRK7630229384,7,BELANJA5,Website,0,15000,6531000.0
ORD201473,2023-12-06,C70645,Monitor,Elektronik,1,1450000.0,Jl. Sudirman No. 216,Balikpapan,Kalimantan Timur,COD,Shipped,TRK2000060074,5,MIDYEAR15,Website,50000,25000,1425000.0
ORD201474,2023-04-16,C91371,Hdd,Storage,1,1569000.0,Jl. Anggrek No. 49,Makassar,Sulawesi Selatan,E-Wallet,Shipped,TRK8478299263,4,BELANJA5,Tiktok,150000,25000,1444000.0
ORD201475,2024-06-22,C24011,Router,Networking,2,1708000.0,Jl. Anggrek No. 219,Jakarta,Dki Jakarta,E-Wallet,Cancelled,TRK3915672839,4,HEMAT10,Facebook,50000,35000,3401000.0
ORD201476,2024-11-27,C13433,Tablet,Elektronik,2,5633000.0,Jl. Anggrek No. 92,Denpasar,Bali,Transfer Bank,Delivered,TRK1663917897,3,MIDYEAR15,Referral,100000,30000,11196000.0
ORD201477,2024-02-20,C30893,Chair,Furniture,5,1130000.0,Jl. Sudirman No. 13,Makassar,Sulawesi Selatan,QRIS,Paid,TRK8792609768,5,GRATISONGKIR,Google,150000,35000,5535000.0
ORD201479,2024-04-13,C76703,Desk,Furniture,3,1245000.0,Jl. Diponegoro No. 91,Surabaya,Jawa Timur,QRIS,Paid,TRK8475016166,2,HEMAT10,Tiktok,250000,30000,3515000.0
ORD201480,2024-09-07,C30468,Ssd,Storage,5,1259000.0,Jl. Mawar No. 181,Jakarta,Dki Jakarta,COD,Shipped,TRK6605383595,8,MIDYEAR15,Referral,100000,25000,6220000.0
ORD201481,2023-07-15,C79124,Chair,Furniture,4,1211000.0,Jl. Mawar No. 154,Semarang,Jawa Tengah,QRIS,Paid,TRK9091062893,1,NONE,Facebook,150000,30000,4724000.0
ORD201482,2024-03-19,C16391,Ssd,Storage,4,2105000.0,Jl. Anggrek No. 112,Denpasar,Bali,QRIS,Cancelled,TRK1262109157,2,BELANJA5,Tiktok,50000,20000,8390000.0
ORD201483,2023-02-19,C93320,Printer,Elektronik,4,2903000.0,Jl. Mawar No. 9,Semarang,Jawa Tengah,Kartu Kredit,Shipped,TRK1982597044,7,NONE,Website,0,20000,11632000.0
ORD201484,2024-02-12,C65951,Ssd,Storage,2,995000.0,Jl. Anggrek No. 195,Palembang,Sumatera Selatan,Kartu Kredit,Returned,TRK2912652086,5,HEMAT10,Website,50000,40000,1980000.0
ORD201485,2023-09-21,C40456,Desk,Furniture,1,2164000.0,Jl. Sudirman No. 157,Makassar,Sulawesi Selatan,E-Wallet,Pending,TRK6603087372,3,NONE,Facebook,100000,15000,2079000.0
ORD201486,2023-01-12,C16099,Keyboard,Aksesoris,5,1062000.0,Jl. Kenanga No. 77,Surabaya,Jawa Timur,Kartu Kredit,Pending,TRK4920723831,5,BELANJA5,Instagram,150000,15000,5175000.0
ORD201487,2024-08-25,C20404,Chair,Furniture,1,2639000.0,Jl. Diponegoro No. 54,Bandung,Jawa Barat,Transfer Bank,Returned,TRK2006497129,8,GRATISONGKIR,Facebook,250000,25000,2414000.0
ORD201488,2024-06-13,C89412,Headset,Aksesoris,4,1163000.0,Jl. Melati No. 218,Denpasar,Bali,COD,Returned,TRK9588752521,1,BELANJA5,Tiktok,50000,20000,4622000.0
ORD201489,2024-01-25,C64762,Keyboard,Aksesoris,1,899000.0,Jl. Anggrek No. 39,Medan,Sumatera Utara,QRIS,Shipped,TRK4458082171,8,NONE,Instagram,100000,25000,824000.0
ORD201490,2024-08-07,C21546,Mouse,Aksesoris,3,244000.0,Jl. Sudirman No. 35,Denpasar,Bali,COD,Paid,TRK0397881946,4,BELANJA5,Website,50000,30000,712000.0
ORD201491,2023-04-16,C87866,Ssd,Storage,2,1639000.0,Jl. Anggrek No. 55,Surabaya,Jawa Timur,Kartu Kredit,Cancelled,TRK2555003596,3,BELANJA5,Referral,250000,20000,3048000.0
ORD201492,2023-09-08,C81003,Flash Drive,Storage,4,71000.0,Jl. Anggrek No. 139,Medan,Sumatera Utara,Kartu Kredit,Returned,TRK9320242803,4,HEMAT10,Website,250000,20000,54000.0
ORD201493,2023-01-16,C70841,Monitor,Elektronik,5,3816000.0,Jl. Kenanga No. 5,Makassar,Sulawesi Selatan,Transfer Bank,Shipped,TRK0185055952,5,MIDYEAR15,Website,150000,20000,18950000.0
ORD201494,2024-01-19,C38661,Hdd,Storage,5,1981000.0,Jl. Mawar No. 172,Semarang,Jawa Tengah,Kartu Kredit,Delivered,TRK6973867812,5,MIDYEAR15,Tiktok,0,40000,9945000.0
ORD201495,2024-01-16,C65171,Flash Drive,Storage,1,279000.0,Jl. Anggrek No. 2,Denpasar,Bali,E-Wallet,Shipped,TRK0588189063,2,MIDYEAR15,Website,150000,30000,159000.0
ORD201496,2024-09-23,C21179,Monitor,Elektronik,2,4768000.0,Jl. Diponegoro No. 4,Balikpapan,Kalimantan Timur,Kartu Kredit,Shipped,TRK7056112683,6,MIDYEAR15,Google,50000,15000,9501000.0
ORD201497,2023-10-31,C10355,Headset,Aksesoris,3,994000.0,Jl. Sudirman No. 104,Balikpapan,Kalimantan Timur,Kartu Kredit,Pending,TRK1009042347,5,BELANJA5,Instagram,250000,40000,2772000.0
ORD201499,2024-02-27,C91303,Hdd,Storage,4,2137000.0,Jl. Sudirman No. 197,Palembang,Sumatera Selatan,Transfer Bank,Shipped,TRK0785433262,8,HEMAT10,Website,150000,35000,8433000.0
ORD201500,2024-04-04,C44428,Phone,Elektronik,1,2410000.0,Jl. Melati No. 174,Yogyakarta,Di Yogyakarta,Transfer Bank,Cancelled,TRK4515707986,4,NONE,Facebook,150000,35000,2295000.0
ORD201501,2024-05-29,C88226,Monitor,Elektronik,1,4815000.0,Jl. Melati No. 111,Bandung,Jawa Barat,Kartu Kredit,Returned,TRK4950333396,5,NONE,Facebook,0,35000,4850000.0
ORD201502,2024-10-12,C37852,Mouse,Aksesoris,2,576000.0,Jl. Kenanga No. 55,Balikpapan,Kalimantan Timur,E-Wallet,Cancelled,TRK8155465986,3,HEMAT10,Referral,250000,35000,937000.0
ORD201503,2024-02-29,C36892,Flash Drive,Storage,3,66000.0,Jl. Anggrek No. 6,Yogyakarta,Di Yogyakarta,Transfer Bank,Returned,TRK3459245942,7,GRATISONGKIR,Website,100000,30000,128000.0
ORD201504,2024-05-24,C45805,Desk,Furniture,3,1204000.0,Jl. Kenanga No. 123,Yogyakarta,Di Yogyakarta,COD,Returned,TRK3158548812,4,HEMAT10,Tiktok,50000,15000,3577000.0
ORD201505,2024-06-08,C11155,Laptop,Elektronik,3,7350000.0,Jl. Sudirman No. 172,Makassar,Sulawesi Selatan,QRIS,Cancelled,TRK0833035459,5,NONE,Tiktok,50000,25000,22025000.0
ORD201506,2023-06-25,C56330,Headset,Aksesoris,2,746000.0,Jl. Mawar No. 11,Balikpapan,Kalimantan Timur,COD,Paid,TRK6097265278,4,GRATISONGKIR,Tiktok,0,25000,1517000.0
ORD201508,2023-01-18,C69831,Router,Networking,3,623000.0,Jl. Kenanga No. 232,Yogyakarta,Di Yogyakarta,Transfer Bank,Paid,TRK4258136336,2,NONE,Instagram,0,40000,1909000.0
ORD201510,2023-10-16,C91120,Hdd,Storage,3,1704000.0,Jl. Sudirman No. 193,Bandung,Jawa Barat,Transfer Bank,Pending,TRK9226894184,7,MIDYEAR15,Tiktok,50000,25000,5087000.0
ORD201511,2024-06-25,C61688,Router,Networking,5,1351000.0,Jl. Anggrek No. 92,Yogyakarta,Di Yogyakarta,E-Wallet,Pending,TRK5351066518,7,HEMAT10,Instagram,150000,15000,6620000.0
ORD201512,2024-05-02,C76842,Phone,Elektronik,5,5479000.0,Jl. Kenanga No. 109,Semarang,Jawa Tengah,QRIS,Returned,TRK1309812050,2,HEMAT10,Tiktok,250000,20000,27165000.0
ORD201513,2024-05-11,C76670,Webcam,Aksesoris,2,1108000.0,Jl. Melati No. 72,Surabaya,Jawa Timur,QRIS,Pending,TRK9158260356,8,BELANJA5,Instagram,100000,35000,2151000.0
ORD201514,2023-10-29,C44953,Flash Drive,Storage,5,416000.0,Jl. Mawar No. 95,Balikpapan,Kalimantan Timur,QRIS,Paid,TRK3069218332,6,GRATISONGKIR,Instagram,250000,35000,1865000.0
ORD201515,2024-06-13,C43434,Mouse,Aksesoris,5,344000.0,Jl. Melati No. 19,Surabaya,Jawa Timur,E-Wallet,Pending,TRK2693958060,8,NONE,Google,100000,35000,1655000.0
ORD201516,2024-01-28,C88411,Webcam,Aksesoris,3,1677000.0,Jl. Mawar No. 61,Balikpapan,Kalimantan Timur,Kartu Kredit,Shipped,TRK7893049875,3,GRATISONGKIR,Website,250000,20000,4801000.0
ORD201517,2024-06-03,C18778,Router,Networking,5,1711000.0,Jl. Kenanga No. 209,Semarang,Jawa Tengah,QRIS,Cancelled,TRK1011097842,6,HEMAT10,Referral,150000,15000,8420000.0
ORD201518,2023-03-01,C82204,Monitor,Elektronik,1,3550000.0,Jl. Melati No. 92,Semarang,Jawa Tengah,Transfer Bank,Returned,TRK0074634118,1,GRATISONGKIR,Website,50000,15000,3515000.0
ORD201520,2024-10-16,C43966,Ssd,Storage,3,2252000.0,Jl. Kenanga No. 176,Semarang,Jawa Tengah,Transfer Bank,Shipped,TRK8208874285,3,NONE,Referral,100000,20000,6676000.0
ORD201521,2024-12-29,C29295,Router,Networking,3,1519000.0,Jl. Melati No. 188,Balikpapan,Kalimantan Timur,Transfer Bank,Shipped,TRK5500520271,2,MIDYEAR15,Facebook,150000,40000,4447000.0
ORD201522,2024-07-18,C13773,Phone,Elektronik,5,6443000.0,Jl. Melati No. 156,Jakarta,Dki Jakarta,COD,Paid,TRK6414505585,4,HEMAT10,Tiktok,100000,40000,32155000.0
ORD201523,2023-02-21,C98002,Hdd,Storage,3,811000.0,Jl. Kenanga No. 231,Yogyakarta,Di Yogyakarta,QRIS,Delivered,TRK1646187564,7,BELANJA5,Website,0,15000,2448000.0
ORD201524,2024-12-29,C95123,Mouse,Aksesoris,5,368000.0,Jl. Diponegoro No. 173,Jakarta,Dki Jakarta,QRIS,Returned,TRK7900694752,2,BELANJA5,Tiktok,100000,35000,1775000.0
ORD201525,2024-03-25,C99637,Desk,Furniture,3,3322000.0,Jl. Sudirman No. 121,Bandung,Jawa Barat,COD,Cancelled,TRK8473865715,7,HEMAT10,Google,100000,20000,9886000.0
ORD201527,2024-03-23,C69704,Webcam,Aksesoris,4,971000.0,Jl. Mawar No. 190,Makassar,Sulawesi Selatan,QRIS,Returned,TRK0563730084,4,GRATISONGKIR,Google,250000,25000,3659000.0
ORD201528,2024-06-21,C69308,Printer,Elektronik,5,2128000.0,Jl. Anggrek No. 162,Denpasar,Bali,QRIS,Paid,TRK6713481479,1,GRATISONGKIR,Referral,0,20000,10660000.0
ORD201529,2024-04-15,C37124,Flash Drive,Storage,2,372000.0,Jl. Melati No. 159,Unknown,Jawa Barat,COD,Pending,TRK6260529674,2,GRATISONGKIR,Tiktok,0,35000,779000.0
ORD201530,2024-07-04,C67982,Router,Networking,4,1322000.0,Jl. Kenanga No. 7,Balikpapan,Kalimantan Timur,Kartu Kredit,Pending,TRK6027708802,6,MIDYEAR15,Website,0,40000,5328000.0
ORD201532,2024-12-17,C88906,Headset,Aksesoris,4,1744000.0,Jl. Kenanga No. 34,Bandung,Jawa Barat,Kartu Kredit,Delivered,TRK6211899336,5,MIDYEAR15,Tiktok,250000,15000,6741000.0
ORD201533,2023-11-19,C41696,Tablet,Elektronik,4,5863000.0,Jl. Kenanga No. 205,Medan,Sumatera Utara,Transfer Bank,Pending,TRK5671772350,7,BELANJA5,Instagram,0,15000,23467000.0
ORD201534,2023-07-29,C80667,Keyboard,Aksesoris,3,288000.0,Jl. Sudirman No. 113,Yogyakarta,Di Yogyakarta,COD,Cancelled,TRK7366454907,4,HEMAT10,Google,250000,25000,639000.0
ORD201535,2024-09-01,C23613,Ssd,Storage,2,1735000.0,Jl. Mawar No. 197,Denpasar,Bali,Kartu Kredit,Shipped,TRK4714545523,2,NONE,Google,100000,30000,3400000.0
ORD201536,2024-10-06,C69999,Phone,Elektronik,1,7763000.0,Jl. Melati No. 99,Balikpapan,Kalimantan Timur,Kartu Kredit,Pending,TRK5250809170,5,GRATISONGKIR,Instagram,150000,15000,7628000.0
ORD201537,2023-01-14,C21455,Ssd,Storage,3,536000.0,Jl. Diponegoro No. 93,Jakarta,Dki Jakarta,QRIS,Paid,TRK7949322712,3,BELANJA5,Tiktok,100000,35000,1543000.0
ORD201538,2024-12-13,C21016,Hdd,Storage,5,1053000.0,Jl. Diponegoro No. 114,Jakarta,Dki Jakarta,Transfer Bank,Cancelled,TRK5037111479,2,HEMAT10,Facebook,0,30000,5295000.0
ORD201539,2023-03-23,C79017,Headset,Aksesoris,2,1179000.0,Jl. Kenanga No. 47,Balikpapan,Kalimantan Timur,Transfer Bank,Pending,TRK5264202088,6,NONE,Google,0,15000,2373000.0
ORD201540,2023-01-03,C46223,Printer,Elektronik,4,4488000.0,Jl. Sudirman No. 34,Yogyakarta,Di Yogyakarta,Kartu Kredit,Returned,TRK5072005743,4,HEMAT10,Instagram,150000,30000,17832000.0
ORD201541,2024-10-18,C53836,Webcam,Aksesoris,3,1235000.0,Jl. Melati No. 215,Yogyakarta,Di Yogyakarta,Transfer Bank,Cancelled,TRK3246424102,4,NONE,Instagram,50000,15000,3670000.0
ORD201542,2024-02-01,C68436,Ssd,Storage,1,1168000.0,Jl. Melati No. 205,Palembang,Sumatera Selatan,QRIS,Cancelled,TRK2614955731,3,MIDYEAR15,Tiktok,0,35000,1203000.0
ORD201543,2023-03-28,C85963,Ssd,Storage,2,982000.0,Jl. Kenanga No. 214,Denpasar,Bali,E-Wallet,Pending,TRK6736191696,2,HEMAT10,Tiktok,250000,30000,1744000.0
ORD201544,2024-12-29,C56036,Ssd,Storage,5,2278000.0,Jl. Melati No. 26,Balikpapan,Kalimantan Timur,Transfer Bank,Delivered,TRK5205792420,3,NONE,Website,0,40000,11430000.0
ORD201545,2023-05-07,C68434,Headset,Aksesoris,1,1564000.0,Jl. Diponegoro No. 91,Denpasar,Bali,COD,Delivered,TRK4541187084,4,GRATISONGKIR,Website,250000,15000,1329000.0
ORD201546,2023-05-25,C28708,Hdd,Storage,3,2550000.0,Jl. Melati No. 191,Jakarta,Dki Jakarta,Kartu Kredit,Shipped,TRK1077781509,5,HEMAT10,Referral,100000,25000,7575000.0
ORD201549,2024-07-07,C75114,Headset,Aksesoris,1,324000.0,Jl. Anggrek No. 21,Medan,Sumatera Utara,E-Wallet,Cancelled,TRK1578329908,5,BELANJA5,Google,150000,25000,199000.0
ORD201550,2024-03-09,C85700,Ssd,Storage,3,2186000.0,Jl. Sudirman No. 15,Surabaya,Jawa Timur,QRIS,Paid,TRK4874805923,3,BELANJA5,Instagram,250000,25000,6333000.0
ORD201551,2024-04-14,C84543,Laptop,Elektronik,3,7527000.0,Jl. Mawar No. 148,Medan,Sumatera Utara,E-Wallet,Cancelled,TRK1566275677,8,BELANJA5,Instagram,250000,20000,22351000.0
ORD201552,2023-09-06,C96620,Keyboard,Aksesoris,3,988000.0,Jl. Melati No. 77,Makassar,Sulawesi Selatan,Transfer Bank,Shipped,TRK6443563658,2,BELANJA5,Website,100000,25000,2889000.0
ORD201553,2024-02-03,C87154,Switch,Networking,1,4267000.0,Jl. Diponegoro No. 222,Palembang,Sumatera Selatan,Transfer Bank,Pending,TRK0627711032,4,NONE,Website,150000,40000,4157000.0
ORD201554,2024-02-12,C83795,Mouse,Aksesoris,4,168000.0,Jl. Anggrek No. 50,Yogyakarta,Di Yogyakarta,E-Wallet,Returned,TRK7784554062,6,NONE,Website,100000,20000,592000.0
ORD201555,2023-03-07,C42726,Hdd,Storage,3,1317000.0,Jl. Sudirman No. 135,Jakarta,Dki Jakarta,E-Wallet,Pending,TRK1785497617,3,BELANJA5,Google,150000,40000,3841000.0
ORD201556,2023-03-31,C78694,Keyboard,Aksesoris,4,287000.0,Jl. Diponegoro No. 191,Semarang,Jawa Tengah,Kartu Kredit,Cancelled,TRK4667412918,2,HEMAT10,Google,150000,35000,1033000.0
ORD201557,2024-04-27,C13335,Router,Networking,2,1896000.0,Jl. Sudirman No. 178,Yogyakarta,Di Yogyakarta,Kartu Kredit,Delivered,TRK5985440665,2,GRATISONGKIR,Tiktok,250000,35000,3577000.0
ORD201559,2023-08-12,C87246,Router,Networking,4,1880000.0,Jl. Kenanga No. 6,Palembang,Sumatera Selatan,QRIS,Returned,TRK5357603491,1,NONE,Instagram,150000,40000,7410000.0
ORD201560,2023-02-25,C99467,Hdd,Storage,3,3095000.0,Jl. Kenanga No. 111,Jakarta,Dki Jakarta,E-Wallet,Pending,TRK9607823051,7,NONE,Tiktok,50000,30000,9265000.0
ORD201561,2024-09-21,C45115,Desk,Furniture,4,2074000.0,Jl. Kenanga No. 138,Makassar,Sulawesi Selatan,QRIS,Pending,TRK7412998941,1,BELANJA5,Tiktok,150000,40000,8186000.0
ORD201562,2023-04-13,C41408,Laptop,Elektronik,2,7478000.0,Jl. Kenanga No. 189,Makassar,Sulawesi Selatan,Transfer Bank,Shipped,TRK2531712348,4,HEMAT10,Tiktok,250000,40000,14746000.0
ORD201563,2024-04-21,C45607,Hdd,Storage,5,2313000.0,Jl. Sudirman No. 167,Balikpapan,Kalimantan Timur,COD,Shipped,TRK0484735138,4,NONE,Tiktok,50000,30000,11545000.0
ORD201564,2024-07-08,C88452,Desk,Furniture,5,1184000.0,Jl. Diponegoro No. 203,Palembang,Sumatera Selatan,COD,Cancelled,TRK9888271778,2,HEMAT10,Referral,50000,20000,5890000.0
ORD201565,2024-08-19,C90161,Monitor,Elektronik,3,3410000.0,Jl. Mawar No. 211,Denpasar,Bali,Transfer Bank,Pending,TRK1006364757,2,NONE,Referral,0,15000,10245000.0
ORD201566,2024-08-04,C30657,Ssd,Storage,3,1317000.0,Jl. Diponegoro No. 241,Surabaya,Jawa Timur,COD,Paid,TRK7718643143,7,MIDYEAR15,Instagram,250000,35000,3736000.0
ORD201567,2023-04-29,C87550,Keyboard,Aksesoris,1,274000.0,Jl. Anggrek No. 40,Medan,Sumatera Utara,QRIS,Cancelled,TRK1125252712,3,NONE,Website,50000,25000,249000.0
ORD201568,2023-11-21,C89558,Keyboard,Aksesoris,4,908000.0,Jl. Melati No. 3,Balikpapan,Kalimantan Timur,Kartu Kredit,Pending,TRK6166534212,3,GRATISONGKIR,Website,250000,15000,3397000.0
ORD201569,2023-10-05,C78840,Hdd,Storage,3,2439000.0,Jl. Diponegoro No. 80,Makassar,Sulawesi Selatan,Kartu Kredit,Cancelled,TRK7908966716,5,BELANJA5,Facebook,100000,35000,7252000.0
ORD201570,2023-08-11,C82834,Hdd,Storage,1,1967000.0,Jl. Sudirman No. 117,Semarang,Jawa Tengah,QRIS,Returned,TRK1885432905,3,BELANJA5,Website,250000,15000,1732000.0
ORD201571,2024-02-11,C25614,Printer,Elektronik,4,3971000.0,Jl. Melati No. 38,Balikpapan,Kalimantan Timur,COD,Shipped,TRK5562945808,5,HEMAT10,Referral,250000,35000,15669000.0
ORD201572,2023-12-11,C39462,Switch,Networking,5,2867000.0,Jl. Diponegoro No. 207,Balikpapan,Kalimantan Timur,E-Wallet,Cancelled,TRK7722453642,5,GRATISONGKIR,Referral,150000,25000,14210000.0
ORD201573,2024-05-08,C50824,Mouse,Aksesoris,5,290000.0,Jl. Mawar No. 162,Bandung,Jawa Barat,Transfer Bank,Paid,TRK3126680547,1,HEMAT10,Google,50000,25000,1425000.0
ORD201574,2024-09-27,C36573,Keyboard,Aksesoris,3,723000.0,Jl. Mawar No. 238,Medan,Sumatera Utara,Kartu Kredit,Cancelled,TRK8320863351,7,GRATISONGKIR,Facebook,50000,15000,2134000.0
ORD201575,2023-05-25,C83904,Webcam,Aksesoris,5,912000.0,Jl. Diponegoro No. 35,Yogyakarta,Di Yogyakarta,Kartu Kredit,Paid,TRK9495769539,7,NONE,Tiktok,150000,20000,4430000.0
ORD201576,2024-09-29,C29815,Printer,Elektronik,4,3169000.0,Jl. Diponegoro No. 108,Yogyakarta,Di Yogyakarta,QRIS,Shipped,TRK7316999287,8,NONE,Instagram,250000,25000,12451000.0
ORD201577,2023-12-25,C28940,Hdd,Storage,5,1981000.0,Jl. Sudirman No. 47,Balikpapan,Kalimantan Timur,COD,Pending,TRK1278362358,2,NONE,Instagram,50000,15000,9870000.0
ORD201578,2024-10-18,C36812,Chair,Furniture,3,1648000.0,Jl. Melati No. 74,Makassar,Sulawesi Selatan,Kartu Kredit,Pending,TRK2018284356,3,NONE,Tiktok,0,25000,4969000.0
ORD201579,2023-10-21,C18491,Monitor,Elektronik,1,3652000.0,Jl. Diponegoro No. 73,Bandung,Jawa Barat,QRIS,Paid,TRK1855680761,6,HEMAT10,Facebook,50000,20000,3622000.0
ORD201580,2023-08-19,C91051,Monitor,Elektronik,4,1950000.0,Jl. Kenanga No. 176,Jakarta,Dki Jakarta,Kartu Kredit,Cancelled,TRK1062769072,2,HEMAT10,Tiktok,50000,30000,7780000.0
ORD201581,2024-06-16,C56855,Printer,Elektronik,2,2719000.0,Jl. Kenanga No. 48,Yogyakarta,Di Yogyakarta,COD,Cancelled,TRK8520123017,1,GRATISONGKIR,Google,250000,30000,5218000.0
ORD201582,2024-08-10,C96046,Monitor,Elektronik,5,2588000.0,Jl. Diponegoro No. 123,Denpasar,Bali,E-Wallet,Paid,TRK7018110926,4,NONE,Instagram,0,15000,12955000.0
ORD201584,2023-01-29,C18823,Desk,Furniture,3,2663000.0,Jl. Kenanga No. 234,Semarang,Jawa Tengah,QRIS,Pending,TRK1119316639,4,NONE,Instagram,0,25000,8014000.0
ORD201585,2024-09-22,C62501,Laptop,Elektronik,5,7432000.0,Jl. Sudirman No. 40,Balikpapan,Kalimantan Timur,COD,Pending,TRK6327052082,2,BELANJA5,Tiktok,250000,15000,36925000.0
ORD201586,2023-07-14,C37074,Tablet,Elektronik,1,3312000.0,Jl. Diponegoro No. 26,Unknown,Di Yogyakarta,COD,Paid,TRK9408633899,8,HEMAT10,Instagram,0,25000,3337000.0
ORD201588,2023-04-28,C17139,Switch,Networking,2,3381000.0,Jl. Sudirman No. 76,Semarang,Jawa Tengah,Transfer Bank,Paid,TRK3095649854,4,HEMAT10,Instagram,250000,35000,6547000.0
ORD201589,2023-04-05,C20353,Webcam,Aksesoris,4,1798000.0,Jl. Diponegoro No. 47,Denpasar,Bali,QRIS,Cancelled,TRK9201967694,5,BELANJA5,Website,150000,25000,7067000.0
ORD201590,2023-07-02,C34762,Headset,Aksesoris,3,543000.0,Jl. Sudirman No. 9,Balikpapan,Kalimantan Timur,Unknown,Delivered,TRK4328118968,8,NONE,Facebook,100000,30000,1559000.0
ORD201591,2024-12-31,C52093,Webcam,Aksesoris,4,285000.0,Jl. Anggrek No. 145,Denpasar,Bali,Transfer Bank,Paid,TRK4331676125,3,GRATISONGKIR,Facebook,250000,35000,925000.0
ORD201592,2023-06-12,C88215,Headset,Aksesoris,3,1091000.0,Jl. Melati No. 102,Medan,Sumatera Utara,Transfer Bank,Pending,TRK4495716895,8,NONE,Referral,100000,20000,3193000.0
ORD201593,2023-08-20,C63609,Switch,Networking,2,3550000.0,Jl. Diponegoro No. 229,Semarang,Jawa Tengah,QRIS,Shipped,TRK3868685957,4,NONE,Website,100000,20000,7020000.0
ORD201595,2023-07-07,C28507,Tablet,Elektronik,5,4957000.0,Jl. Diponegoro No. 24,Semarang,Jawa Tengah,E-Wallet,Delivered,TRK8805950937,2,BELANJA5,Tiktok,150000,40000,24675000.0
ORD201597,2023-07-04,C22303,Hdd,Storage,2,3219000.0,Jl. Diponegoro No. 105,Balikpapan,Kalimantan Timur,COD,Delivered,TRK9363395259,6,BELANJA5,Facebook,50000,35000,6423000.0
ORD201599,2023-06-25,C79121,Printer,Elektronik,2,2861000.0,Jl. Anggrek No. 156,Palembang,Sumatera Selatan,Kartu Kredit,Pending,TRK8220602648,8,NONE,Tiktok,100000,15000,5637000.0
ORD201600,2024-02-07,C38652,Switch,Networking,5,3729000.0,Jl. Melati No. 9,Yogyakarta,Di Yogyakarta,Transfer Bank,Returned,TRK8397976924,3,HEMAT10,Tiktok,0,30000,18675000.0
ORD201601,2023-11-19,C88035,Ssd,Storage,1,1567000.0,Jl. Diponegoro No. 141,Bandung,Jawa Barat,QRIS,Returned,TRK8752023051,1,NONE,Referral,50000,25000,1542000.0
ORD201602,2024-09-10,C75619,Webcam,Aksesoris,5,785000.0,Jl. Kenanga No. 242,Surabaya,Jawa Timur,Transfer Bank,Paid,TRK6078892474,7,BELANJA5,Website,100000,20000,3845000.0
ORD201603,2024-07-23,C28650,Switch,Networking,2,2436000.0,Jl. Melati No. 140,Denpasar,Bali,QRIS,Cancelled,TRK2446281817,4,MIDYEAR15,Tiktok,100000,40000,4812000.0
ORD201605,2024-05-02,C71489,Chair,Furniture,4,752000.0,Jl. Melati No. 10,Palembang,Sumatera Selatan,E-Wallet,Paid,TRK3692584950,5,BELANJA5,Google,250000,30000,2788000.0
ORD201606,2024-08-22,C19645,Ssd,Storage,2,1031000.0,Jl. Sudirman No. 154,Yogyakarta,Di Yogyakarta,COD,Shipped,TRK4591005081,8,NONE,Website,100000,40000,2002000.0
ORD201607,2023-08-11,C15348,Monitor,Elektronik,5,4160000.0,Jl. Kenanga No. 45,Medan,Sumatera Utara,Transfer Bank,Returned,TRK1919211338,3,MIDYEAR15,Website,250000,35000,20585000.0
ORD201609,2024-12-02,C38417,Tablet,Elektronik,3,3666000.0,Jl. Melati No. 215,Surabaya,Jawa Timur,Kartu Kredit,Returned,TRK2196855989,2,BELANJA5,Instagram,50000,35000,10983000.0
ORD201610,2024-11-27,C32250,Monitor,Elektronik,3,4535000.0,Jl. Mawar No. 90,Makassar,Sulawesi Selatan,QRIS,Pending,TRK7282964468,1,NONE,Website,0,20000,13625000.0
ORD201611,2023-08-13,C68320,Router,Networking,4,1648000.0,Jl. Melati No. 127,Semarang,Jawa Tengah,E-Wallet,Cancelled,TRK9311828245,7,NONE,Instagram,100000,40000,6532000.0
ORD201612,2023-06-04,C84526,Keyboard,Aksesoris,2,485000.0,Jl. Mawar No. 246,Bandung,Jawa Barat,E-Wallet,Cancelled,TRK1576240297,5,NONE,Tiktok,0,15000,985000.0
ORD201613,2023-02-06,C42410,Router,Networking,3,1206000.0,Jl. Melati No. 36,Denpasar,Bali,Kartu Kredit,Shipped,TRK5216137033,5,MIDYEAR15,Facebook,250000,40000,3408000.0
ORD201614,2023-03-11,C44269,Mouse,Aksesoris,3,572000.0,Jl. Anggrek No. 98,Denpasar,Bali,QRIS,Returned,TRK3961846506,7,NONE,Facebook,100000,40000,1656000.0
ORD201615,2023-02-13,C57031,Mouse,Aksesoris,2,362000.0,Jl. Kenanga No. 27,Denpasar,Bali,COD,Shipped,TRK8175535247,8,NONE,Facebook,50000,20000,694000.0
ORD201617,2023-08-17,C94356,Router,Networking,2,1260000.0,Jl. Diponegoro No. 99,Palembang,Sumatera Selatan,Kartu Kredit,Cancelled,TRK0112651547,8,BELANJA5,Tiktok,150000,35000,2405000.0
ORD201618,2024-10-10,C74609,Headset,Aksesoris,1,187000.0,Jl. Diponegoro No. 182,Denpasar,Bali,QRIS,Pending,TRK5364755795,8,MIDYEAR15,Google,150000,25000,62000.0
ORD201619,2023-02-22,C18368,Flash Drive,Storage,1,111000.0,Jl. Diponegoro No. 169,Surabaya,Jawa Timur,Transfer Bank,Delivered,TRK7846274520,6,NONE,Facebook,50000,15000,76000.0
ORD201620,2023-01-25,C84476,Headset,Aksesoris,5,967000.0,Jl. Diponegoro No. 247,Jakarta,Dki Jakarta,COD,Cancelled,TRK6025020570,7,NONE,Website,50000,20000,4805000.0
ORD201622,2024-05-03,C84947,Webcam,Aksesoris,2,577000.0,Jl. Mawar No. 45,Medan,Sumatera Utara,E-Wallet,Pending,TRK9496490425,5,BELANJA5,Referral,150000,30000,1034000.0
ORD201623,2024-10-08,C28420,Flash Drive,Storage,3,84000.0,Jl. Anggrek No. 32,Medan,Sumatera Utara,QRIS,Returned,TRK1407876265,4,HEMAT10,Website,250000,15000,17000.0
ORD201625,2023-05-14,C83044,Ssd,Storage,2,734000.0,Jl. Melati No. 26,Semarang,Jawa Tengah,Transfer Bank,Delivered,TRK2108248489,4,HEMAT10,Instagram,250000,15000,1233000.0
ORD201626,2023-07-25,C92783,Monitor,Elektronik,2,2408000.0,Jl. Kenanga No. 60,Surabaya,Jawa Timur,QRIS,Cancelled,TRK1460784031,8,MIDYEAR15,Website,150000,15000,4681000.0
ORD201627,2024-09-27,C56930,Hdd,Storage,1,1534000.0,Jl. Melati No. 123,Semarang,Jawa Tengah,E-Wallet,Paid,TRK0732861257,5,MIDYEAR15,Tiktok,50000,20000,1504000.0
ORD201629,2023-07-28,C20500,Desk,Furniture,5,2416500.0,Jl. Sudirman No. 29,Jakarta,Dki Jakarta,COD,Delivered,TRK2504156214,1,GRATISONGKIR,Referral,50000,30000,12062500.0
ORD201631,2023-06-21,C51542,Router,Networking,1,2060000.0,Jl. Mawar No. 57,Makassar,Sulawesi Selatan,E-Wallet,Paid,TRK0650464261,2,MIDYEAR15,Tiktok,150000,30000,1940000.0
ORD201632,2023-11-23,C70185,Chair,Furniture,4,1698000.0,Jl. Sudirman No. 90,Medan,Sumatera Utara,Kartu Kredit,Paid,TRK1798959297,8,NONE,Google,100000,40000,6732000.0
ORD201633,2024-07-18,C54069,Phone,Elektronik,5,3469000.0,Jl. Kenanga No. 110,Surabaya,Jawa Timur,E-Wallet,Delivered,TRK4772841530,4,BELANJA5,Tiktok,0,20000,17365000.0
ORD201634,2024-04-10,C27465,Chair,Furniture,4,1260000.0,Jl. Melati No. 131,Jakarta,Dki Jakarta,QRIS,Paid,TRK8920696393,5,NONE,Referral,50000,40000,5030000.0
ORD201635,2023-07-18,C11490,Desk,Furniture,2,2857000.0,Jl. Mawar No. 4,Jakarta,Dki Jakarta,QRIS,Paid,TRK8768716323,8,GRATISONGKIR,Instagram,100000,30000,5644000.0
ORD201636,2023-07-01,C11284,Chair,Furniture,1,1432000.0,Jl. Anggrek No. 228,Bandung,Jawa Barat,QRIS,Delivered,TRK9696479453,8,NONE,Tiktok,50000,20000,1402000.0
ORD201637,2023-05-18,C87348,Printer,Elektronik,1,1411000.0,Jl. Sudirman No. 161,Jakarta,Dki Jakarta,E-Wallet,Paid,TRK2873361044,5,NONE,Website,100000,30000,1341000.0
ORD201638,2023-05-01,C26575,Switch,Networking,5,1601000.0,Jl. Mawar No. 116,Medan,Sumatera Utara,Transfer Bank,Shipped,TRK7354510995,8,HEMAT10,Google,50000,40000,7995000.0
ORD201639,2024-06-09,C91886,Printer,Elektronik,2,5079000.0,Jl. Diponegoro No. 9,Yogyakarta,Di Yogyakarta,COD,Pending,TRK4727933307,6,MIDYEAR15,Google,250000,30000,9938000.0
ORD201641,2023-04-26,C33312,Printer,Elektronik,1,1529000.0,Jl. Kenanga No. 190,Unknown,Jawa Timur,QRIS,Cancelled,TRK3370845417,1,NONE,Tiktok,150000,35000,1414000.0
ORD201643,2023-02-07,C39382,Printer,Elektronik,4,2112000.0,Jl. Anggrek No. 82,Medan,Sumatera Utara,QRIS,Returned,TRK1500887279,8,HEMAT10,Website,50000,35000,8433000.0
ORD201646,2024-10-09,C37200,Switch,Networking,4,6328000.0,Jl. Anggrek No. 54,Medan,Sumatera Utara,QRIS,Delivered,TRK3975367322,6,MIDYEAR15,Instagram,50000,15000,25277000.0
ORD201648,2023-02-15,C41807,Ssd,Storage,4,1904000.0,Jl. Sudirman No. 55,Bandung,Jawa Barat,E-Wallet,Paid,TRK5028593573,8,BELANJA5,Tiktok,50000,30000,7596000.0
ORD201649,2024-08-31,C75007,Mouse,Aksesoris,1,301000.0,Jl. Diponegoro No. 115,Medan,Sumatera Utara,COD,Cancelled,TRK0149082258,3,NONE,Facebook,250000,20000,71000.0
ORD201650,2023-07-23,C63704,Chair,Furniture,1,1957000.0,Jl. Mawar No. 35,Jakarta,Dki Jakarta,Kartu Kredit,Shipped,TRK8915108012,6,NONE,Google,0,20000,1977000.0
ORD201651,2023-10-07,C30978,Desk,Furniture,5,1246000.0,Jl. Diponegoro No. 75,Semarang,Jawa Tengah,COD,Delivered,TRK1317524744,2,GRATISONGKIR,Website,250000,15000,5995000.0
ORD201652,2023-10-12,C22569,Router,Networking,2,1447000.0,Jl. Diponegoro No. 164,Bandung,Jawa Barat,Transfer Bank,Pending,TRK4937032513,1,NONE,Referral,50000,25000,2869000.0
ORD201653,2024-03-15,C22887,Phone,Elektronik,1,5157000.0,Jl. Sudirman No. 141,Makassar,Sulawesi Selatan,COD,Cancelled,TRK9539596336,1,NONE,Website,100000,40000,5097000.0
ORD201654,2023-04-02,C80607,Tablet,Elektronik,1,8583000.0,Jl. Mawar No. 104,Medan,Sumatera Utara,Transfer Bank,Pending,TRK8453418272,7,HEMAT10,Website,0,35000,8618000.0
ORD201655,2023-04-01,C36738,Webcam,Aksesoris,1,587000.0,Jl. Kenanga No. 206,Medan,Sumatera Utara,E-Wallet,Returned,TRK9967687930,7,BELANJA5,Instagram,150000,30000,467000.0
ORD201656,2024-06-15,C31861,Chair,Furniture,2,1413000.0,Jl. Kenanga No. 38,Yogyakarta,Di Yogyakarta,COD,Returned,TRK8919109219,7,NONE,Tiktok,250000,25000,2601000.0
ORD201657,2024-10-16,C62602,Ssd,Storage,1,2437000.0,Jl. Sudirman No. 49,Bandung,Jawa Barat,Kartu Kredit,Pending,TRK4941453755,3,HEMAT10,Tiktok,100000,20000,2357000.0
ORD201658,2024-01-11,C56805,Desk,Furniture,3,2029000.0,Jl. Mawar No. 211,Makassar,Sulawesi Selatan,Kartu Kredit,Paid,TRK6213531962,2,BELANJA5,Facebook,150000,20000,5957000.0
ORD201659,2023-12-04,C68991,Hdd,Storage,5,2913000.0,Jl. Sudirman No. 222,Surabaya,Jawa Timur,Kartu Kredit,Cancelled,TRK0905871422,6,HEMAT10,Referral,150000,30000,14445000.0
ORD201660,2024-02-09,C37902,Desk,Furniture,3,3562000.0,Jl. Diponegoro No. 94,Makassar,Sulawesi Selatan,QRIS,Delivered,TRK2031139304,2,HEMAT10,Referral,150000,40000,10576000.0
ORD201661,2024-05-10,C44911,Desk,Furniture,1,1118000.0,Jl. Anggrek No. 28,Balikpapan,Kalimantan Timur,E-Wallet,Cancelled,TRK3733413027,7,NONE,Google,0,25000,1143000.0
ORD201662,2024-02-26,C25687,Headset,Aksesoris,2,1089000.0,Jl. Sudirman No. 147,Yogyakarta,Di Yogyakarta,Transfer Bank,Delivered,TRK9275113503,3,GRATISONGKIR,Facebook,50000,20000,2148000.0
ORD201663,2023-10-16,C39269,Mouse,Aksesoris,1,284000.0,Jl. Anggrek No. 206,Makassar,Sulawesi Selatan,QRIS,Shipped,TRK8611840300,3,BELANJA5,Instagram,50000,40000,274000.0
ORD201665,2024-11-19,C66048,Monitor,Elektronik,4,4053000.0,Jl. Mawar No. 151,Yogyakarta,Di Yogyakarta,E-Wallet,Pending,TRK9838632126,2,GRATISONGKIR,Facebook,250000,30000,15992000.0
ORD201666,2023-09-21,C36280,Monitor,Elektronik,2,4518000.0,Jl. Diponegoro No. 86,Makassar,Sulawesi Selatan,Transfer Bank,Pending,TRK3222708100,8,BELANJA5,Referral,0,30000,9066000.0
ORD201667,2023-07-17,C90537,Ssd,Storage,2,2205000.0,Jl. Kenanga No. 34,Jakarta,Dki Jakarta,E-Wallet,Cancelled,TRK1833653995,4,HEMAT10,Referral,100000,35000,4345000.0
ORD201669,2024-01-01,C20143,Switch,Networking,2,1189000.0,Jl. Kenanga No. 45,Makassar,Sulawesi Selatan,COD,Returned,TRK1967292535,5,GRATISONGKIR,Referral,0,40000,2418000.0
ORD201670,2024-04-29,C70836,Flash Drive,Storage,5,205000.0,Jl. Diponegoro No. 78,Unknown,Kalimantan Timur,Kartu Kredit,Pending,TRK2233001714,1,BELANJA5,Website,50000,15000,990000.0
ORD201671,2024-02-03,C38106,Printer,Elektronik,4,3950000.0,Jl. Anggrek No. 156,Denpasar,Bali,Transfer Bank,Cancelled,TRK9903538952,3,BELANJA5,Google,100000,40000,15740000.0
ORD201672,2024-12-24,C54308,Router,Networking,5,1333000.0,Jl. Sudirman No. 46,Medan,Sumatera Utara,Transfer Bank,Cancelled,TRK2048509950,3,MIDYEAR15,Website,0,25000,6690000.0
ORD201673,2024-07-23,C43067,Webcam,Aksesoris,3,479000.0,Jl. Kenanga No. 48,Jakarta,Dki Jakarta,COD,Shipped,TRK0276584491,5,BELANJA5,Instagram,250000,35000,1222000.0
ORD201675,2023-03-24,C89331,Switch,Networking,1,2833000.0,Jl. Anggrek No. 15,Jakarta,Dki Jakarta,QRIS,Delivered,TRK9637464753,3,GRATISONGKIR,Tiktok,50000,20000,2803000.0
ORD201676,2024-07-12,C98558,Keyboard,Aksesoris,4,441000.0,Jl. Melati No. 184,Jakarta,Dki Jakarta,E-Wallet,Paid,TRK6150561951,1,NONE,Google,100000,20000,1684000.0
ORD201677,2024-06-27,C91666,Tablet,Elektronik,4,8526000.0,Jl. Melati No. 1,Yogyakarta,Di Yogyakarta,QRIS,Pending,TRK1606399354,3,HEMAT10,Google,150000,15000,33969000.0
ORD201679,2024-07-10,C96374,Keyboard,Aksesoris,1,954000.0,Jl. Sudirman No. 207,Yogyakarta,Di Yogyakarta,COD,Cancelled,TRK7656779000,1,BELANJA5,Facebook,50000,25000,929000.0
ORD201680,2023-04-11,C53849,Hdd,Storage,4,1241000.0,Jl. Anggrek No. 118,Yogyakarta,Di Yogyakarta,COD,Delivered,TRK4716936383,7,GRATISONGKIR,Tiktok,0,20000,4984000.0
ORD201682,2024-01-13,C21652,Monitor,Elektronik,1,4709000.0,Jl. Anggrek No. 73,Unknown,Jawa Barat,QRIS,Paid,TRK0345494828,6,HEMAT10,Tiktok,50000,40000,4699000.0
ORD201684,2023-09-08,C76172,Keyboard,Aksesoris,2,258000.0,Jl. Mawar No. 25,Makassar,Sulawesi Selatan,QRIS,Pending,TRK8515149399,7,HEMAT10,Tiktok,150000,20000,386000.0
ORD201686,2024-02-10,C77271,Webcam,Aksesoris,3,1698000.0,Jl. Melati No. 100,Medan,Sumatera Utara,Kartu Kredit,Cancelled,TRK1134434743,7,NONE,Google,150000,30000,4974000.0
ORD201688,2024-10-20,C85883,Phone,Elektronik,2,2685000.0,Jl. Sudirman No. 59,Balikpapan,Kalimantan Timur,E-Wallet,Cancelled,TRK5540970301,5,HEMAT10,Facebook,150000,25000,5245000.0
ORD201689,2024-05-20,C69095,Flash Drive,Storage,5,201000.0,Jl. Sudirman No. 248,Jakarta,Dki Jakarta,Transfer Bank,Cancelled,TRK1880059213,7,NONE,Google,100000,35000,940000.0
ORD201690,2024-12-15,C21364,Chair,Furniture,1,2640000.0,Jl. Kenanga No. 74,Medan,Sumatera Utara,COD,Shipped,TRK7828049262,5,MIDYEAR15,Google,250000,15000,2405000.0
ORD201692,2023-03-20,C52860,Webcam,Aksesoris,4,1070000.0,Jl. Mawar No. 68,Balikpapan,Kalimantan Timur,Kartu Kredit,Cancelled,TRK9497125746,2,NONE,Instagram,0,40000,4320000.0
ORD201693,2024-10-24,C74906,Ssd,Storage,5,944000.0,Jl. Mawar No. 18,Balikpapan,Kalimantan Timur,Kartu Kredit,Delivered,TRK8834429891,3,MIDYEAR15,Referral,150000,25000,4595000.0
ORD201694,2023-08-20,C65624,Flash Drive,Storage,5,141000.0,Jl. Kenanga No. 74,Bandung,Jawa Barat,Transfer Bank,Returned,TRK8021625609,5,NONE,Facebook,0,20000,725000.0
ORD201695,2023-12-19,C34326,Router,Networking,4,2012000.0,Jl. Anggrek No. 120,Denpasar,Bali,Kartu Kredit,Returned,TRK8858287499,7,NONE,Google,250000,15000,7813000.0
ORD201697,2023-02-06,C84684,Switch,Networking,4,6792000.0,Jl. Sudirman No. 248,Bandung,Jawa Barat,Transfer Bank,Pending,TRK1235672344,1,NONE,Facebook,100000,20000,27088000.0
ORD201698,2024-04-21,C80732,Hdd,Storage,4,3126000.0,Jl. Sudirman No. 153,Semarang,Jawa Tengah,QRIS,Pending,TRK7035197064,2,NONE,Facebook,50000,35000,12489000.0
ORD201699,2023-02-27,C68608,Printer,Elektronik,1,1891000.0,Jl. Anggrek No. 9,Balikpapan,Kalimantan Timur,Transfer Bank,Cancelled,TRK9025274409,3,MIDYEAR15,Tiktok,50000,30000,1871000.0
ORD201700,2024-06-22,C94989,Desk,Furniture,3,915000.0,Jl. Kenanga No. 237,Medan,Sumatera Utara,Kartu Kredit,Cancelled,TRK6155050720,1,NONE,Facebook,150000,20000,2615000.0
ORD201701,2024-06-07,C77076,Ssd,Storage,5,1005000.0,Jl. Kenanga No. 155,Balikpapan,Kalimantan Timur,Transfer Bank,Paid,TRK3447440991,4,HEMAT10,Referral,50000,20000,4995000.0
ORD201702,2024-09-13,C66354,Hdd,Storage,4,2479000.0,Jl. Melati No. 77,Bandung,Jawa Barat,Kartu Kredit,Shipped,TRK8593541655,5,HEMAT10,Tiktok,250000,25000,9691000.0
ORD201703,2023-06-17,C23998,Chair,Furniture,1,1072000.0,Jl. Melati No. 48,Medan,Sumatera Utara,COD,Shipped,TRK0520259929,7,BELANJA5,Google,100000,30000,1002000.0
ORD201704,2023-03-09,C32767,Ssd,Storage,1,1239000.0,Jl. Sudirman No. 187,Palembang,Sumatera Selatan,COD,Delivered,TRK3480317826,6,BELANJA5,Instagram,50000,25000,1214000.0
ORD201708,2023-10-21,C32749,Ssd,Storage,3,1936000.0,Jl. Melati No. 103,Jakarta,Dki Jakarta,QRIS,Delivered,TRK4319210462,1,NONE,Tiktok,100000,25000,5733000.0
ORD201709,2024-09-25,C82999,Phone,Elektronik,3,3105000.0,Jl. Anggrek No. 42,Balikpapan,Kalimantan Timur,QRIS,Paid,TRK2530422023,3,NONE,Tiktok,150000,40000,9205000.0
ORD201710,2023-10-15,C68686,Tablet,Elektronik,4,6748000.0,Jl. Mawar No. 1,Denpasar,Bali,QRIS,Paid,TRK1128164533,7,GRATISONGKIR,Facebook,0,20000,27012000.0
ORD201711,2024-08-02,C94992,Keyboard,Aksesoris,5,346000.0,Jl. Anggrek No. 194,Jakarta,Dki Jakarta,COD,Shipped,TRK5136265187,8,NONE,Referral,250000,20000,1500000.0
ORD201712,2024-08-29,C71501,Mouse,Aksesoris,3,385000.0,Jl. Sudirman No. 164,Medan,Sumatera Utara,Transfer Bank,Returned,TRK7568117687,5,GRATISONGKIR,Instagram,50000,40000,1145000.0
ORD201713,2023-12-04,C50486,Hdd,Storage,3,1993000.0,Jl. Anggrek No. 229,Denpasar,Bali,Transfer Bank,Shipped,TRK8907321651,7,HEMAT10,Tiktok,150000,25000,5854000.0
ORD201714,2024-07-31,C41369,Webcam,Aksesoris,4,223000.0,Jl. Kenanga No. 248,Medan,Sumatera Utara,QRIS,Paid,TRK8426768506,1,MIDYEAR15,Google,0,15000,907000.0
ORD201715,2023-10-17,C45782,Switch,Networking,5,3066000.0,Jl. Sudirman No. 11,Jakarta,Dki Jakarta,Kartu Kredit,Paid,TRK2279604643,2,MIDYEAR15,Google,0,40000,15370000.0
ORD201717,2024-09-04,C44072,Webcam,Aksesoris,4,787000.0,Jl. Kenanga No. 75,Denpasar,Bali,E-Wallet,Shipped,TRK2111713134,1,MIDYEAR15,Instagram,150000,25000,3023000.0
ORD201719,2023-11-15,C95669,Chair,Furniture,3,1557000.0,Jl. Sudirman No. 107,Bandung,Jawa Barat,Transfer Bank,Pending,TRK0163329661,5,GRATISONGKIR,Google,100000,30000,4601000.0
ORD201720,2023-09-26,C54288,Keyboard,Aksesoris,1,682000.0,Jl. Diponegoro No. 190,Semarang,Jawa Tengah,E-Wallet,Returned,TRK7977004524,2,NONE,Tiktok,150000,35000,567000.0
ORD201721,2023-09-04,C42844,Chair,Furniture,3,2587000.0,Jl. Mawar No. 198,Jakarta,Dki Jakarta,Kartu Kredit,Returned,TRK5297669514,2,BELANJA5,Facebook,0,25000,7786000.0
ORD201722,2023-10-06,C84094,Desk,Furniture,2,3371000.0,Jl. Kenanga No. 165,Surabaya,Jawa Timur,E-Wallet,Paid,TRK7478266849,7,HEMAT10,Google,150000,30000,6622000.0
ORD201723,2023-02-10,C94140,Switch,Networking,1,6299000.0,Jl. Kenanga No. 76,Denpasar,Bali,Kartu Kredit,Shipped,TRK5391481775,6,MIDYEAR15,Referral,50000,30000,6279000.0
ORD201724,2024-04-30,C58785,Flash Drive,Storage,3,114000.0,Jl. Melati No. 96,Semarang,Jawa Tengah,E-Wallet,Shipped,TRK9132834464,3,MIDYEAR15,Google,250000,20000,112000.0
ORD201725,2024-11-05,C44636,Flash Drive,Storage,1,88000.0,Jl. Anggrek No. 165,Semarang,Jawa Tengah,Kartu Kredit,Pending,TRK5270420304,3,BELANJA5,Tiktok,50000,20000,58000.0
ORD201726,2024-06-20,C93405,Desk,Furniture,2,2205000.0,Jl. Sudirman No. 151,Bandung,Jawa Barat,E-Wallet,Paid,TRK2610265323,6,NONE,Website,150000,15000,4275000.0
ORD201727,2024-01-30,C43501,Tablet,Elektronik,5,5182000.0,Jl. Diponegoro No. 204,Denpasar,Bali,Unknown,Shipped,TRK2355136491,5,HEMAT10,Instagram,250000,30000,25690000.0
ORD201728,2024-05-18,C95317,Router,Networking,1,1317000.0,Jl. Sudirman No. 16,Denpasar,Bali,Kartu Kredit,Shipped,TRK1274416145,2,BELANJA5,Referral,150000,40000,1207000.0
ORD201729,2024-08-13,C77403,Headset,Aksesoris,2,1016000.0,Jl. Mawar No. 202,Surabaya,Jawa Timur,Kartu Kredit,Pending,TRK3146142287,5,HEMAT10,Tiktok,0,15000,2047000.0
ORD201730,2023-09-29,C27663,Desk,Furniture,1,1528000.0,Jl. Sudirman No. 52,Denpasar,Bali,QRIS,Returned,TRK3181572289,3,BELANJA5,Website,150000,20000,1398000.0
ORD201731,2024-12-01,C34649,Tablet,Elektronik,3,2752000.0,Jl. Anggrek No. 99,Denpasar,Bali,Kartu Kredit,Delivered,TRK6828919407,6,GRATISONGKIR,Instagram,150000,40000,8146000.0
ORD201733,2024-11-08,C89859,Ssd,Storage,1,1540000.0,Jl. Anggrek No. 134,Unknown,Kalimantan Timur,COD,Cancelled,TRK8526935932,7,BELANJA5,Tiktok,50000,35000,1525000.0
ORD201734,2024-10-24,C31043,Printer,Elektronik,1,5729000.0,Jl. Mawar No. 66,Balikpapan,Kalimantan Timur,Transfer Bank,Pending,TRK9856164568,5,MIDYEAR15,Instagram,50000,25000,5704000.0
ORD201736,2024-12-31,C33611,Monitor,Elektronik,3,3800000.0,Jl. Anggrek No. 178,Jakarta,Dki Jakarta,QRIS,Returned,TRK3852092688,3,BELANJA5,Referral,150000,20000,11270000.0
ORD201737,2024-09-26,C34033,Webcam,Aksesoris,1,1386000.0,Jl. Mawar No. 114,Yogyakarta,Di Yogyakarta,QRIS,Paid,TRK0958652071,5,BELANJA5,Facebook,50000,40000,1376000.0
ORD201738,2023-01-12,C60484,Hdd,Storage,3,508000.0,Jl. Diponegoro No. 127,Semarang,Jawa Tengah,E-Wallet,Shipped,TRK7127036363,5,NONE,Google,250000,20000,1294000.0
ORD201739,2023-09-26,C37745,Laptop,Elektronik,1,8044000.0,Jl. Sudirman No. 216,Palembang,Sumatera Selatan,E-Wallet,Shipped,TRK5466288211,5,HEMAT10,Referral,100000,35000,7979000.0
ORD201740,2023-05-17,C26779,Webcam,Aksesoris,3,1421000.0,Jl. Diponegoro No. 125,Makassar,Sulawesi Selatan,Transfer Bank,Cancelled,TRK9788309652,5,HEMAT10,Google,100000,30000,4193000.0
ORD201742,2023-05-09,C72772,Chair,Furniture,5,1813000.0,Jl. Sudirman No. 227,Palembang,Sumatera Selatan,Transfer Bank,Cancelled,TRK3460174426,3,BELANJA5,Instagram,50000,20000,9035000.0
ORD201743,2024-01-24,C71118,Chair,Furniture,1,1576000.0,Jl. Anggrek No. 32,Palembang,Sumatera Selatan,Kartu Kredit,Shipped,TRK8559869820,5,BELANJA5,Google,0,25000,1601000.0
ORD201744,2024-03-01,C43922,Flash Drive,Storage,3,411000.0,Jl. Kenanga No. 143,Denpasar,Bali,COD,Pending,TRK8014714468,6,GRATISONGKIR,Referral,50000,30000,1213000.0
ORD201746,2023-09-17,C42736,Desk,Furniture,5,1088000.0,Jl. Melati No. 118,Surabaya,Jawa Timur,QRIS,Delivered,TRK0178926543,1,HEMAT10,Google,0,25000,5465000.0
ORD201747,2023-08-19,C28885,Router,Networking,5,1519000.0,Jl. Sudirman No. 23,Yogyakarta,Di Yogyakarta,QRIS,Returned,TRK3845679868,6,MIDYEAR15,Instagram,100000,20000,7515000.0
ORD201748,2023-07-06,C77887,Ssd,Storage,4,1984000.0,Jl. Melati No. 135,Bandung,Jawa Barat,Transfer Bank,Cancelled,TRK3566680293,6,NONE,Instagram,50000,25000,7911000.0
ORD201749,2024-02-27,C22168,Printer,Elektronik,4,1331000.0,Jl. Kenanga No. 178,Jakarta,Dki Jakarta,E-Wallet,Delivered,TRK7370967405,5,NONE,Website,50000,25000,5299000.0
ORD201750,2023-12-16,C38627,Tablet,Elektronik,2,6861000.0,Jl. Kenanga No. 126,Balikpapan,Kalimantan Timur,Transfer Bank,Shipped,TRK0038202840,2,BELANJA5,Referral,250000,30000,13502000.0
ORD201751,2024-03-08,C39633,Keyboard,Aksesoris,5,645000.0,Jl. Melati No. 51,Semarang,Jawa Tengah,QRIS,Paid,TRK4055123987,6,MIDYEAR15,Referral,250000,25000,3000000.0
ORD201752,2023-02-01,C92860,Monitor,Elektronik,2,3175500.0,Jl. Mawar No. 188,Denpasar,Bali,COD,Pending,TRK4098212814,1,MIDYEAR15,Website,0,40000,6391000.0
ORD201753,2024-12-07,C78645,Mouse,Aksesoris,2,451000.0,Jl. Mawar No. 127,Jakarta,Dki Jakarta,Kartu Kredit,Delivered,TRK6235314264,4,NONE,Google,0,30000,932000.0
ORD201754,2023-04-22,C97983,Headset,Aksesoris,2,516000.0,Jl. Diponegoro No. 126,Palembang,Sumatera Selatan,COD,Paid,TRK8137558709,5,BELANJA5,Instagram,0,25000,1057000.0
ORD201755,2023-07-10,C35653,Headset,Aksesoris,3,1351000.0,Jl. Anggrek No. 228,Jakarta,Dki Jakarta,E-Wallet,Paid,TRK2629638417,3,NONE,Facebook,250000,15000,3818000.0
ORD201756,2024-04-23,C36633,Ssd,Storage,1,2280000.0,Jl. Sudirman No. 237,Denpasar,Bali,QRIS,Delivered,TRK5666608615,7,HEMAT10,Facebook,250000,35000,2065000.0
ORD201757,2024-04-05,C69335,Hdd,Storage,5,1206000.0,Jl. Sudirman No. 122,Denpasar,Bali,Transfer Bank,Shipped,TRK0447822877,3,GRATISONGKIR,Google,250000,15000,5795000.0
ORD201758,2023-11-29,C54894,Ssd,Storage,3,708000.0,Jl. Diponegoro No. 191,Balikpapan,Kalimantan Timur,Kartu Kredit,Returned,TRK5588781811,3,GRATISONGKIR,Google,0,35000,2159000.0
ORD201760,2023-06-30,C61788,Switch,Networking,2,1233000.0,Jl. Sudirman No. 179,Jakarta,Dki Jakarta,COD,Pending,TRK0077438963,6,NONE,Website,250000,20000,2236000.0
ORD201761,2024-06-25,C30089,Tablet,Elektronik,4,5070000.0,Jl. Mawar No. 167,Bandung,Jawa Barat,COD,Shipped,TRK2354517226,2,BELANJA5,Tiktok,100000,35000,20215000.0
ORD201762,2023-01-13,C54276,Phone,Elektronik,2,6623000.0,Jl. Diponegoro No. 96,Bandung,Jawa Barat,Kartu Kredit,Paid,TRK4122433732,8,NONE,Website,250000,40000,13036000.0
ORD201763,2024-02-18,C83458,Switch,Networking,3,4022000.0,Jl. Anggrek No. 188,Jakarta,Dki Jakarta,COD,Delivered,TRK7923211737,8,HEMAT10,Facebook,150000,30000,11946000.0
ORD201764,2023-02-17,C36365,Hdd,Storage,5,2935000.0,Jl. Mawar No. 103,Semarang,Jawa Tengah,Unknown,Cancelled,TRK9561766331,4,BELANJA5,Facebook,50000,40000,14665000.0
ORD201765,2023-08-03,C54449,Phone,Elektronik,2,6965000.0,Jl. Kenanga No. 96,Bandung,Jawa Barat,COD,Returned,TRK1450329630,4,NONE,Tiktok,0,20000,13950000.0
ORD201766,2023-07-28,C10412,Printer,Elektronik,4,5573000.0,Jl. Anggrek No. 173,Palembang,Sumatera Selatan,Kartu Kredit,Delivered,TRK6173793256,3,MIDYEAR15,Website,150000,40000,22182000.0
ORD201767,2024-05-02,C95398,Monitor,Elektronik,3,1263000.0,Jl. Mawar No. 169,Yogyakarta,Di Yogyakarta,COD,Pending,TRK2452754461,3,NONE,Google,250000,35000,3574000.0
ORD201768,2023-01-01,C23400,Chair,Furniture,2,1063000.0,Jl. Mawar No. 210,Bandung,Jawa Barat,Unknown,Paid,TRK2940292320,6,BELANJA5,Google,100000,40000,2066000.0
ORD201769,2024-09-02,C84048,Desk,Furniture,5,2621000.0,Jl. Melati No. 87,Semarang,Jawa Tengah,Transfer Bank,Cancelled,TRK1376524133,6,NONE,Instagram,50000,30000,13085000.0
ORD201771,2023-01-09,C71646,Mouse,Aksesoris,3,202000.0,Jl. Mawar No. 42,Surabaya,Jawa Timur,Kartu Kredit,Delivered,TRK2063053612,1,NONE,Referral,50000,40000,596000.0
ORD201772,2024-11-08,C18940,Flash Drive,Storage,4,366000.0,Jl. Sudirman No. 231,Denpasar,Bali,COD,Delivered,TRK1524844766,1,MIDYEAR15,Referral,0,20000,1484000.0
ORD201773,2024-08-07,C10300,Headset,Aksesoris,3,1645000.0,Jl. Diponegoro No. 231,Denpasar,Bali,Transfer Bank,Delivered,TRK1196561152,3,GRATISONGKIR,Website,0,35000,4970000.0
ORD201775,2023-09-21,C47059,Monitor,Elektronik,1,3578000.0,Jl. Sudirman No. 81,Balikpapan,Kalimantan Timur,COD,Paid,TRK2529370245,7,MIDYEAR15,Google,100000,15000,3493000.0
ORD201776,2023-12-12,C31437,Keyboard,Aksesoris,2,1151000.0,Jl. Diponegoro No. 235,Surabaya,Jawa Timur,QRIS,Cancelled,TRK3302295176,3,NONE,Google,100000,35000,2237000.0
ORD201778,2024-02-05,C56041,Router,Networking,4,364000.0,Jl. Anggrek No. 136,Medan,Sumatera Utara,Kartu Kredit,Delivered,TRK8006686223,4,NONE,Referral,150000,20000,1326000.0
ORD201779,2023-03-31,C40602,Webcam,Aksesoris,1,911000.0,Jl. Diponegoro No. 167,Medan,Sumatera Utara,QRIS,Cancelled,TRK0584977824,4,NONE,Tiktok,150000,40000,801000.0
ORD201780,2024-01-26,C61357,Chair,Furniture,2,1455000.0,Jl. Kenanga No. 60,Unknown,Sumatera Selatan,QRIS,Paid,TRK4612167711,3,BELANJA5,Google,250000,40000,2700000.0
ORD201781,2024-01-08,C75269,Tablet,Elektronik,5,3145000.0,Jl. Melati No. 47,Jakarta,Dki Jakarta,QRIS,Cancelled,TRK9072208936,6,NONE,Referral,250000,40000,15515000.0
ORD201782,2023-12-18,C14485,Printer,Elektronik,4,4013000.0,Jl. Sudirman No. 121,Medan,Sumatera Utara,E-Wallet,Shipped,TRK8932169002,8,NONE,Google,0,40000,16092000.0
ORD201783,2024-11-20,C13315,Switch,Networking,1,5123000.0,Jl. Diponegoro No. 81,Bandung,Jawa Barat,Unknown,Shipped,TRK1322224187,7,HEMAT10,Instagram,100000,15000,5038000.0
ORD201784,2023-07-02,C42705,Desk,Furniture,3,1764000.0,Jl. Melati No. 158,Balikpapan,Kalimantan Timur,COD,Delivered,TRK6601139137,6,BELANJA5,Instagram,100000,30000,5222000.0
ORD201785,2023-07-08,C20011,Monitor,Elektronik,3,1474000.0,Jl. Sudirman No. 213,Bandung,Jawa Barat,COD,Pending,TRK8945820706,5,NONE,Website,250000,30000,4202000.0
ORD201786,2023-06-15,C53279,Printer,Elektronik,2,1331000.0,Jl. Melati No. 106,Jakarta,Dki Jakarta,Transfer Bank,Cancelled,TRK0797931478,6,MIDYEAR15,Website,250000,25000,2437000.0
ORD201787,2023-08-17,C78363,Printer,Elektronik,2,3042000.0,Jl. Mawar No. 93,Jakarta,Dki Jakarta,QRIS,Shipped,TRK2600831082,6,HEMAT10,Instagram,50000,25000,6059000.0
ORD201788,2024-08-08,C38725,Desk,Furniture,2,3279000.0,Jl. Kenanga No. 221,Bandung,Jawa Barat,QRIS,Paid,TRK6054251444,1,NONE,Referral,250000,20000,6328000.0
ORD201789,2023-04-14,C14603,Desk,Furniture,2,3603000.0,Jl. Anggrek No. 214,Balikpapan,Kalimantan Timur,COD,Delivered,TRK7001407193,4,NONE,Tiktok,250000,15000,6971000.0
ORD201790,2024-12-09,C58336,Mouse,Aksesoris,3,459000.0,Jl. Anggrek No. 87,Balikpapan,Kalimantan Timur,E-Wallet,Shipped,TRK6110780748,1,MIDYEAR15,Tiktok,0,15000,1392000.0
ORD201791,2024-06-24,C67088,Hdd,Storage,4,1578000.0,Jl. Sudirman No. 200,Balikpapan,Kalimantan Timur,COD,Paid,TRK2019643801,1,BELANJA5,Website,50000,15000,6277000.0
ORD201792,2024-01-02,C98482,Router,Networking,2,374000.0,Jl. Sudirman No. 93,Balikpapan,Kalimantan Timur,COD,Cancelled,TRK2453043615,2,MIDYEAR15,Google,100000,30000,678000.0
ORD201793,2024-12-10,C52686,Keyboard,Aksesoris,1,1002000.0,Jl. Mawar No. 22,Surabaya,Jawa Timur,E-Wallet,Shipped,TRK3083071292,7,NONE,Website,50000,30000,982000.0
ORD201794,2024-10-06,C12561,Monitor,Elektronik,1,4377000.0,Jl. Kenanga No. 162,Makassar,Sulawesi Selatan,Kartu Kredit,Cancelled,TRK1643355536,1,GRATISONGKIR,Referral,150000,15000,4242000.0
ORD201795,2024-12-04,C31152,Router,Networking,4,2161000.0,Jl. Sudirman No. 10,Surabaya,Jawa Timur,COD,Pending,TRK7569271269,3,NONE,Website,250000,15000,8409000.0
ORD201796,2024-02-23,C96150,Keyboard,Aksesoris,3,1027000.0,Jl. Sudirman No. 237,Bandung,Jawa Barat,QRIS,Returned,TRK9278935325,6,GRATISONGKIR,Facebook,250000,15000,2846000.0
ORD201797,2023-04-11,C55167,Monitor,Elektronik,1,3456000.0,Jl. Melati No. 221,Jakarta,Dki Jakarta,COD,Cancelled,TRK8117417080,3,HEMAT10,Facebook,50000,15000,3421000.0
ORD201798,2024-06-11,C57742,Printer,Elektronik,4,5463000.0,Jl. Melati No. 202,Balikpapan,Kalimantan Timur,Transfer Bank,Paid,TRK5426076603,1,BELANJA5,Google,250000,25000,21627000.0
ORD201799,2024-03-22,C80196,Hdd,Storage,1,915000.0,Jl. Anggrek No. 193,Denpasar,Bali,E-Wallet,Delivered,TRK4542644143,8,HEMAT10,Facebook,150000,30000,795000.0
ORD201800,2023-01-01,C56944,Printer,Elektronik,3,2240000.0,Jl. Melati No. 101,Palembang,Sumatera Selatan,COD,Cancelled,TRK6232692135,6,HEMAT10,Instagram,150000,35000,6605000.0
ORD201801,2024-11-16,C37450,Ssd,Storage,5,1830000.0,Jl. Anggrek No. 103,Surabaya,Jawa Timur,Kartu Kredit,Paid,TRK0550957386,1,HEMAT10,Facebook,50000,40000,9140000.0
ORD201802,2023-02-05,C89117,Mouse,Aksesoris,3,415000.0,Jl. Sudirman No. 88,Denpasar,Bali,Transfer Bank,Shipped,TRK2979188366,1,GRATISONGKIR,Instagram,50000,40000,1235000.0
ORD201803,2024-12-06,C10875,Switch,Networking,1,3960000.0,Jl. Melati No. 28,Denpasar,Bali,Transfer Bank,Returned,TRK1474439288,7,MIDYEAR15,Google,250000,30000,3740000.0
ORD201804,2024-01-25,C47491,Tablet,Elektronik,2,6733000.0,Jl. Sudirman No. 213,Makassar,Sulawesi Selatan,E-Wallet,Paid,TRK4796477212,2,NONE,Facebook,150000,35000,13351000.0
ORD201805,2023-12-31,C50917,Router,Networking,5,1430000.0,Jl. Kenanga No. 229,Surabaya,Jawa Timur,QRIS,Cancelled,TRK8376390008,4,GRATISONGKIR,Google,150000,25000,7025000.0
ORD201806,2024-01-10,C76382,Desk,Furniture,1,2898000.0,Jl. Anggrek No. 66,Semarang,Jawa Tengah,Kartu Kredit,Pending,TRK1729849635,7,NONE,Website,50000,30000,2878000.0
ORD201808,2024-10-13,C18271,Mouse,Aksesoris,3,99000.0,Jl. Mawar No. 38,Semarang,Jawa Tengah,QRIS,Shipped,TRK3328711865,4,BELANJA5,Google,50000,20000,267000.0
ORD201809,2024-11-22,C21624,Ssd,Storage,5,1684000.0,Jl. Sudirman No. 92,Palembang,Sumatera Selatan,QRIS,Paid,TRK1257546273,5,NONE,Tiktok,0,20000,8440000.0
ORD201810,2023-03-11,C71586,Mouse,Aksesoris,3,201000.0,Jl. Kenanga No. 239,Bandung,Jawa Barat,E-Wallet,Returned,TRK6650529966,4,HEMAT10,Referral,0,35000,638000.0
ORD201811,2024-02-13,C63815,Mouse,Aksesoris,3,506000.0,Jl. Melati No. 78,Semarang,Jawa Tengah,QRIS,Shipped,TRK2530360979,5,NONE,Google,50000,40000,1508000.0
ORD201812,2023-01-06,C56673,Webcam,Aksesoris,3,971000.0,Jl. Melati No. 207,Balikpapan,Kalimantan Timur,Transfer Bank,Cancelled,TRK4878839067,1,NONE,Tiktok,50000,15000,2878000.0
ORD201813,2024-03-17,C75183,Webcam,Aksesoris,2,1457000.0,Jl. Kenanga No. 244,Yogyakarta,Di Yogyakarta,Kartu Kredit,Shipped,TRK8164245602,5,NONE,Instagram,50000,35000,2899000.0
ORD201814,2023-11-27,C86677,Chair,Furniture,2,2933000.0,Jl. Melati No. 36,Bandung,Jawa Barat,Transfer Bank,Pending,TRK0701882092,6,MIDYEAR15,Website,150000,40000,5756000.0
ORD201816,2023-07-27,C28572,Mouse,Aksesoris,2,510000.0,Jl. Diponegoro No. 235,Palembang,Sumatera Selatan,COD,Shipped,TRK6468377718,4,BELANJA5,Tiktok,50000,30000,1000000.0
ORD201817,2023-02-27,C63866,Phone,Elektronik,5,8742000.0,Jl. Mawar No. 94,Surabaya,Jawa Timur,E-Wallet,Returned,TRK9160787837,1,MIDYEAR15,Instagram,150000,30000,43590000.0
ORD201818,2024-10-10,C32401,Headset,Aksesoris,4,931000.0,Jl. Anggrek No. 182,Palembang,Sumatera Selatan,Kartu Kredit,Delivered,TRK7518205946,4,BELANJA5,Google,150000,30000,3604000.0
ORD201820,2024-03-08,C39357,Monitor,Elektronik,4,1286000.0,Jl. Diponegoro No. 201,Surabaya,Jawa Timur,E-Wallet,Pending,TRK4298752899,7,NONE,Google,50000,15000,5109000.0
ORD201821,2024-03-15,C25869,Webcam,Aksesoris,2,1169000.0,Jl. Anggrek No. 114,Yogyakarta,Di Yogyakarta,Unknown,Cancelled,TRK7707785891,5,GRATISONGKIR,Google,0,30000,2368000.0
ORD201824,2023-03-20,C71057,Tablet,Elektronik,5,6324000.0,Jl. Mawar No. 43,Semarang,Jawa Tengah,Transfer Bank,Shipped,TRK4106138786,8,BELANJA5,Tiktok,150000,25000,31495000.0
ORD201825,2023-10-01,C69801,Mouse,Aksesoris,1,219000.0,Jl. Anggrek No. 45,Jakarta,Dki Jakarta,Kartu Kredit,Pending,TRK7856700121,8,GRATISONGKIR,Tiktok,0,25000,244000.0
ORD201826,2023-08-25,C79464,Webcam,Aksesoris,5,224000.0,Jl. Diponegoro No. 139,Unknown,Kalimantan Timur,Transfer Bank,Delivered,TRK1047603206,1,HEMAT10,Instagram,50000,35000,1105000.0
ORD201827,2024-07-10,C95582,Monitor,Elektronik,1,2180000.0,Jl. Mawar No. 230,Yogyakarta,Di Yogyakarta,Transfer Bank,Paid,TRK1878265084,5,BELANJA5,Facebook,100000,30000,2110000.0
ORD201828,2023-05-20,C67032,Switch,Networking,4,2804000.0,Jl. Diponegoro No. 93,Bandung,Jawa Barat,QRIS,Returned,TRK5655424807,7,GRATISONGKIR,Instagram,0,30000,11246000.0
ORD201829,2023-12-09,C59446,Switch,Networking,5,1066000.0,Jl. Kenanga No. 100,Yogyakarta,Di Yogyakarta,Transfer Bank,Shipped,TRK4528601256,6,MIDYEAR15,Referral,150000,20000,5200000.0
ORD201830,2023-10-23,C62273,Hdd,Storage,5,2143000.0,Jl. Diponegoro No. 140,Makassar,Sulawesi Selatan,Transfer Bank,Paid,TRK3646654179,1,NONE,Website,100000,35000,10650000.0
ORD201831,2024-09-10,C45429,Hdd,Storage,2,2490000.0,Jl. Melati No. 147,Medan,Sumatera Utara,E-Wallet,Paid,TRK3619489658,4,NONE,Website,50000,15000,4945000.0
ORD201832,2024-11-28,C73606,Headset,Aksesoris,2,663000.0,Jl. Sudirman No. 87,Palembang,Sumatera Selatan,QRIS,Pending,TRK2253922204,7,GRATISONGKIR,Google,50000,35000,1311000.0
ORD201833,2024-11-06,C82301,Router,Networking,4,1828000.0,Jl. Anggrek No. 58,Semarang,Jawa Tengah,Transfer Bank,Paid,TRK4410359816,4,GRATISONGKIR,Instagram,0,30000,7342000.0
ORD201834,2023-02-22,C66300,Flash Drive,Storage,3,55000.0,Jl. Melati No. 140,Surabaya,Jawa Timur,E-Wallet,Shipped,TRK3711345710,7,MIDYEAR15,Google,0,15000,180000.0
ORD201835,2024-10-16,C57758,Flash Drive,Storage,5,280000.0,Jl. Melati No. 95,Palembang,Sumatera Selatan,COD,Cancelled,TRK5002598332,4,BELANJA5,Tiktok,150000,40000,1290000.0
ORD201837,2024-03-26,C88847,Monitor,Elektronik,1,3892000.0,Jl. Diponegoro No. 196,Jakarta,Dki Jakarta,QRIS,Shipped,TRK1020090119,3,NONE,Instagram,50000,15000,3857000.0
ORD201838,2023-06-07,C78987,Ssd,Storage,5,2248000.0,Jl. Diponegoro No. 32,Semarang,Jawa Tengah,E-Wallet,Paid,TRK9763756448,6,BELANJA5,Referral,50000,15000,11205000.0
ORD201839,2024-10-25,C19616,Chair,Furniture,5,1289000.0,Jl. Mawar No. 175,Makassar,Sulawesi Selatan,Transfer Bank,Shipped,TRK0699820417,5,GRATISONGKIR,Referral,100000,25000,6370000.0
ORD201841,2023-07-13,C35268,Keyboard,Aksesoris,5,960000.0,Jl. Melati No. 180,Jakarta,Dki Jakarta,E-Wallet,Cancelled,TRK9723092765,3,NONE,Referral,250000,35000,4585000.0
ORD201842,2024-07-05,C32141,Monitor,Elektronik,1,3209000.0,Jl. Sudirman No. 42,Yogyakarta,Di Yogyakarta,QRIS,Delivered,TRK8461888772,1,MIDYEAR15,Referral,150000,25000,3084000.0
ORD201843,2024-01-10,C14938,Ssd,Storage,1,2342000.0,Jl. Diponegoro No. 203,Yogyakarta,Di Yogyakarta,Transfer Bank,Paid,TRK1995291735,3,BELANJA5,Website,150000,25000,2217000.0
ORD201844,2024-12-21,C64531,Hdd,Storage,1,3087000.0,Jl. Kenanga No. 23,Semarang,Jawa Tengah,QRIS,Delivered,TRK4663064678,7,NONE,Tiktok,250000,40000,2877000.0
ORD201845,2024-10-09,C86746,Tablet,Elektronik,5,6807000.0,Jl. Melati No. 125,Bandung,Jawa Barat,Transfer Bank,Shipped,TRK1919455463,4,HEMAT10,Tiktok,0,35000,34070000.0
ORD201846,2024-11-24,C74809,Chair,Furniture,3,1324000.0,Jl. Sudirman No. 177,Balikpapan,Kalimantan Timur,Transfer Bank,Returned,TRK6633376726,4,MIDYEAR15,Facebook,100000,35000,3907000.0
ORD201847,2023-06-16,C12101,Router,Networking,4,2297000.0,Jl. Mawar No. 111,Denpasar,Bali,E-Wallet,Pending,TRK8474834092,8,NONE,Instagram,150000,30000,9068000.0
ORD201848,2024-03-23,C12781,Monitor,Elektronik,1,4500000.0,Jl. Anggrek No. 11,Jakarta,Dki Jakarta,QRIS,Pending,TRK8337970100,2,HEMAT10,Google,150000,15000,4365000.0
ORD201849,2024-09-13,C90247,Desk,Furniture,2,3896000.0,Jl. Kenanga No. 173,Balikpapan,Kalimantan Timur,Transfer Bank,Cancelled,TRK6076405111,1,NONE,Tiktok,150000,30000,7672000.0
ORD201850,2023-05-25,C96120,Desk,Furniture,3,2848000.0,Jl. Sudirman No. 57,Makassar,Sulawesi Selatan,E-Wallet,Shipped,TRK7890801522,6,MIDYEAR15,Google,150000,15000,8409000.0
ORD201851,2024-09-03,C97139,Hdd,Storage,5,3250000.0,Jl. Diponegoro No. 206,Medan,Sumatera Utara,QRIS,Delivered,TRK2299132861,5,NONE,Google,150000,25000,16125000.0
ORD201852,2024-08-12,C40955,Keyboard,Aksesoris,2,649000.0,Jl. Melati No. 143,Surabaya,Jawa Timur,Kartu Kredit,Paid,TRK4976113956,1,BELANJA5,Facebook,150000,35000,1183000.0
ORD201853,2024-09-09,C32295,Webcam,Aksesoris,4,1047000.0,Jl. Sudirman No. 192,Makassar,Sulawesi Selatan,QRIS,Pending,TRK6900515743,6,HEMAT10,Tiktok,50000,30000,4168000.0
ORD201854,2023-06-15,C76675,Tablet,Elektronik,1,2991000.0,Jl. Mawar No. 48,Makassar,Sulawesi Selatan,QRIS,Pending,TRK9302312678,6,MIDYEAR15,Referral,250000,40000,2781000.0
ORD201855,2023-11-10,C51633,Mouse,Aksesoris,4,561000.0,Jl. Sudirman No. 139,Yogyakarta,Di Yogyakarta,E-Wallet,Returned,TRK2613967875,3,NONE,Facebook,100000,40000,2184000.0
ORD201856,2023-04-07,C29637,Router,Networking,2,718000.0,Jl. Melati No. 188,Semarang,Jawa Tengah,Transfer Bank,Returned,TRK9013574229,5,GRATISONGKIR,Tiktok,150000,20000,1306000.0
ORD201857,2023-02-08,C63496,Printer,Elektronik,3,5165000.0,Jl. Sudirman No. 28,Surabaya,Jawa Timur,Kartu Kredit,Delivered,TRK4572160986,2,MIDYEAR15,Google,150000,25000,15370000.0
ORD201858,2023-08-01,C37642,Tablet,Elektronik,5,6014000.0,Jl. Anggrek No. 141,Surabaya,Jawa Timur,QRIS,Delivered,TRK2974612418,6,MIDYEAR15,Facebook,150000,35000,29955000.0
ORD201860,2023-01-03,C19913,Phone,Elektronik,5,6269000.0,Jl. Diponegoro No. 32,Medan,Sumatera Utara,E-Wallet,Delivered,TRK1951898528,4,HEMAT10,Website,250000,20000,31115000.0
ORD201861,2024-07-16,C99169,Desk,Furniture,1,2668000.0,Jl. Anggrek No. 131,Bandung,Jawa Barat,Transfer Bank,Pending,TRK0282991221,3,GRATISONGKIR,Facebook,100000,35000,2603000.0
ORD201862,2023-04-24,C48463,Chair,Furniture,5,2626000.0,Jl. Sudirman No. 57,Denpasar,Bali,QRIS,Returned,TRK3034098784,8,NONE,Google,0,25000,13155000.0
ORD201863,2023-06-06,C95047,Desk,Furniture,1,3543000.0,Jl. Sudirman No. 122,Semarang,Jawa Tengah,Transfer Bank,Paid,TRK3337812527,7,HEMAT10,Tiktok,250000,30000,3323000.0
ORD201864,2023-08-09,C34171,Monitor,Elektronik,2,2636000.0,Jl. Diponegoro No. 200,Balikpapan,Kalimantan Timur,Kartu Kredit,Returned,TRK4633161159,1,NONE,Facebook,100000,25000,5197000.0
ORD201865,2024-11-01,C25691,Keyboard,Aksesoris,3,982000.0,Jl. Diponegoro No. 52,Semarang,Jawa Tengah,Kartu Kredit,Returned,TRK3780121087,8,MIDYEAR15,Google,150000,40000,2836000.0
ORD201866,2023-11-15,C50664,Flash Drive,Storage,4,383000.0,Jl. Kenanga No. 69,Semarang,Jawa Tengah,Transfer Bank,Pending,TRK1878246149,4,GRATISONGKIR,Facebook,250000,30000,1312000.0
ORD201867,2024-08-04,C64796,Desk,Furniture,2,3022000.0,Jl. Melati No. 178,Denpasar,Bali,E-Wallet,Paid,TRK9804276639,4,MIDYEAR15,Tiktok,100000,20000,5964000.0
ORD201868,2023-04-28,C94674,Keyboard,Aksesoris,1,700000.0,Jl. Kenanga No. 56,Medan,Sumatera Utara,Transfer Bank,Returned,TRK3310369681,7,NONE,Website,250000,40000,490000.0
ORD201870,2023-10-28,C82634,Keyboard,Aksesoris,3,1087000.0,Jl. Mawar No. 4,Denpasar,Bali,QRIS,Cancelled,TRK0455895586,1,GRATISONGKIR,Referral,150000,40000,3151000.0
ORD201872,2024-12-23,C34047,Mouse,Aksesoris,2,269000.0,Jl. Diponegoro No. 62,Jakarta,Dki Jakarta,E-Wallet,Shipped,TRK3738765856,4,BELANJA5,Website,150000,15000,403000.0
ORD201873,2024-10-06,C30908,Keyboard,Aksesoris,2,253000.0,Jl. Kenanga No. 101,Palembang,Sumatera Selatan,Kartu Kredit,Shipped,TRK1230794739,1,HEMAT10,Website,150000,25000,381000.0
ORD201874,2024-09-01,C54524,Keyboard,Aksesoris,3,1035000.0,Jl. Melati No. 130,Semarang,Jawa Tengah,COD,Returned,TRK6934961242,6,GRATISONGKIR,Referral,250000,35000,2890000.0
ORD201876,2024-11-17,C63486,Monitor,Elektronik,3,3626000.0,Jl. Sudirman No. 133,Bandung,Jawa Barat,Transfer Bank,Shipped,TRK0838811066,5,HEMAT10,Facebook,250000,20000,10648000.0
ORD201877,2024-03-19,C17821,Printer,Elektronik,2,1073000.0,Jl. Kenanga No. 43,Denpasar,Bali,E-Wallet,Shipped,TRK4147991302,1,BELANJA5,Website,150000,35000,2031000.0
ORD201878,2023-05-18,C34312,Mouse,Aksesoris,1,100000.0,Jl. Mawar No. 71,Palembang,Sumatera Selatan,E-Wallet,Pending,TRK1992849745,2,BELANJA5,Instagram,150000,40000,-10000.0
ORD201879,2023-01-22,C62124,Ssd,Storage,4,1783000.0,Jl. Mawar No. 184,Surabaya,Jawa Timur,Kartu Kredit,Pending,TRK7869236269,4,MIDYEAR15,Website,150000,15000,6997000.0
ORD201880,2023-12-23,C17459,Headset,Aksesoris,1,1794000.0,Jl. Melati No. 131,Bandung,Jawa Barat,QRIS,Pending,TRK2815127857,6,MIDYEAR15,Google,250000,40000,1584000.0
ORD201881,2024-10-09,C72537,Headset,Aksesoris,5,954000.0,Jl. Melati No. 248,Medan,Sumatera Utara,COD,Shipped,TRK5569878656,4,MIDYEAR15,Tiktok,150000,30000,4650000.0
ORD201882,2023-12-03,C32179,Switch,Networking,5,5555000.0,Jl. Mawar No. 76,Surabaya,Jawa Timur,QRIS,Pending,TRK1434030475,5,NONE,Tiktok,250000,35000,27560000.0
ORD201883,2024-08-25,C77198,Mouse,Aksesoris,3,205000.0,Jl. Melati No. 70,Semarang,Jawa Tengah,E-Wallet,Shipped,TRK8446930265,6,GRATISONGKIR,Instagram,0,25000,640000.0
ORD201885,2024-04-07,C34644,Switch,Networking,3,4934000.0,Jl. Diponegoro No. 194,Palembang,Sumatera Selatan,COD,Returned,TRK0927063679,8,NONE,Referral,150000,25000,14677000.0
ORD201887,2024-04-08,C84736,Mouse,Aksesoris,1,574000.0,Jl. Mawar No. 68,Bandung,Jawa Barat,QRIS,Cancelled,TRK1684958074,2,MIDYEAR15,Instagram,50000,15000,539000.0
ORD201888,2024-08-16,C91771,Printer,Elektronik,5,1758000.0,Jl. Mawar No. 131,Makassar,Sulawesi Selatan,E-Wallet,Pending,TRK7841861106,1,HEMAT10,Instagram,0,25000,8815000.0
ORD201889,2024-02-08,C84204,Chair,Furniture,4,1737000.0,Jl. Melati No. 1,Medan,Sumatera Utara,QRIS,Delivered,TRK2527082900,1,MIDYEAR15,Referral,100000,15000,6863000.0
ORD201891,2023-01-09,C97139,Phone,Elektronik,5,8501000.0,Jl. Mawar No. 35,Bandung,Jawa Barat,QRIS,Delivered,TRK9585502665,3,BELANJA5,Facebook,250000,20000,42275000.0
ORD201892,2023-12-18,C15285,Desk,Furniture,1,1264000.0,Jl. Kenanga No. 51,Bandung,Jawa Barat,COD,Delivered,TRK3607531662,4,NONE,Referral,0,35000,1299000.0
ORD201893,2023-01-05,C34608,Router,Networking,5,1839000.0,Jl. Diponegoro No. 73,Surabaya,Jawa Timur,QRIS,Paid,TRK2030693133,8,HEMAT10,Website,50000,30000,9175000.0
ORD201895,2023-06-11,C39895,Keyboard,Aksesoris,3,306000.0,Jl. Sudirman No. 75,Medan,Sumatera Utara,QRIS,Pending,TRK0436189581,2,NONE,Facebook,150000,35000,803000.0
ORD201896,2023-10-26,C43142,Flash Drive,Storage,5,397000.0,Jl. Sudirman No. 36,Medan,Sumatera Utara,COD,Pending,TRK3812721540,8,GRATISONGKIR,Referral,0,40000,2025000.0
ORD201897,2024-07-04,C66741,Keyboard,Aksesoris,2,755000.0,Jl. Anggrek No. 190,Balikpapan,Kalimantan Timur,QRIS,Shipped,TRK4106328820,8,GRATISONGKIR,Instagram,100000,35000,1445000.0
ORD201899,2023-05-07,C17575,Switch,Networking,4,6982000.0,Jl. Kenanga No. 226,Jakarta,Dki Jakarta,COD,Pending,TRK8327931268,6,NONE,Tiktok,150000,35000,27813000.0
ORD201901,2023-03-20,C74425,Chair,Furniture,4,2514000.0,Jl. Mawar No. 230,Yogyakarta,Di Yogyakarta,QRIS,Shipped,TRK0670145848,6,NONE,Google,50000,15000,10021000.0
ORD201902,2024-10-05,C88982,Mouse,Aksesoris,4,416000.0,Jl. Mawar No. 60,Palembang,Sumatera Selatan,QRIS,Delivered,TRK2866831061,7,HEMAT10,Tiktok,250000,30000,1444000.0
ORD201903,2023-02-20,C69005,Tablet,Elektronik,5,6543000.0,Jl. Sudirman No. 141,Jakarta,Dki Jakarta,Transfer Bank,Delivered,TRK7991107496,2,BELANJA5,Website,0,35000,32750000.0
ORD201904,2023-02-20,C58527,Headset,Aksesoris,1,717000.0,Jl. Mawar No. 239,Semarang,Jawa Tengah,Transfer Bank,Delivered,TRK4123242276,4,BELANJA5,Instagram,150000,20000,587000.0
ORD201906,2023-07-09,C51935,Chair,Furniture,4,2679000.0,Jl. Sudirman No. 72,Bandung,Jawa Barat,Transfer Bank,Cancelled,TRK8623498440,2,NONE,Website,250000,30000,10496000.0
ORD201907,2024-05-06,C71246,Flash Drive,Storage,4,270000.0,Jl. Melati No. 105,Jakarta,Dki Jakarta,COD,Returned,TRK0147263567,1,NONE,Referral,0,25000,1105000.0
ORD201908,2023-09-02,C40078,Hdd,Storage,1,1357000.0,Jl. Melati No. 14,Jakarta,Dki Jakarta,COD,Pending,TRK9544796612,7,NONE,Facebook,0,40000,1397000.0
ORD201909,2023-09-14,C16356,Hdd,Storage,1,1412000.0,Jl. Diponegoro No. 207,Balikpapan,Kalimantan Timur,QRIS,Cancelled,TRK9365548414,7,MIDYEAR15,Referral,250000,20000,1182000.0
ORD201911,2023-09-23,C22205,Printer,Elektronik,5,5821000.0,Jl. Diponegoro No. 208,Balikpapan,Kalimantan Timur,Kartu Kredit,Shipped,TRK5119168924,2,NONE,Google,150000,20000,28975000.0
ORD201912,2023-04-13,C36396,Mouse,Aksesoris,3,572000.0,Jl. Kenanga No. 41,Makassar,Sulawesi Selatan,QRIS,Delivered,TRK3464072423,4,GRATISONGKIR,Referral,100000,30000,1646000.0
ORD201913,2024-06-04,C33279,Printer,Elektronik,4,1621000.0,Jl. Diponegoro No. 172,Yogyakarta,Di Yogyakarta,Kartu Kredit,Returned,TRK6305569288,6,NONE,Facebook,0,25000,6509000.0
ORD201914,2024-12-22,C94093,Mouse,Aksesoris,4,271000.0,Jl. Sudirman No. 121,Makassar,Sulawesi Selatan,COD,Delivered,TRK6423872494,6,MIDYEAR15,Tiktok,50000,35000,1069000.0
ORD201915,2023-12-09,C50086,Webcam,Aksesoris,3,1498000.0,Jl. Sudirman No. 37,Makassar,Sulawesi Selatan,E-Wallet,Delivered,TRK7220622119,2,BELANJA5,Instagram,250000,20000,4264000.0
ORD201916,2023-07-08,C95665,Switch,Networking,3,945000.0,Jl. Mawar No. 167,Semarang,Jawa Tengah,E-Wallet,Paid,TRK7155083904,6,BELANJA5,Google,50000,15000,2800000.0
ORD201918,2024-06-29,C56552,Monitor,Elektronik,4,3444000.0,Jl. Melati No. 177,Makassar,Sulawesi Selatan,COD,Delivered,TRK1570403753,4,MIDYEAR15,Referral,100000,25000,13701000.0
ORD201919,2023-05-03,C95002,Webcam,Aksesoris,2,1102000.0,Jl. Kenanga No. 6,Unknown,Jawa Tengah,Kartu Kredit,Delivered,TRK2565868699,7,BELANJA5,Google,50000,20000,2174000.0
ORD201920,2023-08-01,C34053,Router,Networking,3,1623000.0,Jl. Anggrek No. 217,Jakarta,Dki Jakarta,COD,Paid,TRK8644420563,6,NONE,Google,250000,20000,4639000.0
ORD201921,2024-03-23,C94224,Chair,Furniture,3,2925000.0,Jl. Sudirman No. 241,Jakarta,Dki Jakarta,Kartu Kredit,Returned,TRK0876029014,2,MIDYEAR15,Website,0,40000,8815000.0
ORD201922,2024-07-14,C49779,Printer,Elektronik,1,2367000.0,Jl. Mawar No. 189,Jakarta,Dki Jakarta,QRIS,Delivered,TRK1018044248,1,NONE,Facebook,100000,15000,2282000.0
ORD201923,2024-04-18,C60676,Router,Networking,1,1498000.0,Jl. Kenanga No. 154,Balikpapan,Kalimantan Timur,E-Wallet,Paid,TRK8823706671,5,MIDYEAR15,Website,0,40000,1538000.0
ORD201924,2023-01-14,C81407,Hdd,Storage,5,2345000.0,Jl. Mawar No. 220,Makassar,Sulawesi Selatan,Transfer Bank,Cancelled,TRK8968946760,2,GRATISONGKIR,Referral,150000,30000,11605000.0
ORD201925,2023-04-12,C67867,Tablet,Elektronik,5,8451000.0,Jl. Sudirman No. 17,Palembang,Sumatera Selatan,Transfer Bank,Delivered,TRK9386211667,8,MIDYEAR15,Instagram,250000,15000,42020000.0
ORD201926,2024-04-30,C78619,Flash Drive,Storage,4,74000.0,Jl. Mawar No. 14,Jakarta,Dki Jakarta,E-Wallet,Cancelled,TRK9357487880,3,BELANJA5,Tiktok,100000,20000,216000.0
ORD201928,2023-07-24,C61402,Webcam,Aksesoris,4,252000.0,Jl. Kenanga No. 227,Denpasar,Bali,E-Wallet,Delivered,TRK1269682440,4,NONE,Google,150000,20000,878000.0
ORD201930,2024-11-09,C59575,Tablet,Elektronik,5,6144000.0,Jl. Melati No. 155,Unknown,Sumatera Utara,Transfer Bank,Cancelled,TRK6115276960,6,HEMAT10,Google,250000,40000,30510000.0
ORD201931,2024-01-17,C29981,Desk,Furniture,4,1404000.0,Jl. Kenanga No. 143,Surabaya,Jawa Timur,COD,Shipped,TRK4466020009,5,NONE,Website,150000,30000,5496000.0
ORD201932,2024-09-19,C98863,Router,Networking,1,1064000.0,Jl. Melati No. 119,Palembang,Sumatera Selatan,Transfer Bank,Shipped,TRK8677837507,7,NONE,Tiktok,250000,15000,829000.0
ORD201933,2023-05-07,C67511,Desk,Furniture,3,1276000.0,Jl. Melati No. 152,Jakarta,Dki Jakarta,Kartu Kredit,Paid,TRK9803980154,5,MIDYEAR15,Tiktok,50000,25000,3803000.0
ORD201934,2024-08-23,C18628,Switch,Networking,2,3120000.0,Jl. Mawar No. 154,Palembang,Sumatera Selatan,QRIS,Cancelled,TRK6045351051,8,MIDYEAR15,Google,150000,15000,6105000.0
ORD201935,2024-11-08,C88949,Webcam,Aksesoris,3,1078000.0,Jl. Melati No. 87,Jakarta,Dki Jakarta,QRIS,Paid,TRK3481172210,1,MIDYEAR15,Referral,100000,35000,3169000.0
ORD201936,2024-02-13,C17763,Mouse,Aksesoris,5,184000.0,Jl. Kenanga No. 236,Jakarta,Dki Jakarta,QRIS,Shipped,TRK0596814429,5,HEMAT10,Tiktok,0,25000,945000.0
ORD201937,2024-07-15,C97365,Keyboard,Aksesoris,3,1183000.0,Jl. Kenanga No. 57,Surabaya,Jawa Timur,QRIS,Cancelled,TRK4051440256,4,MIDYEAR15,Instagram,50000,20000,3519000.0
ORD201940,2023-12-12,C20178,Flash Drive,Storage,3,203000.0,Jl. Anggrek No. 126,Yogyakarta,Di Yogyakarta,QRIS,Paid,TRK7421518491,7,NONE,Tiktok,250000,20000,379000.0
ORD201941,2023-03-20,C67824,Phone,Elektronik,5,5413000.0,Jl. Melati No. 210,Makassar,Sulawesi Selatan,Kartu Kredit,Delivered,TRK1887859658,3,GRATISONGKIR,Tiktok,0,15000,27080000.0
ORD201942,2023-12-21,C34182,Tablet,Elektronik,4,6729000.0,Jl. Sudirman No. 200,Denpasar,Bali,Transfer Bank,Pending,TRK4938663239,8,NONE,Website,100000,30000,26846000.0
ORD201943,2023-07-12,C26017,Desk,Furniture,4,1279000.0,Jl. Kenanga No. 82,Medan,Sumatera Utara,Kartu Kredit,Shipped,TRK1406515827,3,HEMAT10,Facebook,50000,15000,5081000.0
ORD201944,2023-07-02,C12229,Monitor,Elektronik,4,4139000.0,Jl. Melati No. 54,Palembang,Sumatera Selatan,QRIS,Pending,TRK7296561694,2,MIDYEAR15,Website,100000,25000,16481000.0
ORD201946,2024-07-09,C43248,Desk,Furniture,1,3752000.0,Jl. Diponegoro No. 90,Bandung,Jawa Barat,E-Wallet,Cancelled,TRK1489911906,1,MIDYEAR15,Facebook,250000,40000,3542000.0
ORD201947,2023-06-15,C30859,Printer,Elektronik,3,5024000.0,Jl. Diponegoro No. 143,Yogyakarta,Di Yogyakarta,QRIS,Paid,TRK4136629856,6,GRATISONGKIR,Referral,100000,25000,14997000.0
ORD201948,2024-07-06,C53675,Printer,Elektronik,3,1995000.0,Jl. Kenanga No. 184,Balikpapan,Kalimantan Timur,COD,Delivered,TRK8859098151,1,NONE,Facebook,250000,20000,5755000.0
ORD201949,2023-11-11,C67174,Chair,Furniture,3,2417000.0,Jl. Mawar No. 66,Surabaya,Jawa Timur,QRIS,Delivered,TRK7857030705,5,GRATISONGKIR,Tiktok,50000,15000,7216000.0
ORD201950,2023-08-28,C26643,Ssd,Storage,5,2111000.0,Jl. Diponegoro No. 196,Surabaya,Jawa Timur,Transfer Bank,Cancelled,TRK9685432751,3,GRATISONGKIR,Google,100000,20000,10475000.0
ORD201952,2024-12-29,C74321,Keyboard,Aksesoris,3,747000.0,Jl. Sudirman No. 81,Bandung,Jawa Barat,Transfer Bank,Delivered,TRK7762479648,7,NONE,Instagram,150000,40000,2131000.0
ORD201953,2024-08-18,C35005,Flash Drive,Storage,3,263000.0,Jl. Sudirman No. 170,Yogyakarta,Di Yogyakarta,QRIS,Paid,TRK9437764934,8,BELANJA5,Referral,50000,40000,779000.0
ORD201954,2024-10-20,C38711,Chair,Furniture,5,1122000.0,Jl. Sudirman No. 4,Medan,Sumatera Utara,QRIS,Returned,TRK8800637154,1,BELANJA5,Website,250000,35000,5395000.0
ORD201955,2023-06-27,C82786,Mouse,Aksesoris,1,153000.0,Jl. Mawar No. 111,Denpasar,Bali,COD,Paid,TRK6717044949,1,NONE,Tiktok,250000,35000,-62000.0
ORD201956,2024-08-14,C84755,Keyboard,Aksesoris,3,215000.0,Jl. Diponegoro No. 214,Medan,Sumatera Utara,E-Wallet,Cancelled,TRK6629608582,7,NONE,Facebook,250000,15000,410000.0
ORD201957,2023-11-12,C56655,Keyboard,Aksesoris,4,639000.0,Jl. Sudirman No. 236,Makassar,Sulawesi Selatan,QRIS,Shipped,TRK4401696479,2,HEMAT10,Tiktok,0,20000,2576000.0
ORD201958,2024-12-27,C80443,Ssd,Storage,3,983000.0,Jl. Anggrek No. 225,Balikpapan,Kalimantan Timur,E-Wallet,Delivered,TRK4702874582,1,MIDYEAR15,Google,150000,40000,2839000.0
ORD201961,2024-02-24,C11864,Flash Drive,Storage,3,432000.0,Jl. Kenanga No. 228,Palembang,Sumatera Selatan,Transfer Bank,Paid,TRK3207506757,2,NONE,Referral,250000,20000,1066000.0
ORD201962,2023-09-25,C64082,Chair,Furniture,2,1923000.0,Jl. Anggrek No. 249,Yogyakarta,Di Yogyakarta,QRIS,Pending,TRK2788324523,1,BELANJA5,Google,50000,40000,3836000.0
ORD201963,2024-01-18,C26109,Headset,Aksesoris,1,1760000.0,Jl. Kenanga No. 173,Jakarta,Dki Jakarta,Kartu Kredit,Pending,TRK8335760231,7,NONE,Facebook,100000,25000,1685000.0
ORD201964,2024-09-20,C68603,Printer,Elektronik,3,1258000.0,Jl. Melati No. 179,Semarang,Jawa Tengah,QRIS,Cancelled,TRK0067393121,1,HEMAT10,Referral,100000,40000,3714000.0
ORD201966,2023-07-31,C98382,Switch,Networking,4,2623000.0,Jl. Sudirman No. 76,Bandung,Jawa Barat,COD,Cancelled,TRK5725276645,1,MIDYEAR15,Google,250000,25000,10267000.0
ORD201967,2024-04-06,C10468,Desk,Furniture,2,918000.0,Jl. Anggrek No. 139,Denpasar,Bali,Transfer Bank,Delivered,TRK3343053003,3,GRATISONGKIR,Referral,150000,20000,1706000.0
ORD201968,2023-05-28,C95453,Keyboard,Aksesoris,1,629000.0,Jl. Mawar No. 68,Palembang,Sumatera Selatan,COD,Cancelled,TRK4610645500,3,MIDYEAR15,Referral,0,15000,644000.0
ORD201969,2024-06-02,C56942,Hdd,Storage,4,3204000.0,Jl. Sudirman No. 192,Semarang,Jawa Tengah,QRIS,Pending,TRK5688646460,6,GRATISONGKIR,Facebook,150000,15000,12681000.0
ORD201970,2024-05-04,C66149,Headset,Aksesoris,3,1469000.0,Jl. Mawar No. 93,Balikpapan,Kalimantan Timur,E-Wallet,Pending,TRK2884904205,8,HEMAT10,Referral,0,25000,4432000.0
ORD201971,2023-01-19,C11233,Mouse,Aksesoris,5,310000.0,Jl. Diponegoro No. 175,Palembang,Sumatera Selatan,Kartu Kredit,Returned,TRK0976640834,4,NONE,Referral,100000,35000,1485000.0
ORD201972,2024-11-29,C43955,Ssd,Storage,1,1696000.0,Jl. Mawar No. 27,Balikpapan,Kalimantan Timur,QRIS,Returned,TRK3492821908,1,HEMAT10,Referral,150000,15000,1561000.0
ORD201974,2023-11-22,C65276,Headset,Aksesoris,2,1448000.0,Jl. Anggrek No. 102,Balikpapan,Kalimantan Timur,Transfer Bank,Returned,TRK4554274737,6,NONE,Facebook,50000,20000,2866000.0
ORD201976,2023-11-15,C40947,Desk,Furniture,5,2181000.0,Jl. Diponegoro No. 153,Medan,Sumatera Utara,E-Wallet,Shipped,TRK0533042577,7,NONE,Google,100000,15000,10820000.0
ORD201977,2024-03-28,C87693,Headset,Aksesoris,5,1763000.0,Jl. Diponegoro No. 213,Medan,Sumatera Utara,COD,Paid,TRK1937624677,8,HEMAT10,Instagram,0,25000,8840000.0
ORD201978,2024-03-18,C68207,Headset,Aksesoris,4,215000.0,Jl. Diponegoro No. 33,Denpasar,Bali,Kartu Kredit,Pending,TRK1187486194,6,NONE,Facebook,50000,40000,850000.0
ORD201979,2024-11-09,C63239,Chair,Furniture,4,2301000.0,Jl. Mawar No. 118,Bandung,Jawa Barat,Kartu Kredit,Pending,TRK0198021274,1,MIDYEAR15,Google,50000,30000,9184000.0
ORD201980,2023-02-10,C52385,Printer,Elektronik,3,1423000.0,Jl. Kenanga No. 66,Denpasar,Bali,QRIS,Cancelled,TRK1313993440,4,MIDYEAR15,Referral,150000,30000,4149000.0
ORD201982,2023-02-06,C71435,Headset,Aksesoris,4,1177000.0,Jl. Melati No. 191,Surabaya,Jawa Timur,COD,Shipped,TRK6203759512,7,NONE,Referral,0,15000,4723000.0
ORD201983,2024-03-03,C41077,Tablet,Elektronik,3,6062000.0,Jl. Mawar No. 148,Semarang,Jawa Tengah,Transfer Bank,Paid,TRK2006156323,4,MIDYEAR15,Tiktok,100000,15000,18101000.0
ORD201985,2024-09-24,C89057,Ssd,Storage,4,1368000.0,Jl. Diponegoro No. 231,Makassar,Sulawesi Selatan,QRIS,Cancelled,TRK9054275959,8,HEMAT10,Tiktok,150000,35000,5357000.0
ORD201986,2023-12-01,C20377,Mouse,Aksesoris,5,516000.0,Jl. Sudirman No. 154,Bandung,Jawa Barat,Kartu Kredit,Shipped,TRK7821189332,8,GRATISONGKIR,Instagram,150000,35000,2465000.0
ORD201988,2023-05-23,C38745,Tablet,Elektronik,2,6336000.0,Jl. Mawar No. 242,Jakarta,Dki Jakarta,Kartu Kredit,Paid,TRK2188333804,3,NONE,Google,0,35000,12707000.0
ORD201989,2023-08-07,C28732,Printer,Elektronik,5,1010000.0,Jl. Kenanga No. 137,Semarang,Jawa Tengah,COD,Shipped,TRK9962909904,1,BELANJA5,Website,100000,30000,4980000.0
ORD201993,2023-11-07,C12392,Mouse,Aksesoris,3,426000.0,Jl. Kenanga No. 101,Makassar,Sulawesi Selatan,Transfer Bank,Shipped,TRK8951171457,1,HEMAT10,Website,250000,20000,1048000.0
ORD201994,2024-05-16,C32560,Keyboard,Aksesoris,4,892000.0,Jl. Mawar No. 58,Surabaya,Jawa Timur,E-Wallet,Paid,TRK6507136589,8,NONE,Tiktok,150000,30000,3448000.0
ORD201995,2023-06-15,C11113,Router,Networking,2,2179000.0,Jl. Diponegoro No. 143,Medan,Sumatera Utara,COD,Shipped,TRK0761716569,3,MIDYEAR15,Instagram,0,15000,4373000.0
ORD201998,2024-09-20,C76532,Phone,Elektronik,2,3583000.0,Jl. Sudirman No. 161,Palembang,Sumatera Selatan,COD,Pending,TRK1739503450,1,MIDYEAR15,Facebook,250000,20000,6936000.0
ORD201999,2024-03-21,C85554,Flash Drive,Storage,2,152000.0,Jl. Diponegoro No. 50,Makassar,Sulawesi Selatan,Transfer Bank,Cancelled,TRK9789844980,7,HEMAT10,Website,50000,40000,294000.0
ORD202000,2023-10-18,C27523,Printer,Elektronik,3,1242000.0,Jl. Diponegoro No. 13,Bandung,Jawa Barat,Transfer Bank,Cancelled,TRK9882980083,5,NONE,Google,50000,25000,3701000.0
ORD202002,2023-10-10,C39520,Switch,Networking,1,1601000.0,Jl. Melati No. 99,Denpasar,Bali,Kartu Kredit,Pending,TRK2576803064,4,GRATISONGKIR,Tiktok,250000,30000,1381000.0
ORD202003,2023-08-01,C19809,Printer,Elektronik,3,5421000.0,Jl. Anggrek No. 215,Palembang,Sumatera Selatan,Transfer Bank,Delivered,TRK1963886845,5,GRATISONGKIR,Google,100000,40000,16203000.0
ORD202006,2024-03-28,C92384,Hdd,Storage,3,1882000.0,Jl. Mawar No. 223,Surabaya,Jawa Timur,Transfer Bank,Cancelled,TRK8206914103,2,BELANJA5,Instagram,50000,35000,5631000.0
ORD202007,2024-07-01,C43858,Tablet,Elektronik,1,2524000.0,Jl. Sudirman No. 202,Balikpapan,Kalimantan Timur,QRIS,Shipped,TRK8519350751,7,BELANJA5,Facebook,250000,35000,2309000.0
ORD202009,2023-11-06,C74191,Phone,Elektronik,3,4074000.0,Jl. Sudirman No. 250,Makassar,Sulawesi Selatan,COD,Paid,TRK7619041577,7,NONE,Tiktok,0,25000,12247000.0
ORD202010,2024-12-16,C26878,Webcam,Aksesoris,1,232000.0,Jl. Diponegoro No. 30,Makassar,Sulawesi Selatan,COD,Returned,TRK2998165882,4,NONE,Tiktok,50000,20000,202000.0
ORD202011,2024-05-29,C74211,Headset,Aksesoris,2,825000.0,Jl. Melati No. 159,Denpasar,Bali,Kartu Kredit,Shipped,TRK5062229296,7,HEMAT10,Facebook,100000,35000,1585000.0
ORD202012,2024-04-21,C51369,Flash Drive,Storage,3,60000.0,Jl. Melati No. 162,Yogyakarta,Di Yogyakarta,Transfer Bank,Pending,TRK8267591884,2,NONE,Facebook,250000,35000,-35000.0
ORD202013,2024-12-08,C65318,Flash Drive,Storage,5,227000.0,Jl. Melati No. 124,Medan,Sumatera Utara,Transfer Bank,Delivered,TRK9401810258,7,BELANJA5,Instagram,250000,15000,900000.0
ORD202014,2024-03-24,C26242,Tablet,Elektronik,1,8401000.0,Jl. Diponegoro No. 22,Yogyakarta,Di Yogyakarta,COD,Pending,TRK0540598405,8,GRATISONGKIR,Google,250000,20000,8171000.0
ORD202015,2024-03-18,C98472,Mouse,Aksesoris,3,189000.0,Jl. Anggrek No. 45,Palembang,Sumatera Selatan,QRIS,Returned,TRK2641905636,7,NONE,Tiktok,100000,30000,497000.0
ORD202016,2024-03-19,C23723,Desk,Furniture,4,3284000.0,Jl. Melati No. 125,Balikpapan,Kalimantan Timur,E-Wallet,Cancelled,TRK7230119169,4,MIDYEAR15,Facebook,0,40000,13176000.0
ORD202017,2023-10-04,C32880,Router,Networking,1,920000.0,Jl. Anggrek No. 162,Bandung,Jawa Barat,Transfer Bank,Returned,TRK9471348359,1,GRATISONGKIR,Tiktok,100000,25000,845000.0
ORD202019,2023-04-08,C55508,Mouse,Aksesoris,3,589000.0,Jl. Diponegoro No. 125,Jakarta,Dki Jakarta,Kartu Kredit,Cancelled,TRK7660292913,5,GRATISONGKIR,Google,150000,15000,1632000.0
ORD202020,2023-09-01,C53139,Monitor,Elektronik,3,3352000.0,Jl. Diponegoro No. 25,Semarang,Jawa Tengah,Transfer Bank,Paid,TRK9746713116,5,NONE,Tiktok,0,20000,10076000.0
ORD202021,2023-03-31,C98955,Router,Networking,1,1843000.0,Jl. Diponegoro No. 84,Jakarta,Dki Jakarta,COD,Delivered,TRK5439230176,8,NONE,Facebook,150000,25000,1718000.0
ORD202022,2024-06-08,C71996,Desk,Furniture,2,2646000.0,Jl. Melati No. 160,Surabaya,Jawa Timur,Transfer Bank,Returned,TRK4759867019,5,MIDYEAR15,Tiktok,0,35000,5327000.0
ORD202023,2023-04-14,C77597,Desk,Furniture,5,1904000.0,Jl. Anggrek No. 42,Makassar,Sulawesi Selatan,Transfer Bank,Returned,TRK3457927181,1,NONE,Facebook,150000,15000,9385000.0
ORD202024,2024-10-19,C96995,Router,Networking,1,1617000.0,Jl. Melati No. 63,Palembang,Sumatera Selatan,E-Wallet,Returned,TRK5718680565,5,GRATISONGKIR,Tiktok,150000,25000,1492000.0
ORD202025,2024-01-13,C57616,Webcam,Aksesoris,2,1069000.0,Jl. Melati No. 20,Yogyakarta,Di Yogyakarta,Transfer Bank,Pending,TRK8545920575,2,HEMAT10,Facebook,100000,25000,2063000.0
ORD202026,2023-11-16,C98137,Phone,Elektronik,3,2792000.0,Jl. Kenanga No. 80,Medan,Sumatera Utara,Transfer Bank,Pending,TRK5081858450,4,NONE,Instagram,100000,25000,8301000.0
ORD202027,2023-09-13,C97875,Desk,Furniture,5,3712000.0,Jl. Melati No. 191,Balikpapan,Kalimantan Timur,E-Wallet,Paid,TRK4008873925,8,BELANJA5,Instagram,150000,35000,18445000.0
ORD202029,2024-05-18,C12686,Hdd,Storage,1,1879000.0,Jl. Kenanga No. 156,Yogyakarta,Di Yogyakarta,QRIS,Cancelled,TRK2670326692,7,BELANJA5,Instagram,0,40000,1919000.0
ORD202030,2023-06-04,C55853,Switch,Networking,4,1319000.0,Jl. Mawar No. 199,Unknown,Jawa Tengah,COD,Delivered,TRK7738633348,7,NONE,Referral,250000,40000,5066000.0
ORD202031,2024-01-03,C49349,Monitor,Elektronik,5,4949000.0,Jl. Sudirman No. 59,Surabaya,Jawa Timur,COD,Shipped,TRK1776314944,2,GRATISONGKIR,Google,150000,15000,24610000.0
ORD202033,2023-06-07,C71778,Webcam,Aksesoris,3,1758000.0,Jl. Mawar No. 141,Surabaya,Jawa Timur,Transfer Bank,Pending,TRK7960664822,6,NONE,Facebook,0,30000,5304000.0
ORD202034,2023-03-25,C16715,Webcam,Aksesoris,5,1718000.0,Jl. Anggrek No. 183,Palembang,Sumatera Selatan,QRIS,Paid,TRK7212698564,3,MIDYEAR15,Website,150000,20000,8460000.0
ORD202035,2023-02-21,C92422,Flash Drive,Storage,2,360000.0,Jl. Kenanga No. 93,Makassar,Sulawesi Selatan,COD,Pending,TRK9800628639,7,BELANJA5,Website,0,20000,740000.0
ORD202036,2023-02-12,C31867,Flash Drive,Storage,1,318000.0,Jl. Kenanga No. 163,Jakarta,Dki Jakarta,Kartu Kredit,Delivered,TRK6884631537,7,NONE,Google,0,35000,353000.0
ORD202037,2023-02-20,C10191,Phone,Elektronik,1,2750000.0,Jl. Sudirman No. 241,Bandung,Jawa Barat,E-Wallet,Delivered,TRK6570117610,6,NONE,Instagram,0,30000,2780000.0
ORD202038,2023-12-28,C50281,Mouse,Aksesoris,2,179000.0,Jl. Anggrek No. 160,Balikpapan,Kalimantan Timur,Transfer Bank,Shipped,TRK1411186504,6,NONE,Facebook,0,40000,398000.0
ORD202039,2023-03-15,C65462,Headset,Aksesoris,3,1187000.0,Jl. Melati No. 50,Makassar,Sulawesi Selatan,Transfer Bank,Returned,TRK0096092905,8,NONE,Google,150000,20000,3431000.0
ORD202040,2024-02-14,C31295,Flash Drive,Storage,2,130000.0,Jl. Anggrek No. 240,Denpasar,Bali,Kartu Kredit,Pending,TRK4339715044,2,MIDYEAR15,Instagram,250000,30000,40000.0
ORD202041,2024-12-18,C81044,Flash Drive,Storage,2,208000.0,Jl. Kenanga No. 90,Yogyakarta,Di Yogyakarta,E-Wallet,Cancelled,TRK6223754127,3,BELANJA5,Referral,0,40000,456000.0
ORD202044,2023-04-15,C26596,Headset,Aksesoris,2,699000.0,Jl. Diponegoro No. 129,Denpasar,Bali,QRIS,Cancelled,TRK2104642912,1,MIDYEAR15,Facebook,150000,30000,1278000.0
ORD202045,2024-08-12,C38883,Switch,Networking,2,4291000.0,Jl. Melati No. 61,Semarang,Jawa Tengah,COD,Pending,TRK6760868288,3,NONE,Tiktok,150000,20000,8452000.0
ORD202046,2023-10-11,C98927,Webcam,Aksesoris,2,1077000.0,Jl. Melati No. 119,Jakarta,Dki Jakarta,Transfer Bank,Delivered,TRK2576932688,6,NONE,Facebook,250000,30000,1934000.0
ORD202047,2024-02-15,C78733,Headset,Aksesoris,2,641000.0,Jl. Anggrek No. 194,Makassar,Sulawesi Selatan,Transfer Bank,Pending,TRK4491820882,7,NONE,Instagram,0,40000,1322000.0
ORD202048,2024-04-12,C20513,Keyboard,Aksesoris,2,505000.0,Jl. Diponegoro No. 195,Balikpapan,Kalimantan Timur,Transfer Bank,Pending,TRK4636653780,2,GRATISONGKIR,Google,150000,35000,895000.0
ORD202049,2023-07-12,C48608,Router,Networking,5,2431000.0,Jl. Anggrek No. 21,Jakarta,Dki Jakarta,QRIS,Shipped,TRK5899586886,3,MIDYEAR15,Google,0,25000,12180000.0
ORD202051,2024-06-18,C82715,Switch,Networking,5,6975000.0,Jl. Mawar No. 74,Surabaya,Jawa Timur,COD,Delivered,TRK9663373514,6,BELANJA5,Website,250000,20000,34645000.0
ORD202052,2024-07-07,C97044,Flash Drive,Storage,1,154000.0,Jl. Kenanga No. 230,Balikpapan,Kalimantan Timur,COD,Returned,TRK1090599101,6,NONE,Website,0,25000,179000.0
ORD202053,2024-10-04,C10179,Flash Drive,Storage,1,325000.0,Jl. Mawar No. 52,Unknown,Sulawesi Selatan,Kartu Kredit,Delivered,TRK2689188927,6,MIDYEAR15,Tiktok,150000,20000,195000.0
ORD202054,2023-12-13,C91583,Switch,Networking,3,1032000.0,Jl. Mawar No. 138,Semarang,Jawa Tengah,Transfer Bank,Delivered,TRK8294211921,1,NONE,Referral,0,25000,3121000.0
ORD202055,2024-04-11,C25304,Router,Networking,1,2462000.0,Jl. Melati No. 78,Denpasar,Bali,QRIS,Shipped,TRK0482062573,6,BELANJA5,Referral,0,15000,2477000.0
ORD202056,2023-12-23,C29153,Mouse,Aksesoris,1,202000.0,Jl. Diponegoro No. 233,Surabaya,Jawa Timur,Transfer Bank,Pending,TRK6906603999,3,MIDYEAR15,Facebook,50000,40000,192000.0
ORD202057,2023-08-09,C37398,Hdd,Storage,2,1408000.0,Jl. Mawar No. 11,Bandung,Jawa Barat,COD,Pending,TRK0611614098,6,NONE,Facebook,250000,15000,2581000.0
ORD202059,2023-11-14,C31561,Ssd,Storage,1,1099000.0,Jl. Diponegoro No. 88,Surabaya,Jawa Timur,QRIS,Delivered,TRK4850167941,6,NONE,Referral,150000,40000,989000.0
ORD202060,2024-08-31,C74434,Router,Networking,5,1212000.0,Jl. Anggrek No. 96,Bandung,Jawa Barat,QRIS,Shipped,TRK2236883972,1,GRATISONGKIR,Website,150000,40000,5950000.0
ORD202061,2023-03-09,C51916,Laptop,Elektronik,4,7412000.0,Jl. Sudirman No. 188,Semarang,Jawa Tengah,E-Wallet,Cancelled,TRK8789716540,8,MIDYEAR15,Facebook,150000,35000,29533000.0
ORD202063,2024-01-13,C18515,Desk,Furniture,1,2807000.0,Jl. Melati No. 194,Unknown,Di Yogyakarta,QRIS,Delivered,TRK4618181360,6,MIDYEAR15,Referral,150000,40000,2697000.0
ORD202064,2023-01-22,C13551,Mouse,Aksesoris,1,588000.0,Jl. Mawar No. 241,Balikpapan,Kalimantan Timur,Kartu Kredit,Delivered,TRK5115074169,2,BELANJA5,Facebook,250000,25000,363000.0
ORD202065,2024-05-26,C31831,Router,Networking,4,2119000.0,Jl. Sudirman No. 188,Jakarta,Dki Jakarta,QRIS,Delivered,TRK7241269457,4,NONE,Referral,150000,15000,8341000.0
ORD202066,2024-01-28,C83089,Keyboard,Aksesoris,4,573000.0,Jl. Sudirman No. 39,Surabaya,Jawa Timur,COD,Pending,TRK4252219327,3,GRATISONGKIR,Tiktok,150000,25000,2167000.0
ORD202068,2024-01-17,C69930,Headset,Aksesoris,5,1244000.0,Jl. Kenanga No. 68,Makassar,Sulawesi Selatan,QRIS,Returned,TRK3825310658,4,GRATISONGKIR,Website,100000,15000,6135000.0
ORD202069,2024-12-23,C64773,Ssd,Storage,5,535000.0,Jl. Sudirman No. 80,Balikpapan,Kalimantan Timur,QRIS,Shipped,TRK9540214792,6,NONE,Facebook,0,20000,2695000.0
ORD202070,2024-04-09,C51656,Hdd,Storage,3,1333000.0,Jl. Mawar No. 82,Jakarta,Dki Jakarta,Transfer Bank,Delivered,TRK3407528641,1,BELANJA5,Website,150000,20000,3869000.0
ORD202071,2023-07-28,C56335,Tablet,Elektronik,2,4932000.0,Jl. Melati No. 135,Palembang,Sumatera Selatan,Kartu Kredit,Delivered,TRK1062376063,4,GRATISONGKIR,Referral,250000,35000,9649000.0
ORD202072,2024-02-13,C59271,Keyboard,Aksesoris,5,1092000.0,Jl. Anggrek No. 138,Jakarta,Dki Jakarta,E-Wallet,Delivered,TRK6328920702,8,HEMAT10,Tiktok,0,40000,5500000.0
ORD202073,2024-01-17,C61909,Keyboard,Aksesoris,5,242000.0,Jl. Sudirman No. 2,Medan,Sumatera Utara,COD,Shipped,TRK2048401362,3,HEMAT10,Tiktok,100000,15000,1125000.0
ORD202074,2023-07-09,C99167,Tablet,Elektronik,1,7720000.0,Jl. Mawar No. 193,Denpasar,Bali,Kartu Kredit,Delivered,TRK9957544237,4,BELANJA5,Tiktok,100000,15000,7635000.0
ORD202075,2024-03-26,C99138,Webcam,Aksesoris,4,520000.0,Jl. Kenanga No. 105,Palembang,Sumatera Selatan,E-Wallet,Cancelled,TRK6008896491,7,HEMAT10,Referral,0,40000,2120000.0
ORD202076,2023-11-03,C56076,Headset,Aksesoris,1,561000.0,Jl. Mawar No. 27,Makassar,Sulawesi Selatan,E-Wallet,Delivered,TRK6611839703,4,MIDYEAR15,Referral,150000,35000,446000.0
ORD202077,2023-08-26,C13421,Headset,Aksesoris,4,814000.0,Jl. Kenanga No. 146,Surabaya,Jawa Timur,QRIS,Pending,TRK2977975874,7,NONE,Facebook,100000,25000,3181000.0
ORD202078,2023-05-08,C59235,Flash Drive,Storage,2,240000.0,Jl. Sudirman No. 183,Palembang,Sumatera Selatan,Transfer Bank,Pending,TRK2607701094,3,NONE,Tiktok,150000,20000,350000.0
ORD202079,2023-02-03,C73284,Chair,Furniture,4,2569000.0,Jl. Sudirman No. 74,Palembang,Sumatera Selatan,QRIS,Delivered,TRK8276944965,2,HEMAT10,Website,0,30000,10306000.0
ORD202080,2023-03-24,C22479,Phone,Elektronik,4,7057000.0,Jl. Sudirman No. 180,Medan,Sumatera Utara,Kartu Kredit,Cancelled,TRK7523177965,7,NONE,Tiktok,0,40000,28268000.0
ORD202081,2023-09-21,C46113,Flash Drive,Storage,1,299000.0,Jl. Mawar No. 145,Palembang,Sumatera Selatan,E-Wallet,Paid,TRK5950723282,6,HEMAT10,Facebook,0,25000,324000.0
ORD202082,2023-10-17,C19096,Hdd,Storage,3,1292000.0,Jl. Anggrek No. 113,Unknown,Dki Jakarta,QRIS,Returned,TRK6249027946,1,BELANJA5,Tiktok,150000,25000,3751000.0
ORD202083,2024-07-23,C86447,Tablet,Elektronik,5,4421000.0,Jl. Melati No. 117,Denpasar,Bali,Transfer Bank,Pending,TRK4658544939,2,NONE,Referral,50000,40000,22095000.0
ORD202084,2024-07-11,C26606,Flash Drive,Storage,4,372000.0,Jl. Anggrek No. 160,Denpasar,Bali,QRIS,Paid,TRK7536893861,6,NONE,Google,150000,25000,1363000.0
ORD202085,2024-05-17,C62420,Ssd,Storage,1,1754000.0,Jl. Melati No. 48,Semarang,Jawa Tengah,Transfer Bank,Cancelled,TRK6113796377,8,GRATISONGKIR,Website,50000,30000,1734000.0
ORD202086,2024-11-17,C22552,Mouse,Aksesoris,3,569000.0,Jl. Diponegoro No. 217,Palembang,Sumatera Selatan,Kartu Kredit,Delivered,TRK2742023553,6,MIDYEAR15,Tiktok,150000,15000,1572000.0
ORD202087,2024-08-18,C27148,Switch,Networking,4,3241000.0,Jl. Mawar No. 164,Surabaya,Jawa Timur,COD,Returned,TRK1703587896,8,BELANJA5,Instagram,50000,25000,12939000.0
ORD202088,2023-07-29,C14664,Chair,Furniture,5,1376000.0,Jl. Diponegoro No. 40,Makassar,Sulawesi Selatan,E-Wallet,Pending,TRK6080278382,7,NONE,Referral,250000,40000,6670000.0
ORD202089,2023-09-15,C80206,Tablet,Elektronik,4,6767000.0,Jl. Kenanga No. 239,Palembang,Sumatera Selatan,QRIS,Paid,TRK8078376781,5,GRATISONGKIR,Facebook,250000,15000,26833000.0
ORD202090,2023-09-07,C60724,Chair,Furniture,5,2345000.0,Jl. Melati No. 136,Bandung,Jawa Barat,COD,Delivered,TRK2518565906,1,NONE,Website,250000,15000,11490000.0
ORD202091,2023-06-24,C32082,Webcam,Aksesoris,2,597000.0,Jl. Mawar No. 63,Unknown,Dki Jakarta,E-Wallet,Paid,TRK5493686288,2,GRATISONGKIR,Website,0,35000,1229000.0
ORD202092,2024-04-02,C92441,Router,Networking,2,1814000.0,Jl. Anggrek No. 114,Surabaya,Jawa Timur,E-Wallet,Pending,TRK1353746165,6,BELANJA5,Referral,100000,15000,3543000.0
ORD202093,2023-06-22,C45448,Mouse,Aksesoris,5,197000.0,Jl. Mawar No. 60,Yogyakarta,Di Yogyakarta,Kartu Kredit,Shipped,TRK1286999361,6,BELANJA5,Referral,150000,30000,865000.0
ORD202095,2023-07-20,C38283,Monitor,Elektronik,4,1785000.0,Jl. Melati No. 120,Medan,Sumatera Utara,Transfer Bank,Pending,TRK6012032930,2,NONE,Tiktok,250000,25000,6915000.0
ORD202096,2024-06-08,C17441,Webcam,Aksesoris,4,543000.0,Jl. Anggrek No. 12,Makassar,Sulawesi Selatan,COD,Delivered,TRK9403854943,7,MIDYEAR15,Instagram,250000,25000,1947000.0
ORD202097,2024-02-05,C11292,Switch,Networking,1,687000.0,Jl. Sudirman No. 236,Unknown,Sumatera Utara,Transfer Bank,Paid,TRK9117346053,4,MIDYEAR15,Google,50000,40000,677000.0
ORD202098,2023-01-10,C79252,Printer,Elektronik,5,5445000.0,Jl. Melati No. 120,Palembang,Sumatera Selatan,Kartu Kredit,Pending,TRK8201348868,5,NONE,Tiktok,100000,15000,27140000.0
ORD202099,2024-08-10,C34215,Webcam,Aksesoris,4,1206000.0,Jl. Melati No. 31,Balikpapan,Kalimantan Timur,E-Wallet,Delivered,TRK1535449424,4,HEMAT10,Website,50000,20000,4794000.0
ORD202101,2023-12-16,C84309,Chair,Furniture,1,2598000.0,Jl. Sudirman No. 167,Yogyakarta,Di Yogyakarta,E-Wallet,Shipped,TRK6175995759,2,NONE,Referral,50000,35000,2583000.0
ORD202102,2023-12-18,C27695,Mouse,Aksesoris,2,166000.0,Jl. Mawar No. 233,Semarang,Jawa Tengah,Kartu Kredit,Paid,TRK3677514284,8,HEMAT10,Google,50000,20000,302000.0
ORD202103,2023-11-21,C37896,Ssd,Storage,3,1621000.0,Jl. Melati No. 122,Makassar,Sulawesi Selatan,Transfer Bank,Delivered,TRK1903550285,7,NONE,Google,0,20000,4883000.0
ORD202104,2023-10-16,C48177,Hdd,Storage,2,2192000.0,Jl. Diponegoro No. 24,Semarang,Jawa Tengah,Kartu Kredit,Returned,TRK5752317791,2,NONE,Referral,250000,40000,4174000.0
ORD202105,2023-10-25,C32963,Webcam,Aksesoris,4,573000.0,Jl. Mawar No. 37,Semarang,Jawa Tengah,QRIS,Delivered,TRK3811087508,1,MIDYEAR15,Referral,50000,15000,2257000.0
ORD202106,2023-10-15,C28203,Mouse,Aksesoris,3,157000.0,Jl. Mawar No. 250,Surabaya,Jawa Timur,Kartu Kredit,Shipped,TRK9904804479,2,NONE,Referral,250000,30000,251000.0
ORD202107,2024-10-24,C18949,Keyboard,Aksesoris,2,900000.0,Jl. Sudirman No. 90,Makassar,Sulawesi Selatan,Transfer Bank,Paid,TRK0416643997,1,NONE,Tiktok,50000,25000,1775000.0
ORD202108,2024-10-31,C59228,Webcam,Aksesoris,3,667000.0,Jl. Kenanga No. 29,Denpasar,Bali,E-Wallet,Returned,TRK0115336315,4,NONE,Website,250000,20000,1771000.0
ORD202109,2023-07-08,C88437,Hdd,Storage,1,2778000.0,Jl. Melati No. 115,Jakarta,Dki Jakarta,E-Wallet,Delivered,TRK7898585742,3,MIDYEAR15,Referral,0,40000,2818000.0
ORD202110,2023-12-03,C82964,Laptop,Elektronik,3,7592000.0,Jl. Kenanga No. 50,Denpasar,Bali,QRIS,Pending,TRK6527125629,1,HEMAT10,Facebook,50000,30000,22756000.0
ORD202111,2023-01-24,C40637,Monitor,Elektronik,1,1287000.0,Jl. Mawar No. 239,Balikpapan,Kalimantan Timur,Transfer Bank,Pending,TRK6864541030,1,HEMAT10,Referral,150000,30000,1167000.0
ORD202112,2023-10-29,C27018,Chair,Furniture,4,1674000.0,Jl. Diponegoro No. 174,Semarang,Jawa Tengah,E-Wallet,Shipped,TRK2147435462,1,GRATISONGKIR,Referral,0,30000,6726000.0
ORD202113,2024-06-07,C30673,Webcam,Aksesoris,1,592000.0,Jl. Melati No. 241,Denpasar,Bali,Transfer Bank,Pending,TRK9397140263,8,BELANJA5,Google,0,20000,612000.0
ORD202115,2023-05-08,C69141,Keyboard,Aksesoris,5,880000.0,Jl. Melati No. 178,Palembang,Sumatera Selatan,COD,Pending,TRK5800852533,7,NONE,Referral,150000,15000,4265000.0
ORD202116,2024-04-08,C94678,Headset,Aksesoris,2,1695000.0,Jl. Anggrek No. 218,Bandung,Jawa Barat,E-Wallet,Paid,TRK3189676676,6,NONE,Website,250000,25000,3165000.0
ORD202117,2023-07-24,C36320,Monitor,Elektronik,5,1946000.0,Jl. Sudirman No. 46,Bandung,Jawa Barat,QRIS,Paid,TRK6488652818,8,NONE,Referral,150000,40000,9620000.0
ORD202118,2023-08-27,C71601,Router,Networking,2,2455000.0,Jl. Sudirman No. 82,Bandung,Jawa Barat,Kartu Kredit,Cancelled,TRK7845100585,2,BELANJA5,Instagram,150000,35000,4795000.0
ORD202120,2024-09-04,C27157,Chair,Furniture,3,1692000.0,Jl. Sudirman No. 214,Medan,Sumatera Utara,QRIS,Shipped,TRK8123696962,6,HEMAT10,Facebook,100000,20000,4996000.0
ORD202121,2023-01-01,C32981,Keyboard,Aksesoris,5,688000.0,Jl. Diponegoro No. 19,Semarang,Jawa Tengah,QRIS,Returned,TRK7901063433,1,HEMAT10,Referral,150000,35000,3325000.0
ORD202123,2023-08-17,C71508,Webcam,Aksesoris,5,1140000.0,Jl. Anggrek No. 157,Jakarta,Dki Jakarta,QRIS,Paid,TRK1529309399,1,BELANJA5,Referral,250000,15000,5465000.0
ORD202124,2024-03-19,C47086,Keyboard,Aksesoris,2,256000.0,Jl. Kenanga No. 9,Balikpapan,Kalimantan Timur,Kartu Kredit,Shipped,TRK9889978224,5,MIDYEAR15,Facebook,150000,40000,402000.0
ORD202125,2023-02-20,C22343,Chair,Furniture,2,1015000.0,Jl. Kenanga No. 35,Denpasar,Bali,Transfer Bank,Delivered,TRK8682813906,3,GRATISONGKIR,Tiktok,150000,30000,1910000.0
ORD202126,2024-12-23,C64703,Chair,Furniture,1,1107000.0,Jl. Kenanga No. 83,Yogyakarta,Di Yogyakarta,QRIS,Pending,TRK4051042076,5,NONE,Facebook,50000,20000,1077000.0
ORD202127,2023-06-23,C88062,Desk,Furniture,4,1966000.0,Jl. Kenanga No. 3,Makassar,Sulawesi Selatan,Kartu Kredit,Shipped,TRK3009014371,8,MIDYEAR15,Facebook,100000,30000,7794000.0
ORD202128,2024-11-22,C58641,Keyboard,Aksesoris,2,1171000.0,Jl. Anggrek No. 77,Medan,Sumatera Utara,Transfer Bank,Cancelled,TRK8579150941,4,GRATISONGKIR,Google,250000,35000,2127000.0
ORD202129,2024-04-14,C32420,Phone,Elektronik,2,4058000.0,Jl. Diponegoro No. 113,Surabaya,Jawa Timur,Kartu Kredit,Delivered,TRK2251509490,4,HEMAT10,Google,250000,30000,7896000.0
ORD202130,2023-07-04,C93200,Flash Drive,Storage,4,403000.0,Jl. Diponegoro No. 140,Bandung,Jawa Barat,Kartu Kredit,Pending,TRK7811853840,5,MIDYEAR15,Instagram,50000,15000,1577000.0
ORD202131,2024-11-11,C86226,Chair,Furniture,2,2169000.0,Jl. Diponegoro No. 49,Unknown,Kalimantan Timur,COD,Returned,TRK7295601178,7,BELANJA5,Instagram,150000,30000,4218000.0
ORD202132,2023-08-08,C62325,Switch,Networking,3,6325000.0,Jl. Sudirman No. 205,Bandung,Jawa Barat,E-Wallet,Shipped,TRK9219417521,7,HEMAT10,Facebook,0,25000,19000000.0
ORD202133,2023-04-27,C81273,Tablet,Elektronik,4,8047000.0,Jl. Sudirman No. 2,Unknown,Sumatera Selatan,E-Wallet,Shipped,TRK7204100776,6,NONE,Google,0,30000,32218000.0
ORD202134,2023-02-13,C11871,Phone,Elektronik,5,7509000.0,Jl. Mawar No. 230,Yogyakarta,Di Yogyakarta,QRIS,Delivered,TRK4215027095,6,NONE,Facebook,0,25000,37570000.0
ORD202135,2024-03-18,C56025,Tablet,Elektronik,3,7125000.0,Jl. Diponegoro No. 214,Medan,Sumatera Utara,Kartu Kredit,Pending,TRK9125351386,5,GRATISONGKIR,Website,0,40000,21415000.0
ORD202136,2023-05-22,C75332,Switch,Networking,1,6009000.0,Jl. Mawar No. 154,Semarang,Jawa Tengah,Kartu Kredit,Paid,TRK7333828201,8,BELANJA5,Tiktok,150000,15000,5874000.0
ORD202137,2024-04-09,C38708,Keyboard,Aksesoris,4,975000.0,Jl. Mawar No. 55,Yogyakarta,Di Yogyakarta,Transfer Bank,Cancelled,TRK6616293126,7,NONE,Instagram,250000,40000,3690000.0
ORD202138,2024-05-06,C26258,Monitor,Elektronik,4,4616000.0,Jl. Diponegoro No. 4,Makassar,Sulawesi Selatan,COD,Pending,TRK4677916589,6,HEMAT10,Instagram,100000,40000,18404000.0
ORD202140,2023-01-12,C61458,Phone,Elektronik,5,6680000.0,Jl. Melati No. 2,Surabaya,Jawa Timur,Transfer Bank,Returned,TRK5169489846,3,BELANJA5,Website,0,20000,33420000.0
ORD202141,2023-02-12,C77841,Router,Networking,2,1697000.0,Jl. Kenanga No. 79,Bandung,Jawa Barat,COD,Returned,TRK7888463326,6,GRATISONGKIR,Facebook,100000,15000,3309000.0
ORD202143,2023-03-20,C94234,Printer,Elektronik,3,5097000.0,Jl. Melati No. 161,Yogyakarta,Di Yogyakarta,Transfer Bank,Returned,TRK8925972387,6,GRATISONGKIR,Website,150000,20000,15161000.0
ORD202144,2023-01-05,C12113,Headset,Aksesoris,4,713000.0,Jl. Anggrek No. 83,Semarang,Jawa Tengah,QRIS,Paid,TRK7165540045,4,MIDYEAR15,Facebook,50000,30000,2832000.0
ORD202145,2024-03-04,C21326,Printer,Elektronik,2,3731000.0,Jl. Sudirman No. 75,Denpasar,Bali,QRIS,Pending,TRK8303731762,5,NONE,Website,250000,25000,7237000.0
ORD202146,2023-09-12,C62722,Tablet,Elektronik,5,6762000.0,Jl. Mawar No. 239,Surabaya,Jawa Timur,QRIS,Shipped,TRK2823656757,6,MIDYEAR15,Website,150000,25000,33685000.0
ORD202149,2023-01-09,C70001,Desk,Furniture,2,3420000.0,Jl. Kenanga No. 109,Palembang,Sumatera Selatan,COD,Paid,TRK6425186522,8,NONE,Referral,100000,40000,6780000.0
ORD202150,2023-11-25,C16662,Hdd,Storage,5,1981000.0,Jl. Sudirman No. 12,Denpasar,Bali,QRIS,Returned,TRK8506519214,7,MIDYEAR15,Website,250000,15000,9670000.0
ORD202152,2024-05-10,C86258,Desk,Furniture,3,3319000.0,Jl. Diponegoro No. 175,Makassar,Sulawesi Selatan,Kartu Kredit,Delivered,TRK4851372439,5,NONE,Tiktok,150000,25000,9832000.0
ORD202153,2024-05-21,C79859,Chair,Furniture,5,2154000.0,Jl. Diponegoro No. 94,Yogyakarta,Di Yogyakarta,Transfer Bank,Paid,TRK1750091458,6,HEMAT10,Facebook,150000,40000,10660000.0
ORD202154,2024-07-17,C48029,Webcam,Aksesoris,2,891000.0,Jl. Kenanga No. 32,Yogyakarta,Di Yogyakarta,Kartu Kredit,Shipped,TRK9955311361,7,NONE,Tiktok,150000,40000,1672000.0
ORD202155,2023-03-15,C64202,Mouse,Aksesoris,1,565000.0,Jl. Kenanga No. 158,Semarang,Jawa Tengah,COD,Paid,TRK5660843497,3,BELANJA5,Facebook,150000,15000,430000.0
ORD202156,2024-11-21,C71612,Desk,Furniture,1,1602000.0,Jl. Mawar No. 234,Medan,Sumatera Utara,QRIS,Shipped,TRK2052651825,7,MIDYEAR15,Facebook,250000,30000,1382000.0
ORD202157,2024-08-19,C71025,Tablet,Elektronik,3,4784000.0,Jl. Diponegoro No. 15,Palembang,Sumatera Selatan,COD,Shipped,TRK1077759324,8,BELANJA5,Facebook,50000,25000,14327000.0
ORD202158,2023-04-16,C16561,Mouse,Aksesoris,2,524000.0,Jl. Anggrek No. 102,Denpasar,Bali,Transfer Bank,Returned,TRK9925829340,5,MIDYEAR15,Website,150000,30000,928000.0
ORD202159,2024-03-29,C28848,Ssd,Storage,2,710000.0,Jl. Mawar No. 75,Palembang,Sumatera Selatan,Kartu Kredit,Delivered,TRK4177800119,8,MIDYEAR15,Instagram,150000,25000,1295000.0
ORD202160,2023-12-18,C25761,Mouse,Aksesoris,2,137000.0,Jl. Kenanga No. 71,Yogyakarta,Di Yogyakarta,QRIS,Paid,TRK5615747545,4,HEMAT10,Instagram,50000,35000,259000.0
ORD202161,2024-08-27,C72510,Keyboard,Aksesoris,2,413000.0,Jl. Kenanga No. 89,Semarang,Jawa Tengah,QRIS,Pending,TRK9171984324,3,MIDYEAR15,Tiktok,100000,35000,761000.0
ORD202162,2024-12-19,C13464,Flash Drive,Storage,5,408000.0,Jl. Kenanga No. 236,Surabaya,Jawa Timur,COD,Cancelled,TRK1339293914,7,NONE,Tiktok,0,20000,2060000.0
ORD202164,2024-08-07,C97695,Ssd,Storage,1,1218000.0,Jl. Melati No. 106,Surabaya,Jawa Timur,Kartu Kredit,Cancelled,TRK3101795809,7,GRATISONGKIR,Referral,0,20000,1238000.0
ORD202165,2023-05-18,C51168,Hdd,Storage,1,2536000.0,Jl. Anggrek No. 149,Denpasar,Bali,Transfer Bank,Returned,TRK7830660895,4,HEMAT10,Facebook,0,40000,2576000.0
ORD202167,2023-08-11,C91474,Desk,Furniture,2,1136000.0,Jl. Sudirman No. 30,Medan,Sumatera Utara,QRIS,Returned,TRK6872717058,7,GRATISONGKIR,Tiktok,0,15000,2287000.0
ORD202168,2024-08-15,C88777,Laptop,Elektronik,1,7598000.0,Jl. Diponegoro No. 86,Jakarta,Dki Jakarta,Transfer Bank,Pending,TRK6684126033,5,GRATISONGKIR,Facebook,50000,40000,7588000.0
ORD202169,2023-02-03,C15266,Router,Networking,5,514000.0,Jl. Anggrek No. 81,Jakarta,Dki Jakarta,COD,Shipped,TRK0262176786,8,BELANJA5,Website,100000,30000,2500000.0
ORD202170,2024-01-01,C38046,Router,Networking,4,1409000.0,Jl. Mawar No. 34,Yogyakarta,Di Yogyakarta,Transfer Bank,Paid,TRK3250465917,7,MIDYEAR15,Website,0,15000,5651000.0
ORD202172,2023-07-26,C38719,Tablet,Elektronik,4,7883000.0,Jl. Anggrek No. 74,Surabaya,Jawa Timur,COD,Paid,TRK3055273830,1,GRATISONGKIR,Facebook,250000,20000,31302000.0
ORD202173,2023-11-08,C70491,Hdd,Storage,4,2610000.0,Jl. Kenanga No. 45,Semarang,Jawa Tengah,E-Wallet,Shipped,TRK2930382318,2,BELANJA5,Website,150000,15000,10305000.0
ORD202174,2024-07-07,C26462,Desk,Furniture,4,2363000.0,Jl. Anggrek No. 186,Denpasar,Bali,E-Wallet,Shipped,TRK9674249884,5,BELANJA5,Instagram,0,35000,9487000.0
ORD202175,2024-07-05,C37662,Mouse,Aksesoris,5,121000.0,Jl. Mawar No. 147,Balikpapan,Kalimantan Timur,QRIS,Returned,TRK6848438644,8,MIDYEAR15,Referral,0,30000,635000.0
ORD202176,2024-11-03,C50578,Headset,Aksesoris,3,1235000.0,Jl. Anggrek No. 194,Yogyakarta,Di Yogyakarta,COD,Delivered,TRK3742750137,6,NONE,Facebook,150000,40000,3595000.0
ORD202177,2024-02-04,C55336,Flash Drive,Storage,2,141000.0,Jl. Melati No. 127,Palembang,Sumatera Selatan,COD,Paid,TRK3665790173,2,HEMAT10,Tiktok,150000,20000,152000.0
ORD202178,2023-03-28,C83870,Printer,Elektronik,2,1121000.0,Jl. Melati No. 127,Jakarta,Dki Jakarta,Transfer Bank,Cancelled,TRK4298110233,6,GRATISONGKIR,Instagram,0,30000,2272000.0
ORD202179,2023-04-15,C64616,Tablet,Elektronik,2,8529000.0,Jl. Kenanga No. 162,Medan,Sumatera Utara,QRIS,Returned,TRK2661222345,6,HEMAT10,Google,0,20000,17078000.0
ORD202180,2024-10-25,C69591,Mouse,Aksesoris,3,362000.0,Jl. Melati No. 80,Makassar,Sulawesi Selatan,Transfer Bank,Returned,TRK9328270344,2,GRATISONGKIR,Referral,0,15000,1101000.0
ORD202181,2024-07-20,C29386,Ssd,Storage,1,2133000.0,Jl. Diponegoro No. 216,Makassar,Sulawesi Selatan,QRIS,Shipped,TRK8316244951,2,BELANJA5,Google,250000,20000,1903000.0
ORD202182,2024-05-21,C21899,Printer,Elektronik,4,2813000.0,Jl. Sudirman No. 208,Makassar,Sulawesi Selatan,E-Wallet,Paid,TRK4257169921,6,MIDYEAR15,Instagram,250000,40000,11042000.0
ORD202183,2024-10-18,C28786,Tablet,Elektronik,2,3581000.0,Jl. Sudirman No. 190,Yogyakarta,Di Yogyakarta,Kartu Kredit,Returned,TRK2399370511,2,NONE,Instagram,100000,30000,7092000.0
ORD202184,2023-01-03,C77671,Monitor,Elektronik,1,2627000.0,Jl. Diponegoro No. 151,Denpasar,Bali,COD,Shipped,TRK4431039595,7,NONE,Google,0,30000,2657000.0
ORD202185,2024-04-06,C63359,Phone,Elektronik,4,4343000.0,Jl. Sudirman No. 217,Jakarta,Dki Jakarta,QRIS,Pending,TRK5464630321,1,NONE,Tiktok,250000,25000,17147000.0
ORD202186,2024-02-28,C84858,Router,Networking,2,1893000.0,Jl. Mawar No. 166,Medan,Sumatera Utara,Transfer Bank,Returned,TRK2037922154,7,NONE,Facebook,250000,40000,3576000.0
ORD202187,2023-05-23,C36406,Tablet,Elektronik,3,3799000.0,Jl. Sudirman No. 22,Semarang,Jawa Tengah,COD,Pending,TRK1286942473,8,NONE,Tiktok,150000,40000,11287000.0
ORD202188,2023-08-19,C14161,Printer,Elektronik,2,5229000.0,Jl. Diponegoro No. 29,Surabaya,Jawa Timur,COD,Pending,TRK4325778654,2,GRATISONGKIR,Facebook,50000,40000,10448000.0
ORD202189,2023-06-18,C38740,Flash Drive,Storage,1,56000.0,Jl. Diponegoro No. 97,Jakarta,Dki Jakarta,Kartu Kredit,Pending,TRK0144662876,5,HEMAT10,Facebook,0,40000,96000.0
ORD202190,2024-10-18,C41424,Printer,Elektronik,3,2510000.0,Jl. Melati No. 250,Semarang,Jawa Tengah,QRIS,Pending,TRK9469414828,3,GRATISONGKIR,Instagram,150000,40000,7420000.0
ORD202191,2023-01-15,C99235,Router,Networking,4,526000.0,Jl. Mawar No. 131,Semarang,Jawa Tengah,E-Wallet,Returned,TRK2289041199,3,NONE,Instagram,150000,25000,1979000.0
ORD202192,2024-05-03,C79067,Desk,Furniture,3,1233000.0,Jl. Mawar No. 238,Makassar,Sulawesi Selatan,COD,Shipped,TRK9460369429,7,NONE,Website,50000,35000,3684000.0
ORD202193,2023-04-18,C50628,Router,Networking,4,2083000.0,Jl. Melati No. 26,Yogyakarta,Di Yogyakarta,Transfer Bank,Cancelled,TRK9053156317,5,NONE,Website,250000,25000,8107000.0
ORD202194,2023-04-07,C99512,Printer,Elektronik,5,957000.0,Jl. Diponegoro No. 147,Jakarta,Dki Jakarta,E-Wallet,Returned,TRK9762481758,2,MIDYEAR15,Website,0,40000,4825000.0
ORD202196,2024-06-01,C66303,Monitor,Elektronik,2,2580000.0,Jl. Diponegoro No. 7,Balikpapan,Kalimantan Timur,QRIS,Returned,TRK7931805694,5,BELANJA5,Tiktok,100000,15000,5075000.0
ORD202197,2024-06-07,C43251,Tablet,Elektronik,4,5193000.0,Jl. Kenanga No. 124,Medan,Sumatera Utara,Kartu Kredit,Paid,TRK0337572239,8,HEMAT10,Instagram,100000,15000,20687000.0
ORD202198,2023-12-11,C55782,Hdd,Storage,5,3004000.0,Jl. Mawar No. 182,Surabaya,Jawa Timur,COD,Pending,TRK0842051102,1,NONE,Website,0,30000,15050000.0
ORD202199,2023-06-30,C15439,Phone,Elektronik,4,4243000.0,Jl. Melati No. 4,Surabaya,Jawa Timur,Kartu Kredit,Pending,TRK6637768077,2,HEMAT10,Instagram,50000,40000,16962000.0
ORD202200,2024-04-12,C79985,Flash Drive,Storage,2,75000.0,Jl. Sudirman No. 143,Makassar,Sulawesi Selatan,E-Wallet,Paid,TRK9510596210,8,NONE,Instagram,250000,35000,-65000.0
ORD202201,2024-12-05,C39552,Keyboard,Aksesoris,4,1102000.0,Jl. Diponegoro No. 221,Palembang,Sumatera Selatan,Transfer Bank,Delivered,TRK1247272339,1,GRATISONGKIR,Website,0,25000,4433000.0
ORD202202,2023-08-24,C97064,Monitor,Elektronik,3,4663000.0,Jl. Mawar No. 119,Bandung,Jawa Barat,E-Wallet,Pending,TRK0118271149,1,NONE,Referral,50000,20000,13959000.0
ORD202203,2024-06-18,C60828,Mouse,Aksesoris,2,590000.0,Jl. Kenanga No. 85,Jakarta,Dki Jakarta,E-Wallet,Cancelled,TRK4536465429,5,HEMAT10,Referral,0,30000,1210000.0
ORD202205,2024-10-12,C65731,Chair,Furniture,5,1622000.0,Jl. Anggrek No. 224,Balikpapan,Kalimantan Timur,QRIS,Shipped,TRK8149776626,2,BELANJA5,Referral,0,35000,8145000.0
ORD202207,2024-08-26,C72325,Headset,Aksesoris,4,1160000.0,Jl. Mawar No. 98,Yogyakarta,Di Yogyakarta,Transfer Bank,Returned,TRK4756496962,7,GRATISONGKIR,Website,0,25000,4665000.0
ORD202208,2023-09-04,C98057,Mouse,Aksesoris,4,289000.0,Jl. Sudirman No. 168,Semarang,Jawa Tengah,Transfer Bank,Paid,TRK7315379698,6,GRATISONGKIR,Google,150000,20000,1026000.0
ORD202209,2023-11-01,C28672,Webcam,Aksesoris,3,1289000.0,Jl. Sudirman No. 148,Bandung,Jawa Barat,QRIS,Cancelled,TRK3427989732,1,MIDYEAR15,Google,0,15000,3882000.0
ORD202210,2023-06-16,C66845,Keyboard,Aksesoris,3,236000.0,Jl. Melati No. 24,Surabaya,Jawa Timur,QRIS,Pending,TRK8705339861,3,GRATISONGKIR,Instagram,100000,15000,623000.0
ORD202211,2023-05-09,C75883,Hdd,Storage,5,2425000.0,Jl. Sudirman No. 127,Semarang,Jawa Tengah,Unknown,Cancelled,TRK8824306779,4,NONE,Facebook,250000,15000,11890000.0
ORD202213,2024-10-23,C87388,Hdd,Storage,1,2650000.0,Jl. Kenanga No. 24,Makassar,Sulawesi Selatan,QRIS,Pending,TRK7205977819,3,MIDYEAR15,Website,50000,20000,2620000.0
ORD202214,2024-07-14,C83635,Webcam,Aksesoris,4,1412000.0,Jl. Sudirman No. 156,Palembang,Sumatera Selatan,Transfer Bank,Shipped,TRK4264051471,6,NONE,Website,0,15000,5663000.0
ORD202215,2023-08-22,C66802,Router,Networking,5,1881000.0,Jl. Sudirman No. 189,Semarang,Jawa Tengah,Kartu Kredit,Paid,TRK4542972972,2,GRATISONGKIR,Google,250000,40000,9195000.0
ORD202216,2024-11-15,C22768,Keyboard,Aksesoris,1,477000.0,Jl. Melati No. 68,Jakarta,Dki Jakarta,Kartu Kredit,Cancelled,TRK9992802873,4,GRATISONGKIR,Tiktok,150000,20000,347000.0
ORD202217,2024-06-08,C20370,Router,Networking,3,731000.0,Jl. Kenanga No. 2,Balikpapan,Kalimantan Timur,Transfer Bank,Cancelled,TRK7496707214,5,NONE,Facebook,0,30000,2223000.0
ORD202218,2023-06-26,C36715,Phone,Elektronik,2,6102000.0,Jl. Diponegoro No. 230,Medan,Sumatera Utara,E-Wallet,Shipped,TRK1119492597,2,BELANJA5,Facebook,150000,30000,12084000.0
ORD202219,2023-04-27,C68585,Flash Drive,Storage,1,313000.0,Jl. Sudirman No. 250,Jakarta,Dki Jakarta,QRIS,Returned,TRK9331025013,2,MIDYEAR15,Facebook,150000,20000,183000.0
ORD202220,2023-07-07,C78367,Switch,Networking,5,3539000.0,Jl. Sudirman No. 29,Surabaya,Jawa Timur,E-Wallet,Cancelled,TRK8440944200,3,HEMAT10,Referral,100000,20000,17615000.0
ORD202221,2023-07-10,C25456,Desk,Furniture,5,2037000.0,Jl. Anggrek No. 35,Surabaya,Jawa Timur,Kartu Kredit,Pending,TRK4596523437,7,MIDYEAR15,Instagram,50000,25000,10160000.0
ORD202222,2023-07-20,C68824,Chair,Furniture,2,1562000.0,Jl. Mawar No. 149,Denpasar,Bali,COD,Pending,TRK8251718000,7,NONE,Facebook,100000,35000,3059000.0
ORD202223,2023-09-08,C24994,Hdd,Storage,3,621000.0,Jl. Diponegoro No. 250,Bandung,Jawa Barat,E-Wallet,Pending,TRK2497075967,7,GRATISONGKIR,Referral,150000,25000,1738000.0
ORD202224,2023-09-15,C58691,Ssd,Storage,3,483000.0,Jl. Sudirman No. 16,Jakarta,Dki Jakarta,COD,Cancelled,TRK7555746221,1,GRATISONGKIR,Referral,100000,20000,1369000.0
ORD202225,2023-12-01,C44415,Printer,Elektronik,4,4229000.0,Jl. Melati No. 179,Yogyakarta,Di Yogyakarta,Kartu Kredit,Cancelled,TRK4254959151,8,BELANJA5,Google,0,40000,16956000.0
ORD202226,2023-07-24,C26856,Keyboard,Aksesoris,5,301000.0,Jl. Sudirman No. 182,Surabaya,Jawa Timur,Transfer Bank,Delivered,TRK8670179047,4,GRATISONGKIR,Website,100000,15000,1420000.0
ORD202227,2024-01-02,C20738,Ssd,Storage,4,2263000.0,Jl. Sudirman No. 163,Bandung,Jawa Barat,Transfer Bank,Paid,TRK4669240181,6,MIDYEAR15,Google,100000,15000,8967000.0
ORD202228,2024-01-08,C51600,Headset,Aksesoris,5,455000.0,Jl. Sudirman No. 133,Surabaya,Jawa Timur,COD,Cancelled,TRK7792125603,7,HEMAT10,Website,50000,20000,2245000.0
ORD202229,2024-11-22,C29325,Keyboard,Aksesoris,5,707000.0,Jl. Anggrek No. 173,Makassar,Sulawesi Selatan,Transfer Bank,Cancelled,TRK1442057948,7,NONE,Referral,100000,40000,3475000.0
ORD202230,2023-07-03,C90180,Webcam,Aksesoris,1,971000.0,Jl. Diponegoro No. 151,Palembang,Sumatera Selatan,E-Wallet,Shipped,TRK3388084954,1,NONE,Referral,100000,40000,911000.0
ORD202231,2023-08-05,C49869,Router,Networking,1,612000.0,Jl. Sudirman No. 19,Denpasar,Bali,Kartu Kredit,Shipped,TRK2823447050,3,BELANJA5,Website,50000,15000,577000.0
ORD202232,2023-12-15,C34399,Router,Networking,2,2414000.0,Jl. Sudirman No. 210,Balikpapan,Kalimantan Timur,Kartu Kredit,Delivered,TRK0873074571,8,MIDYEAR15,Google,100000,25000,4753000.0
ORD202233,2024-10-13,C58047,Switch,Networking,3,5623000.0,Jl. Kenanga No. 153,Yogyakarta,Di Yogyakarta,Transfer Bank,Cancelled,TRK1798361466,7,BELANJA5,Tiktok,100000,30000,16799000.0
ORD202234,2023-03-16,C63436,Headset,Aksesoris,2,1701000.0,Jl. Sudirman No. 129,Bandung,Jawa Barat,Kartu Kredit,Paid,TRK2509060513,3,HEMAT10,Google,100000,40000,3342000.0
ORD202235,2023-04-30,C54800,Keyboard,Aksesoris,3,418000.0,Jl. Anggrek No. 116,Medan,Sumatera Utara,Transfer Bank,Shipped,TRK3695467193,6,MIDYEAR15,Website,250000,20000,1024000.0
ORD202236,2024-07-19,C33628,Monitor,Elektronik,2,4224000.0,Jl. Diponegoro No. 8,Bandung,Jawa Barat,E-Wallet,Shipped,TRK6196592132,2,NONE,Facebook,100000,40000,8388000.0
ORD202237,2023-11-19,C38952,Desk,Furniture,1,2991000.0,Jl. Diponegoro No. 114,Semarang,Jawa Tengah,Transfer Bank,Paid,TRK1596290916,8,NONE,Facebook,250000,20000,2761000.0
ORD202238,2023-03-21,C84854,Tablet,Elektronik,3,8061000.0,Jl. Melati No. 131,Palembang,Sumatera Selatan,Transfer Bank,Delivered,TRK8493970196,8,NONE,Instagram,50000,25000,24158000.0
ORD202241,2024-12-26,C31326,Printer,Elektronik,5,5161000.0,Jl. Kenanga No. 242,Semarang,Jawa Tengah,E-Wallet,Cancelled,TRK7246833043,2,NONE,Google,100000,30000,25735000.0
ORD202242,2024-09-27,C40872,Desk,Furniture,3,1940000.0,Jl. Anggrek No. 244,Surabaya,Jawa Timur,Unknown,Cancelled,TRK0790928339,3,GRATISONGKIR,Google,0,20000,5840000.0
ORD202243,2023-05-04,C99570,Ssd,Storage,2,1363000.0,Jl. Anggrek No. 153,Surabaya,Jawa Timur,QRIS,Delivered,TRK9944820896,3,NONE,Website,0,40000,2766000.0
ORD202245,2023-02-22,C19033,Monitor,Elektronik,2,3381000.0,Jl. Diponegoro No. 227,Semarang,Jawa Tengah,Kartu Kredit,Shipped,TRK4333593451,7,HEMAT10,Referral,250000,25000,6537000.0
ORD202248,2023-12-05,C79170,Flash Drive,Storage,5,307000.0,Jl. Mawar No. 74,Semarang,Jawa Tengah,Transfer Bank,Paid,TRK4592483951,8,GRATISONGKIR,Referral,100000,20000,1455000.0
ORD202249,2024-05-05,C46920,Tablet,Elektronik,5,7358000.0,Jl. Sudirman No. 245,Medan,Sumatera Utara,Kartu Kredit,Delivered,TRK9141310127,6,GRATISONGKIR,Google,100000,20000,36710000.0
ORD202250,2024-05-18,C64652,Ssd,Storage,5,1259000.0,Jl. Sudirman No. 239,Yogyakarta,Di Yogyakarta,COD,Cancelled,TRK1782340653,8,GRATISONGKIR,Google,50000,40000,6285000.0
ORD202251,2024-03-12,C77043,Ssd,Storage,3,2081000.0,Jl. Anggrek No. 120,Yogyakarta,Di Yogyakarta,E-Wallet,Delivered,TRK4587160934,8,NONE,Tiktok,50000,35000,6228000.0
ORD202252,2023-03-15,C40257,Ssd,Storage,3,1284000.0,Jl. Mawar No. 7,Bandung,Jawa Barat,QRIS,Returned,TRK3061768458,3,BELANJA5,Google,50000,15000,3817000.0
ORD202254,2024-03-01,C53689,Mouse,Aksesoris,5,456000.0,Jl. Mawar No. 250,Semarang,Jawa Tengah,E-Wallet,Cancelled,TRK6451477167,5,NONE,Referral,50000,15000,2245000.0
ORD202255,2023-03-07,C59950,Ssd,Storage,1,1479000.0,Jl. Diponegoro No. 241,Surabaya,Jawa Timur,E-Wallet,Shipped,TRK7293957529,8,NONE,Website,0,30000,1509000.0
ORD202256,2023-05-22,C25978,Keyboard,Aksesoris,5,986000.0,Jl. Kenanga No. 180,Jakarta,Dki Jakarta,Kartu Kredit,Pending,TRK1478608486,7,MIDYEAR15,Tiktok,150000,40000,4820000.0
ORD202258,2024-05-22,C20667,Monitor,Elektronik,2,2161000.0,Jl. Anggrek No. 81,Yogyakarta,Di Yogyakarta,Transfer Bank,Delivered,TRK4077131418,1,NONE,Facebook,250000,20000,4092000.0
ORD202259,2023-04-30,C34813,Chair,Furniture,5,1698000.0,Jl. Diponegoro No. 163,Yogyakarta,Di Yogyakarta,QRIS,Delivered,TRK8102886084,1,NONE,Facebook,50000,40000,8480000.0
ORD202260,2023-01-26,C17131,Router,Networking,3,1934000.0,Jl. Kenanga No. 186,Balikpapan,Kalimantan Timur,Kartu Kredit,Returned,TRK6956771532,3,NONE,Google,250000,20000,5572000.0
ORD202261,2024-08-06,C53093,Switch,Networking,2,6653000.0,Jl. Mawar No. 239,Balikpapan,Kalimantan Timur,E-Wallet,Delivered,TRK5471200641,6,NONE,Facebook,0,40000,13346000.0
ORD202262,2024-03-04,C50939,Ssd,Storage,5,2146000.0,Jl. Kenanga No. 61,Semarang,Jawa Tengah,Kartu Kredit,Shipped,TRK5326018902,6,NONE,Facebook,150000,15000,10595000.0
ORD202263,2024-01-24,C40082,Printer,Elektronik,1,1329000.0,Jl. Kenanga No. 154,Denpasar,Bali,QRIS,Pending,TRK1009261161,1,BELANJA5,Tiktok,50000,15000,1294000.0
ORD202264,2024-05-01,C40258,Keyboard,Aksesoris,3,958000.0,Jl. Kenanga No. 202,Medan,Sumatera Utara,COD,Returned,TRK1975699572,1,NONE,Facebook,50000,40000,2864000.0
ORD202265,2024-01-05,C16321,Headset,Aksesoris,3,605000.0,Jl. Anggrek No. 191,Semarang,Jawa Tengah,E-Wallet,Shipped,TRK8758570751,1,GRATISONGKIR,Website,150000,15000,1680000.0
ORD202266,2024-07-21,C28632,Ssd,Storage,4,2221000.0,Jl. Kenanga No. 139,Bandung,Jawa Barat,Transfer Bank,Returned,TRK4598858156,2,HEMAT10,Instagram,150000,40000,8774000.0
ORD202267,2023-02-01,C92780,Chair,Furniture,1,1552000.0,Jl. Mawar No. 137,Medan,Sumatera Utara,Transfer Bank,Shipped,TRK3078471037,4,NONE,Website,0,15000,1567000.0
ORD202268,2024-08-07,C40824,Flash Drive,Storage,4,338000.0,Jl. Diponegoro No. 95,Balikpapan,Kalimantan Timur,Transfer Bank,Returned,TRK4464728412,4,NONE,Instagram,250000,30000,1132000.0
ORD202269,2024-11-09,C29734,Webcam,Aksesoris,1,971000.0,Jl. Sudirman No. 55,Semarang,Jawa Tengah,Transfer Bank,Cancelled,TRK8837613800,3,NONE,Facebook,50000,30000,951000.0
ORD202270,2024-09-10,C22296,Printer,Elektronik,3,4608000.0,Jl. Diponegoro No. 24,Makassar,Sulawesi Selatan,Unknown,Cancelled,TRK3132535474,5,MIDYEAR15,Instagram,150000,40000,13714000.0
ORD202271,2024-08-01,C42818,Flash Drive,Storage,5,307000.0,Jl. Diponegoro No. 153,Yogyakarta,Di Yogyakarta,Transfer Bank,Paid,TRK4149407809,5,HEMAT10,Website,100000,15000,1450000.0
ORD202272,2023-05-02,C76478,Switch,Networking,5,5938000.0,Jl. Diponegoro No. 107,Balikpapan,Kalimantan Timur,Kartu Kredit,Returned,TRK6976710412,4,BELANJA5,Facebook,100000,15000,29605000.0
ORD202275,2023-04-29,C69787,Router,Networking,4,1502000.0,Jl. Melati No. 231,Bandung,Jawa Barat,COD,Paid,TRK4238172508,5,MIDYEAR15,Tiktok,50000,40000,5998000.0
ORD202277,2023-03-07,C90549,Headset,Aksesoris,2,1490000.0,Jl. Diponegoro No. 159,Denpasar,Bali,COD,Pending,TRK8799041811,3,NONE,Facebook,50000,20000,2950000.0
ORD202279,2023-10-29,C63673,Flash Drive,Storage,4,216000.0,Jl. Kenanga No. 30,Makassar,Sulawesi Selatan,QRIS,Returned,TRK2649418264,2,MIDYEAR15,Referral,250000,25000,639000.0
ORD202280,2024-05-10,C32693,Flash Drive,Storage,3,427000.0,Jl. Anggrek No. 2,Jakarta,Dki Jakarta,Kartu Kredit,Cancelled,TRK6274359883,4,GRATISONGKIR,Facebook,50000,15000,1246000.0
ORD202282,2024-05-21,C66157,Hdd,Storage,1,575000.0,Jl. Mawar No. 2,Jakarta,Dki Jakarta,COD,Delivered,TRK6021855167,1,HEMAT10,Instagram,100000,20000,495000.0
ORD202283,2023-12-22,C40541,Tablet,Elektronik,3,5753000.0,Jl. Mawar No. 83,Palembang,Sumatera Selatan,Kartu Kredit,Returned,TRK7481092343,2,NONE,Instagram,100000,15000,17174000.0
ORD202284,2024-02-07,C95273,Monitor,Elektronik,5,1696000.0,Jl. Melati No. 149,Jakarta,Dki Jakarta,Unknown,Paid,TRK7284195799,8,GRATISONGKIR,Website,250000,25000,8255000.0
ORD202285,2024-05-30,C70171,Printer,Elektronik,4,5141000.0,Jl. Kenanga No. 98,Balikpapan,Kalimantan Timur,Transfer Bank,Shipped,TRK7465032559,6,NONE,Website,50000,20000,20534000.0
ORD202286,2024-05-30,C57201,Tablet,Elektronik,2,5585000.0,Jl. Mawar No. 143,Denpasar,Bali,Kartu Kredit,Pending,TRK1364634942,3,NONE,Google,150000,35000,11055000.0
ORD202287,2024-03-03,C86171,Printer,Elektronik,3,4754000.0,Jl. Sudirman No. 208,Jakarta,Dki Jakarta,E-Wallet,Delivered,TRK0590253798,7,MIDYEAR15,Instagram,50000,35000,14247000.0
ORD202288,2024-06-29,C32174,Monitor,Elektronik,2,2227000.0,Jl. Diponegoro No. 30,Surabaya,Jawa Timur,Transfer Bank,Returned,TRK3947571000,3,BELANJA5,Facebook,0,15000,4469000.0
ORD202289,2024-11-25,C75451,Webcam,Aksesoris,4,1263000.0,Jl. Sudirman No. 200,Semarang,Jawa Tengah,COD,Delivered,TRK2638088803,1,NONE,Website,100000,40000,4992000.0
ORD202290,2024-04-23,C88927,Hdd,Storage,2,1407000.0,Jl. Anggrek No. 66,Medan,Sumatera Utara,Transfer Bank,Delivered,TRK9077611816,1,HEMAT10,Google,150000,35000,2699000.0
ORD202291,2024-12-28,C28893,Router,Networking,3,1825000.0,Jl. Anggrek No. 188,Medan,Sumatera Utara,Transfer Bank,Shipped,TRK9702701275,3,MIDYEAR15,Website,150000,15000,5340000.0
ORD202292,2024-10-08,C96814,Headset,Aksesoris,2,371000.0,Jl. Diponegoro No. 159,Medan,Sumatera Utara,Transfer Bank,Cancelled,TRK9465549734,3,NONE,Referral,250000,15000,507000.0
ORD202293,2024-06-06,C46762,Mouse,Aksesoris,4,559000.0,Jl. Kenanga No. 40,Surabaya,Jawa Timur,E-Wallet,Cancelled,TRK6584143043,7,GRATISONGKIR,Tiktok,100000,35000,2171000.0
ORD202294,2023-10-08,C76940,Headset,Aksesoris,4,967000.0,Jl. Sudirman No. 112,Palembang,Sumatera Selatan,E-Wallet,Pending,TRK2771922574,1,MIDYEAR15,Tiktok,50000,15000,3833000.0
ORD202295,2023-07-04,C95387,Hdd,Storage,5,2732000.0,Jl. Melati No. 74,Bandung,Jawa Barat,COD,Shipped,TRK5210912952,4,BELANJA5,Instagram,150000,25000,13535000.0
ORD202296,2023-01-20,C16380,Printer,Elektronik,5,2729000.0,Jl. Diponegoro No. 21,Yogyakarta,Di Yogyakarta,E-Wallet,Cancelled,TRK5789007734,8,GRATISONGKIR,Referral,100000,15000,13560000.0
ORD202297,2023-01-29,C93968,Switch,Networking,3,3506000.0,Jl. Mawar No. 190,Semarang,Jawa Tengah,Transfer Bank,Paid,TRK4860365646,1,HEMAT10,Website,150000,15000,10383000.0
ORD202298,2024-12-01,C20289,Tablet,Elektronik,5,6807000.0,Jl. Melati No. 238,Makassar,Sulawesi Selatan,E-Wallet,Delivered,TRK7659172965,6,MIDYEAR15,Website,0,20000,34055000.0
ORD202299,2024-07-08,C64025,Router,Networking,5,1332000.0,Jl. Kenanga No. 204,Makassar,Sulawesi Selatan,COD,Shipped,TRK4852815531,3,NONE,Website,100000,35000,6595000.0
ORD202301,2023-03-18,C61824,Printer,Elektronik,3,989000.0,Jl. Kenanga No. 7,Medan,Sumatera Utara,COD,Delivered,TRK8892925231,6,NONE,Instagram,250000,20000,2737000.0
ORD202302,2023-05-17,C72516,Webcam,Aksesoris,4,312000.0,Jl. Mawar No. 22,Bandung,Jawa Barat,Transfer Bank,Delivered,TRK4951679377,5,MIDYEAR15,Website,250000,30000,1028000.0
ORD202304,2023-01-11,C17708,Printer,Elektronik,2,4628000.0,Jl. Melati No. 123,Unknown,Jawa Timur,COD,Returned,TRK7248787248,4,MIDYEAR15,Website,50000,25000,9231000.0
ORD202306,2024-09-15,C57061,Mouse,Aksesoris,2,512000.0,Jl. Mawar No. 52,Denpasar,Bali,Transfer Bank,Cancelled,TRK6596980659,4,GRATISONGKIR,Website,250000,40000,814000.0
ORD202307,2024-07-15,C85473,Desk,Furniture,2,2082000.0,Jl. Diponegoro No. 172,Semarang,Jawa Tengah,Transfer Bank,Cancelled,TRK9952923412,3,NONE,Instagram,250000,15000,3929000.0
ORD202308,2023-04-16,C45464,Laptop,Elektronik,1,8548000.0,Jl. Sudirman No. 36,Denpasar,Bali,QRIS,Pending,TRK5578421148,2,HEMAT10,Tiktok,100000,25000,8473000.0
ORD202310,2024-10-22,C81783,Printer,Elektronik,4,3001000.0,Jl. Mawar No. 21,Unknown,Sulawesi Selatan,E-Wallet,Shipped,TRK9465310720,7,HEMAT10,Website,0,15000,12019000.0
ORD202311,2024-07-06,C50327,Monitor,Elektronik,3,3151000.0,Jl. Anggrek No. 127,Jakarta,Dki Jakarta,COD,Returned,TRK8174296297,7,MIDYEAR15,Instagram,150000,40000,9343000.0
ORD202312,2023-06-08,C42893,Mouse,Aksesoris,1,529000.0,Jl. Melati No. 228,Denpasar,Bali,QRIS,Cancelled,TRK4047766192,2,HEMAT10,Google,100000,15000,444000.0
ORD202313,2024-06-09,C20985,Printer,Elektronik,3,4094000.0,Jl. Diponegoro No. 202,Jakarta,Dki Jakarta,QRIS,Pending,TRK7311971836,1,MIDYEAR15,Instagram,0,15000,12297000.0
ORD202314,2023-12-21,C32702,Mouse,Aksesoris,3,409000.0,Jl. Diponegoro No. 172,Palembang,Sumatera Selatan,Transfer Bank,Returned,TRK2407588850,4,BELANJA5,Facebook,150000,30000,1107000.0
ORD202315,2023-07-12,C40381,Keyboard,Aksesoris,1,410000.0,Jl. Sudirman No. 2,Semarang,Jawa Tengah,QRIS,Returned,TRK2163554543,7,BELANJA5,Google,0,15000,425000.0
ORD202316,2023-05-13,C87739,Desk,Furniture,1,2703000.0,Jl. Anggrek No. 23,Bandung,Jawa Barat,QRIS,Delivered,TRK9363771482,8,HEMAT10,Tiktok,0,15000,2718000.0
ORD202317,2023-12-02,C30189,Monitor,Elektronik,5,2644000.0,Jl. Mawar No. 225,Surabaya,Jawa Timur,COD,Delivered,TRK5022000674,8,MIDYEAR15,Google,150000,30000,13100000.0
ORD202318,2024-05-26,C61863,Flash Drive,Storage,2,223000.0,Jl. Kenanga No. 72,Balikpapan,Kalimantan Timur,E-Wallet,Pending,TRK2145877506,4,NONE,Tiktok,250000,35000,231000.0
ORD202319,2023-03-27,C65595,Chair,Furniture,1,2981000.0,Jl. Kenanga No. 35,Makassar,Sulawesi Selatan,QRIS,Delivered,TRK7005232728,6,BELANJA5,Facebook,250000,40000,2771000.0
ORD202320,2024-03-29,C11030,Monitor,Elektronik,1,4816000.0,Jl. Kenanga No. 171,Yogyakarta,Di Yogyakarta,Kartu Kredit,Cancelled,TRK4777153167,5,MIDYEAR15,Referral,0,20000,4836000.0
ORD202321,2024-01-03,C12917,Printer,Elektronik,3,3262500.0,Jl. Kenanga No. 241,Semarang,Jawa Tengah,Transfer Bank,Returned,TRK3058500956,8,NONE,Instagram,50000,25000,9762500.0
ORD202323,2023-11-04,C25523,Hdd,Storage,3,1939000.0,Jl. Melati No. 220,Balikpapan,Kalimantan Timur,Kartu Kredit,Shipped,TRK2178576023,2,GRATISONGKIR,Instagram,250000,15000,5582000.0
ORD202324,2023-05-25,C61150,Chair,Furniture,5,1698000.0,Jl. Melati No. 80,Balikpapan,Kalimantan Timur,Transfer Bank,Cancelled,TRK9127116808,1,GRATISONGKIR,Google,150000,15000,8355000.0
ORD202325,2024-12-03,C99033,Phone,Elektronik,3,5822000.0,Jl. Melati No. 31,Medan,Sumatera Utara,E-Wallet,Pending,TRK9614852848,2,NONE,Instagram,0,35000,17501000.0
ORD202326,2024-07-23,C90388,Phone,Elektronik,3,3111000.0,Jl. Sudirman No. 188,Denpasar,Bali,E-Wallet,Paid,TRK8848668534,8,MIDYEAR15,Tiktok,250000,30000,9113000.0
ORD202328,2023-10-17,C88531,Ssd,Storage,3,355000.0,Jl. Sudirman No. 93,Medan,Sumatera Utara,Kartu Kredit,Cancelled,TRK6126290461,3,NONE,Google,150000,15000,930000.0
ORD202329,2023-02-03,C74904,Chair,Furniture,1,1057000.0,Jl. Melati No. 225,Bandung,Jawa Barat,QRIS,Shipped,TRK0206859195,8,NONE,Google,250000,15000,822000.0
ORD202330,2024-12-11,C65513,Printer,Elektronik,1,1771000.0,Jl. Melati No. 142,Semarang,Jawa Tengah,Transfer Bank,Returned,TRK3197462891,2,HEMAT10,Google,250000,25000,1546000.0
ORD202331,2024-05-31,C79442,Mouse,Aksesoris,5,537000.0,Jl. Anggrek No. 163,Medan,Sumatera Utara,Transfer Bank,Paid,TRK5384020247,3,NONE,Facebook,250000,40000,2475000.0
ORD202332,2024-03-08,C13136,Printer,Elektronik,3,3262500.0,Jl. Kenanga No. 139,Makassar,Sulawesi Selatan,Unknown,Shipped,TRK4749012438,1,MIDYEAR15,Google,250000,40000,9577500.0
ORD202333,2023-07-23,C98810,Desk,Furniture,2,1768000.0,Jl. Kenanga No. 40,Surabaya,Jawa Timur,QRIS,Paid,TRK3582674926,8,BELANJA5,Website,150000,15000,3401000.0
ORD202334,2023-07-15,C43811,Headset,Aksesoris,1,493000.0,Jl. Sudirman No. 231,Balikpapan,Kalimantan Timur,QRIS,Cancelled,TRK6255566462,7,BELANJA5,Website,0,15000,508000.0
ORD202335,2023-10-17,C95269,Headset,Aksesoris,3,804000.0,Jl. Mawar No. 5,Makassar,Sulawesi Selatan,Transfer Bank,Returned,TRK8545935576,6,HEMAT10,Facebook,50000,15000,2377000.0
ORD202336,2024-09-21,C81643,Chair,Furniture,2,1204000.0,Jl. Mawar No. 125,Yogyakarta,Di Yogyakarta,Kartu Kredit,Delivered,TRK9797627957,8,HEMAT10,Website,250000,40000,2198000.0
ORD202338,2024-12-04,C64900,Webcam,Aksesoris,4,1457000.0,Jl. Anggrek No. 249,Yogyakarta,Di Yogyakarta,COD,Shipped,TRK1080262289,6,MIDYEAR15,Google,0,30000,5858000.0
ORD202340,2023-05-23,C13207,Keyboard,Aksesoris,2,589000.0,Jl. Kenanga No. 156,Surabaya,Jawa Timur,Transfer Bank,Delivered,TRK1729109169,4,BELANJA5,Tiktok,0,15000,1193000.0
ORD202341,2024-10-23,C30226,Chair,Furniture,5,1365000.0,Jl. Anggrek No. 210,Makassar,Sulawesi Selatan,COD,Shipped,TRK0075585039,4,MIDYEAR15,Google,150000,40000,6715000.0
ORD202342,2024-12-01,C11859,Switch,Networking,2,3171000.0,Jl. Anggrek No. 47,Jakarta,Dki Jakarta,COD,Pending,TRK2291211401,8,MIDYEAR15,Tiktok,100000,25000,6267000.0
ORD202343,2023-01-27,C83747,Hdd,Storage,5,1181000.0,Jl. Mawar No. 41,Semarang,Jawa Tengah,Transfer Bank,Delivered,TRK7900040925,1,GRATISONGKIR,Referral,100000,20000,5825000.0
ORD202344,2024-12-28,C68240,Router,Networking,4,1684000.0,Jl. Sudirman No. 84,Jakarta,Dki Jakarta,E-Wallet,Delivered,TRK3587098954,7,GRATISONGKIR,Facebook,250000,35000,6521000.0
ORD202345,2023-09-11,C64478,Printer,Elektronik,4,4584000.0,Jl. Sudirman No. 218,Jakarta,Dki Jakarta,Transfer Bank,Paid,TRK3195668546,6,MIDYEAR15,Website,150000,25000,18211000.0
ORD202346,2023-08-22,C42430,Keyboard,Aksesoris,3,353000.0,Jl. Diponegoro No. 17,Makassar,Sulawesi Selatan,COD,Pending,TRK4696241641,6,NONE,Facebook,100000,35000,994000.0
ORD202347,2023-04-23,C38338,Flash Drive,Storage,1,222000.0,Jl. Diponegoro No. 231,Jakarta,Dki Jakarta,E-Wallet,Pending,TRK4037213758,8,BELANJA5,Website,250000,20000,-8000.0
ORD202348,2023-07-31,C80270,Webcam,Aksesoris,3,1716000.0,Jl. Melati No. 229,Medan,Sumatera Utara,E-Wallet,Pending,TRK0688852677,4,HEMAT10,Instagram,150000,25000,5023000.0
ORD202349,2024-04-20,C78097,Webcam,Aksesoris,1,1783000.0,Jl. Kenanga No. 175,Jakarta,Dki Jakarta,QRIS,Shipped,TRK4730684926,8,GRATISONGKIR,Tiktok,100000,20000,1703000.0
ORD202350,2024-02-08,C88929,Monitor,Elektronik,2,3262000.0,Jl. Mawar No. 27,Yogyakarta,Di Yogyakarta,Kartu Kredit,Cancelled,TRK4933869472,4,HEMAT10,Facebook,100000,20000,6444000.0
ORD202351,2024-06-09,C22611,Hdd,Storage,4,1021000.0,Jl. Kenanga No. 163,Surabaya,Jawa Timur,Kartu Kredit,Paid,TRK7784763250,8,BELANJA5,Referral,0,35000,4119000.0
ORD202353,2023-07-28,C54567,Webcam,Aksesoris,1,1248000.0,Jl. Sudirman No. 116,Palembang,Sumatera Selatan,Transfer Bank,Paid,TRK5808974160,4,NONE,Instagram,250000,25000,1023000.0
ORD202354,2024-11-29,C51731,Printer,Elektronik,3,3262500.0,Jl. Diponegoro No. 113,Makassar,Sulawesi Selatan,Kartu Kredit,Pending,TRK9698734703,8,NONE,Tiktok,150000,40000,9677500.0
ORD202355,2024-08-11,C37294,Headset,Aksesoris,3,967000.0,Jl. Kenanga No. 13,Makassar,Sulawesi Selatan,COD,Delivered,TRK6700218457,6,MIDYEAR15,Tiktok,50000,25000,2876000.0
ORD202356,2024-02-18,C60106,Switch,Networking,2,3875000.0,Jl. Kenanga No. 103,Palembang,Sumatera Selatan,E-Wallet,Shipped,TRK6551048963,6,NONE,Website,100000,20000,7670000.0
ORD202357,2023-09-18,C40274,Tablet,Elektronik,3,4442000.0,Jl. Melati No. 168,Semarang,Jawa Tengah,Transfer Bank,Shipped,TRK9904446519,4,NONE,Google,50000,15000,13291000.0
ORD202359,2024-01-06,C47791,Webcam,Aksesoris,2,429000.0,Jl. Kenanga No. 100,Makassar,Sulawesi Selatan,Transfer Bank,Pending,TRK2728256231,5,GRATISONGKIR,Instagram,150000,15000,723000.0
ORD202360,2023-07-11,C66824,Headset,Aksesoris,4,760000.0,Jl. Melati No. 143,Palembang,Sumatera Selatan,QRIS,Returned,TRK5675542277,2,NONE,Google,50000,25000,3015000.0
ORD202362,2023-12-30,C14136,Printer,Elektronik,3,2560000.0,Jl. Melati No. 240,Bandung,Jawa Barat,Transfer Bank,Shipped,TRK9447127082,4,BELANJA5,Instagram,0,40000,7720000.0
ORD202363,2023-10-04,C57335,Webcam,Aksesoris,3,971000.0,Jl. Melati No. 119,Yogyakarta,Di Yogyakarta,Transfer Bank,Cancelled,TRK2499835013,7,MIDYEAR15,Instagram,50000,30000,2893000.0
ORD202364,2024-04-07,C94659,Mouse,Aksesoris,2,439000.0,Jl. Anggrek No. 86,Balikpapan,Kalimantan Timur,Transfer Bank,Shipped,TRK7152823402,8,GRATISONGKIR,Referral,150000,40000,768000.0
ORD202365,2024-04-15,C44731,Chair,Furniture,1,2982000.0,Jl. Diponegoro No. 219,Bandung,Jawa Barat,QRIS,Delivered,TRK9351080963,1,GRATISONGKIR,Website,50000,20000,2952000.0
ORD202366,2024-06-01,C10243,Headset,Aksesoris,2,303000.0,Jl. Diponegoro No. 248,Balikpapan,Kalimantan Timur,Kartu Kredit,Returned,TRK5634129774,8,NONE,Instagram,150000,35000,491000.0
ORD202368,2023-12-11,C48693,Mouse,Aksesoris,5,217000.0,Jl. Diponegoro No. 196,Balikpapan,Kalimantan Timur,Kartu Kredit,Returned,TRK0521665796,3,GRATISONGKIR,Website,150000,25000,960000.0
ORD202369,2024-01-08,C97708,Keyboard,Aksesoris,1,992000.0,Jl. Kenanga No. 81,Palembang,Sumatera Selatan,Kartu Kredit,Paid,TRK5018783479,7,GRATISONGKIR,Website,250000,25000,767000.0
ORD202370,2024-02-04,C87953,Flash Drive,Storage,4,209000.0,Jl. Diponegoro No. 66,Jakarta,Dki Jakarta,Unknown,Delivered,TRK5688183646,3,NONE,Website,50000,35000,821000.0
ORD202371,2023-04-13,C21537,Keyboard,Aksesoris,5,339000.0,Jl. Anggrek No. 69,Makassar,Sulawesi Selatan,E-Wallet,Cancelled,TRK2188185846,2,BELANJA5,Website,0,40000,1735000.0
ORD202372,2023-01-06,C93425,Switch,Networking,3,2570000.0,Jl. Kenanga No. 128,Denpasar,Bali,COD,Shipped,TRK3249073196,2,NONE,Website,100000,40000,7650000.0
ORD202373,2023-12-05,C66865,Tablet,Elektronik,4,4699000.0,Jl. Kenanga No. 206,Palembang,Sumatera Selatan,Transfer Bank,Pending,TRK9115444607,4,NONE,Referral,50000,20000,18766000.0
ORD202374,2023-06-08,C55540,Router,Networking,5,1427000.0,Jl. Mawar No. 162,Jakarta,Dki Jakarta,E-Wallet,Delivered,TRK2391047489,7,NONE,Referral,250000,35000,6920000.0
ORD202375,2024-06-09,C95985,Monitor,Elektronik,5,3963000.0,Jl. Melati No. 209,Jakarta,Dki Jakarta,COD,Shipped,TRK0750282790,3,NONE,Referral,150000,20000,19685000.0
ORD202376,2023-09-30,C66991,Webcam,Aksesoris,2,1143000.0,Jl. Mawar No. 94,Makassar,Sulawesi Selatan,Transfer Bank,Cancelled,TRK5468770638,8,NONE,Tiktok,250000,20000,2056000.0
ORD202377,2024-07-20,C47696,Keyboard,Aksesoris,3,210000.0,Jl. Mawar No. 130,Denpasar,Bali,E-Wallet,Shipped,TRK0691982957,7,NONE,Referral,50000,20000,600000.0
ORD202378,2024-11-13,C96095,Printer,Elektronik,2,1143000.0,Jl. Diponegoro No. 20,Palembang,Sumatera Selatan,Kartu Kredit,Cancelled,TRK3596964874,6,GRATISONGKIR,Instagram,0,15000,2301000.0
ORD202379,2023-04-18,C40451,Chair,Furniture,5,923000.0,Jl. Sudirman No. 142,Palembang,Sumatera Selatan,COD,Pending,TRK4298100873,5,HEMAT10,Website,250000,25000,4390000.0
ORD202380,2023-12-04,C45321,Router,Networking,1,1790000.0,Jl. Sudirman No. 176,Medan,Sumatera Utara,QRIS,Shipped,TRK1973096381,3,HEMAT10,Tiktok,0,25000,1815000.0
ORD202381,2023-12-12,C12112,Chair,Furniture,3,2351000.0,Jl. Diponegoro No. 1,Palembang,Sumatera Selatan,Unknown,Shipped,TRK0158153346,7,NONE,Google,0,30000,7083000.0
ORD202382,2023-10-11,C83465,Switch,Networking,4,3729000.0,Jl. Sudirman No. 42,Surabaya,Jawa Timur,Kartu Kredit,Cancelled,TRK2507314701,7,BELANJA5,Tiktok,250000,30000,14696000.0
ORD202383,2024-10-01,C83284,Desk,Furniture,5,1172000.0,Jl. Melati No. 108,Medan,Sumatera Utara,QRIS,Cancelled,TRK1413454897,5,GRATISONGKIR,Website,0,35000,5895000.0
ORD202384,2023-09-19,C75426,Tablet,Elektronik,3,6554000.0,Jl. Anggrek No. 163,Medan,Sumatera Utara,QRIS,Delivered,TRK7819166565,6,MIDYEAR15,Tiktok,150000,25000,19537000.0
ORD202385,2023-06-29,C17966,Hdd,Storage,1,2174000.0,Jl. Kenanga No. 248,Makassar,Sulawesi Selatan,E-Wallet,Cancelled,TRK7374468094,1,BELANJA5,Tiktok,150000,40000,2064000.0
ORD202387,2023-04-26,C20203,Router,Networking,5,1519000.0,Jl. Mawar No. 205,Makassar,Sulawesi Selatan,E-Wallet,Returned,TRK3124192349,5,HEMAT10,Referral,100000,25000,7520000.0
ORD202390,2024-02-03,C69425,Headset,Aksesoris,3,1597000.0,Jl. Sudirman No. 73,Denpasar,Bali,COD,Pending,TRK3995390414,1,GRATISONGKIR,Website,0,20000,4811000.0
ORD202391,2023-02-13,C74148,Router,Networking,3,1562000.0,Jl. Diponegoro No. 14,Semarang,Jawa Tengah,Transfer Bank,Paid,TRK1283304285,4,NONE,Facebook,250000,15000,4451000.0
ORD202392,2024-05-19,C37143,Switch,Networking,5,6569000.0,Jl. Melati No. 130,Semarang,Jawa Tengah,Kartu Kredit,Delivered,TRK5610572851,3,NONE,Tiktok,50000,40000,32835000.0
ORD202393,2024-10-28,C59124,Monitor,Elektronik,5,4038000.0,Jl. Kenanga No. 126,Jakarta,Dki Jakarta,E-Wallet,Cancelled,TRK6040364503,5,GRATISONGKIR,Google,50000,35000,20175000.0
ORD202394,2024-09-17,C51604,Router,Networking,1,1466000.0,Jl. Kenanga No. 186,Makassar,Sulawesi Selatan,QRIS,Returned,TRK2798375763,3,MIDYEAR15,Facebook,150000,30000,1346000.0
ORD202395,2023-05-29,C89919,Monitor,Elektronik,1,1710000.0,Jl. Anggrek No. 224,Denpasar,Bali,QRIS,Cancelled,TRK8210997496,7,NONE,Facebook,50000,15000,1675000.0
ORD202396,2023-08-09,C60009,Keyboard,Aksesoris,1,1037000.0,Jl. Anggrek No. 13,Yogyakarta,Di Yogyakarta,Kartu Kredit,Cancelled,TRK3027339879,8,HEMAT10,Website,150000,35000,922000.0
ORD202397,2023-05-07,C22352,Hdd,Storage,3,1936000.0,Jl. Mawar No. 58,Semarang,Jawa Tengah,Transfer Bank,Shipped,TRK1725210123,3,NONE,Tiktok,100000,30000,5738000.0
ORD202398,2024-12-22,C48721,Hdd,Storage,5,3443000.0,Jl. Melati No. 75,Denpasar,Bali,Transfer Bank,Shipped,TRK6924860741,5,BELANJA5,Referral,150000,35000,17100000.0
ORD202400,2024-12-26,C36826,Desk,Furniture,1,2942000.0,Jl. Mawar No. 88,Jakarta,Dki Jakarta,E-Wallet,Delivered,TRK2395085374,5,GRATISONGKIR,Facebook,150000,30000,2822000.0
ORD202401,2023-04-03,C64828,Hdd,Storage,1,1134000.0,Jl. Sudirman No. 176,Jakarta,Dki Jakarta,Transfer Bank,Shipped,TRK5346417754,5,MIDYEAR15,Referral,150000,20000,1004000.0
ORD202402,2023-07-25,C65129,Router,Networking,3,389000.0,Jl. Melati No. 77,Bandung,Jawa Barat,E-Wallet,Pending,TRK4972320509,1,HEMAT10,Tiktok,150000,40000,1057000.0
ORD202403,2024-03-12,C77993,Keyboard,Aksesoris,2,454000.0,Jl. Kenanga No. 105,Palembang,Sumatera Selatan,E-Wallet,Shipped,TRK4054047598,6,HEMAT10,Facebook,250000,25000,683000.0
ORD202404,2023-08-17,C25230,Monitor,Elektronik,4,2973000.0,Jl. Mawar No. 244,Palembang,Sumatera Selatan,QRIS,Shipped,TRK1319664936,2,MIDYEAR15,Tiktok,50000,30000,11872000.0
ORD202405,2023-09-08,C85475,Router,Networking,1,1823000.0,Jl. Mawar No. 99,Bandung,Jawa Barat,COD,Paid,TRK4607914308,6,HEMAT10,Tiktok,50000,30000,1803000.0
ORD202406,2023-09-15,C40311,Monitor,Elektronik,1,2060000.0,Jl. Diponegoro No. 12,Surabaya,Jawa Timur,Kartu Kredit,Delivered,TRK8340083322,5,HEMAT10,Website,250000,40000,1850000.0
ORD202407,2024-01-31,C43083,Desk,Furniture,4,1199000.0,Jl. Mawar No. 173,Makassar,Sulawesi Selatan,E-Wallet,Returned,TRK8668197511,8,MIDYEAR15,Website,0,20000,4816000.0
ORD202408,2024-10-16,C66104,Tablet,Elektronik,4,3694000.0,Jl. Diponegoro No. 238,Medan,Sumatera Utara,QRIS,Shipped,TRK3515037171,6,NONE,Website,50000,20000,14746000.0
ORD202409,2023-03-08,C37677,Flash Drive,Storage,4,97000.0,Jl. Diponegoro No. 107,Medan,Sumatera Utara,QRIS,Returned,TRK1706828660,4,HEMAT10,Instagram,50000,35000,373000.0
ORD202410,2023-08-02,C68886,Headset,Aksesoris,5,546000.0,Jl. Mawar No. 236,Bandung,Jawa Barat,Kartu Kredit,Returned,TRK8070049558,4,GRATISONGKIR,Facebook,100000,25000,2655000.0
ORD202411,2023-09-30,C83859,Headset,Aksesoris,2,550000.0,Jl. Anggrek No. 144,Medan,Sumatera Utara,E-Wallet,Shipped,TRK1013310110,8,HEMAT10,Google,250000,25000,875000.0
ORD202412,2024-05-01,C67790,Switch,Networking,4,6229000.0,Jl. Mawar No. 56,Denpasar,Bali,Kartu Kredit,Cancelled,TRK2784079082,4,NONE,Google,250000,15000,24681000.0
ORD202413,2024-10-05,C62092,Desk,Furniture,2,2992000.0,Jl. Anggrek No. 119,Makassar,Sulawesi Selatan,Kartu Kredit,Shipped,TRK5545348667,6,BELANJA5,Tiktok,50000,15000,5949000.0
ORD202415,2023-12-18,C76501,Webcam,Aksesoris,2,1584000.0,Jl. Sudirman No. 42,Palembang,Sumatera Selatan,QRIS,Pending,TRK4031061848,8,HEMAT10,Instagram,0,15000,3183000.0
ORD202417,2024-07-12,C94576,Chair,Furniture,4,993000.0,Jl. Diponegoro No. 102,Surabaya,Jawa Timur,E-Wallet,Returned,TRK0331091056,7,MIDYEAR15,Google,50000,40000,3962000.0
ORD202418,2024-01-25,C22157,Desk,Furniture,2,1094000.0,Jl. Melati No. 109,Makassar,Sulawesi Selatan,Transfer Bank,Returned,TRK4324106020,2,BELANJA5,Tiktok,0,30000,2218000.0
ORD202419,2024-12-05,C79519,Tablet,Elektronik,2,7298000.0,Jl. Sudirman No. 63,Palembang,Sumatera Selatan,Transfer Bank,Returned,TRK2634511014,1,MIDYEAR15,Tiktok,250000,15000,14361000.0
ORD202420,2024-04-11,C64364,Flash Drive,Storage,1,150000.0,Jl. Mawar No. 79,Palembang,Sumatera Selatan,E-Wallet,Returned,TRK4327972227,2,BELANJA5,Website,50000,25000,125000.0
ORD202421,2023-01-20,C49059,Router,Networking,4,1408000.0,Jl. Anggrek No. 20,Yogyakarta,Di Yogyakarta,COD,Returned,TRK6725528512,6,NONE,Website,150000,40000,5522000.0
ORD202424,2024-03-21,C13258,Tablet,Elektronik,5,3216000.0,Jl. Diponegoro No. 200,Makassar,Sulawesi Selatan,Unknown,Cancelled,TRK2586826076,6,MIDYEAR15,Referral,100000,40000,16020000.0
ORD202425,2023-04-19,C29666,Monitor,Elektronik,5,1949000.0,Jl. Anggrek No. 121,Yogyakarta,Di Yogyakarta,Kartu Kredit,Pending,TRK0758806808,1,BELANJA5,Facebook,100000,25000,9670000.0
ORD202426,2023-03-16,C47473,Chair,Furniture,4,1506000.0,Jl. Mawar No. 37,Denpasar,Bali,E-Wallet,Pending,TRK9099342776,2,GRATISONGKIR,Google,0,25000,6049000.0
ORD202427,2024-06-03,C78656,Hdd,Storage,5,2696000.0,Jl. Diponegoro No. 89,Denpasar,Bali,Transfer Bank,Cancelled,TRK6282203441,2,NONE,Referral,100000,40000,13420000.0
ORD202428,2024-07-04,C79519,Headset,Aksesoris,2,313000.0,Jl. Melati No. 44,Yogyakarta,Di Yogyakarta,E-Wallet,Cancelled,TRK5490945954,3,NONE,Tiktok,150000,35000,511000.0
ORD202431,2023-08-30,C91169,Hdd,Storage,3,2514000.0,Jl. Anggrek No. 32,Palembang,Sumatera Selatan,Transfer Bank,Returned,TRK9796909740,7,GRATISONGKIR,Instagram,250000,25000,7317000.0
ORD202432,2023-01-01,C36190,Monitor,Elektronik,4,4898000.0,Jl. Anggrek No. 237,Bandung,Jawa Barat,COD,Pending,TRK5185139938,5,NONE,Website,0,20000,19612000.0
ORD202434,2024-10-18,C27818,Chair,Furniture,2,2420000.0,Jl. Sudirman No. 18,Bandung,Jawa Barat,QRIS,Paid,TRK6271198673,6,NONE,Tiktok,100000,35000,4775000.0
ORD202436,2024-04-27,C22322,Switch,Networking,3,4241000.0,Jl. Mawar No. 236,Medan,Sumatera Utara,Kartu Kredit,Delivered,TRK1409225394,8,MIDYEAR15,Website,0,20000,12743000.0
ORD202437,2023-05-27,C44179,Keyboard,Aksesoris,5,1079000.0,Jl. Melati No. 44,Unknown,Jawa Tengah,E-Wallet,Shipped,TRK3760200546,3,HEMAT10,Referral,250000,20000,5165000.0
ORD202439,2023-07-11,C52234,Keyboard,Aksesoris,5,279000.0,Jl. Anggrek No. 235,Surabaya,Jawa Timur,QRIS,Pending,TRK1860504865,7,NONE,Instagram,0,30000,1425000.0
ORD202440,2023-10-21,C92281,Keyboard,Aksesoris,5,746000.0,Jl. Anggrek No. 146,Yogyakarta,Di Yogyakarta,Kartu Kredit,Paid,TRK6638164708,3,NONE,Referral,150000,20000,3600000.0
ORD202441,2024-12-03,C15687,Printer,Elektronik,3,4950000.0,Jl. Kenanga No. 126,Makassar,Sulawesi Selatan,QRIS,Shipped,TRK1556423401,2,GRATISONGKIR,Tiktok,150000,30000,14730000.0
ORD202442,2024-12-01,C21939,Desk,Furniture,4,1593000.0,Jl. Mawar No. 75,Semarang,Jawa Tengah,Kartu Kredit,Cancelled,TRK6108457304,7,NONE,Facebook,0,30000,6402000.0
ORD202443,2023-03-07,C65974,Desk,Furniture,4,979000.0,Jl. Diponegoro No. 71,Yogyakarta,Di Yogyakarta,Transfer Bank,Shipped,TRK2976047962,1,GRATISONGKIR,Google,100000,15000,3831000.0
ORD202444,2023-03-28,C25168,Ssd,Storage,1,600000.0,Jl. Melati No. 200,Palembang,Sumatera Selatan,COD,Returned,TRK6637355052,3,NONE,Referral,150000,15000,465000.0
ORD202445,2024-10-21,C19785,Mouse,Aksesoris,3,135000.0,Jl. Kenanga No. 13,Medan,Sumatera Utara,Transfer Bank,Delivered,TRK6971527079,5,NONE,Instagram,50000,30000,385000.0
ORD202446,2023-11-25,C66177,Ssd,Storage,5,1154000.0,Jl. Diponegoro No. 170,Makassar,Sulawesi Selatan,QRIS,Shipped,TRK3115409558,7,MIDYEAR15,Facebook,250000,20000,5540000.0
ORD202447,2024-06-20,C89086,Desk,Furniture,3,2857000.0,Jl. Anggrek No. 83,Makassar,Sulawesi Selatan,QRIS,Delivered,TRK6621983059,5,MIDYEAR15,Instagram,50000,40000,8561000.0
ORD202448,2024-11-06,C47317,Hdd,Storage,2,3257000.0,Jl. Mawar No. 32,Denpasar,Bali,QRIS,Shipped,TRK4694406969,7,GRATISONGKIR,Website,250000,30000,6294000.0
ORD202449,2024-04-08,C42168,Chair,Furniture,5,1764000.0,Jl. Melati No. 29,Bandung,Jawa Barat,Transfer Bank,Pending,TRK6519102194,1,NONE,Facebook,250000,35000,8605000.0
ORD202450,2023-04-01,C98854,Flash Drive,Storage,2,249000.0,Jl. Kenanga No. 94,Palembang,Sumatera Selatan,Kartu Kredit,Delivered,TRK2576468809,1,NONE,Instagram,50000,35000,483000.0
ORD202451,2024-09-17,C20629,Keyboard,Aksesoris,5,250000.0,Jl. Melati No. 244,Balikpapan,Kalimantan Timur,Kartu Kredit,Pending,TRK1278667876,6,HEMAT10,Tiktok,100000,25000,1175000.0
ORD202452,2023-08-28,C84618,Monitor,Elektronik,5,4996000.0,Jl. Anggrek No. 192,Surabaya,Jawa Timur,E-Wallet,Shipped,TRK6426953783,3,HEMAT10,Website,50000,15000,24945000.0
ORD202453,2023-05-22,C12654,Flash Drive,Storage,1,393000.0,Jl. Kenanga No. 198,Surabaya,Jawa Timur,COD,Pending,TRK6820074153,8,MIDYEAR15,Facebook,50000,20000,363000.0
ORD202454,2023-10-11,C16926,Headset,Aksesoris,4,353000.0,Jl. Kenanga No. 228,Makassar,Sulawesi Selatan,E-Wallet,Pending,TRK8469795204,6,MIDYEAR15,Facebook,150000,30000,1292000.0
ORD202455,2023-08-05,C87329,Printer,Elektronik,3,1714000.0,Jl. Diponegoro No. 162,Unknown,Sulawesi Selatan,Transfer Bank,Paid,TRK8380112684,2,BELANJA5,Referral,150000,25000,5017000.0
ORD202456,2023-05-17,C78401,Chair,Furniture,1,2102000.0,Jl. Kenanga No. 179,Balikpapan,Kalimantan Timur,Transfer Bank,Delivered,TRK2840066224,3,HEMAT10,Referral,250000,30000,1882000.0
ORD202457,2024-07-21,C36978,Monitor,Elektronik,3,3175500.0,Jl. Anggrek No. 140,Jakarta,Dki Jakarta,QRIS,Shipped,TRK5329793764,1,NONE,Tiktok,150000,35000,9411500.0
ORD202458,2024-02-21,C49508,Monitor,Elektronik,4,2912000.0,Jl. Kenanga No. 76,Surabaya,Jawa Timur,QRIS,Cancelled,TRK0644065879,3,NONE,Facebook,0,25000,11673000.0
ORD202459,2023-06-29,C84768,Headset,Aksesoris,4,894000.0,Jl. Diponegoro No. 137,Balikpapan,Kalimantan Timur,QRIS,Delivered,TRK5916097348,2,NONE,Referral,100000,40000,3516000.0
ORD202460,2023-10-16,C15199,Laptop,Elektronik,3,8755000.0,Jl. Sudirman No. 99,Makassar,Sulawesi Selatan,COD,Delivered,TRK8876731207,2,NONE,Instagram,50000,30000,26245000.0
ORD202461,2023-07-28,C99514,Chair,Furniture,1,625000.0,Jl. Sudirman No. 86,Jakarta,Dki Jakarta,QRIS,Returned,TRK6431807585,8,NONE,Tiktok,250000,15000,390000.0
ORD202462,2023-11-17,C84781,Mouse,Aksesoris,5,105000.0,Jl. Kenanga No. 42,Jakarta,Dki Jakarta,Transfer Bank,Delivered,TRK5490436402,4,GRATISONGKIR,Website,50000,30000,505000.0
ORD202463,2023-12-23,C22191,Mouse,Aksesoris,5,156000.0,Jl. Melati No. 53,Palembang,Sumatera Selatan,QRIS,Pending,TRK5805894921,4,MIDYEAR15,Google,0,35000,815000.0
ORD202464,2024-02-27,C43951,Printer,Elektronik,5,5128000.0,Jl. Sudirman No. 148,Balikpapan,Kalimantan Timur,E-Wallet,Returned,TRK5202537865,2,NONE,Instagram,150000,15000,25505000.0
ORD202465,2023-11-04,C41587,Router,Networking,5,2177000.0,Jl. Mawar No. 227,Semarang,Jawa Tengah,QRIS,Delivered,TRK9049110346,2,GRATISONGKIR,Tiktok,50000,40000,10875000.0
ORD202466,2024-06-30,C95666,Tablet,Elektronik,3,4825000.0,Jl. Anggrek No. 150,Bandung,Jawa Barat,COD,Delivered,TRK3496221827,8,HEMAT10,Tiktok,100000,20000,14395000.0
ORD202467,2024-04-08,C70127,Desk,Furniture,1,1465000.0,Jl. Sudirman No. 46,Makassar,Sulawesi Selatan,QRIS,Paid,TRK3906014861,6,HEMAT10,Google,150000,30000,1345000.0
ORD202468,2024-05-04,C32835,Keyboard,Aksesoris,5,1196000.0,Jl. Mawar No. 34,Medan,Sumatera Utara,Transfer Bank,Cancelled,TRK8970250575,2,BELANJA5,Facebook,100000,35000,5915000.0
ORD202471,2024-12-08,C45806,Router,Networking,5,1030000.0,Jl. Kenanga No. 136,Denpasar,Bali,QRIS,Returned,TRK8612056705,6,NONE,Instagram,100000,20000,5070000.0
ORD202472,2024-09-06,C20692,Chair,Furniture,3,2838000.0,Jl. Anggrek No. 201,Jakarta,Dki Jakarta,E-Wallet,Pending,TRK3238857550,3,MIDYEAR15,Website,100000,40000,8454000.0
ORD202473,2023-12-05,C63471,Printer,Elektronik,3,5533000.0,Jl. Kenanga No. 20,Balikpapan,Kalimantan Timur,Unknown,Shipped,TRK3767571439,1,MIDYEAR15,Instagram,100000,20000,16519000.0
ORD202474,2023-08-01,C44254,Printer,Elektronik,1,2700000.0,Jl. Anggrek No. 36,Denpasar,Bali,Kartu Kredit,Shipped,TRK4809872780,7,NONE,Instagram,0,25000,2725000.0
ORD202475,2023-04-27,C12959,Headset,Aksesoris,4,1541000.0,Jl. Kenanga No. 232,Balikpapan,Kalimantan Timur,COD,Cancelled,TRK3682284280,2,NONE,Website,0,20000,6184000.0
ORD202478,2023-06-01,C30973,Mouse,Aksesoris,2,424000.0,Jl. Anggrek No. 99,Surabaya,Jawa Timur,Kartu Kredit,Cancelled,TRK7016987414,6,NONE,Facebook,250000,30000,628000.0
ORD202479,2024-05-20,C79648,Switch,Networking,3,1228000.0,Jl. Sudirman No. 156,Surabaya,Jawa Timur,Transfer Bank,Cancelled,TRK7536741325,7,GRATISONGKIR,Google,100000,25000,3609000.0
ORD202480,2024-05-18,C13300,Desk,Furniture,5,1718000.0,Jl. Anggrek No. 157,Surabaya,Jawa Timur,QRIS,Delivered,TRK1752647440,5,HEMAT10,Website,0,30000,8620000.0
ORD202481,2023-08-07,C76144,Hdd,Storage,5,1782000.0,Jl. Melati No. 16,Balikpapan,Kalimantan Timur,Transfer Bank,Cancelled,TRK5413219065,8,BELANJA5,Google,0,30000,8940000.0
ORD202482,2023-05-06,C17488,Ssd,Storage,3,1041000.0,Jl. Kenanga No. 49,Semarang,Jawa Tengah,Transfer Bank,Paid,TRK7246463050,7,BELANJA5,Referral,150000,40000,3013000.0
ORD202483,2023-05-23,C23089,Keyboard,Aksesoris,3,610000.0,Jl. Anggrek No. 76,Balikpapan,Kalimantan Timur,Kartu Kredit,Paid,TRK4136996432,2,BELANJA5,Google,0,15000,1845000.0
ORD202484,2023-09-08,C45366,Flash Drive,Storage,1,325000.0,Jl. Kenanga No. 132,Bandung,Jawa Barat,COD,Pending,TRK5734150997,6,NONE,Website,150000,25000,200000.0
ORD202485,2024-06-30,C86553,Monitor,Elektronik,4,2111000.0,Jl. Kenanga No. 172,Yogyakarta,Di Yogyakarta,COD,Delivered,TRK2163937139,3,BELANJA5,Tiktok,0,30000,8474000.0
ORD202486,2023-05-26,C37331,Chair,Furniture,5,2252000.0,Jl. Kenanga No. 45,Denpasar,Bali,COD,Delivered,TRK4700488815,6,BELANJA5,Google,0,20000,11280000.0
ORD202487,2024-04-30,C53641,Phone,Elektronik,2,5190000.0,Jl. Melati No. 22,Bandung,Jawa Barat,COD,Delivered,TRK0979159954,4,NONE,Google,250000,25000,10155000.0
ORD202488,2023-10-06,C35587,Chair,Furniture,4,1227000.0,Jl. Melati No. 17,Bandung,Jawa Barat,Transfer Bank,Delivered,TRK4774296996,1,GRATISONGKIR,Tiktok,100000,20000,4828000.0
ORD202489,2024-04-14,C60123,Webcam,Aksesoris,5,1197000.0,Jl. Mawar No. 5,Medan,Sumatera Utara,Kartu Kredit,Paid,TRK5196946212,4,NONE,Referral,150000,30000,5865000.0
ORD202490,2024-04-18,C77636,Monitor,Elektronik,1,4352000.0,Jl. Melati No. 118,Surabaya,Jawa Timur,Transfer Bank,Shipped,TRK1128834824,7,NONE,Google,0,15000,4367000.0
ORD202491,2023-09-12,C38099,Desk,Furniture,5,1068000.0,Jl. Kenanga No. 40,Semarang,Jawa Tengah,Kartu Kredit,Delivered,TRK3982660216,3,HEMAT10,Instagram,50000,35000,5325000.0
ORD202492,2023-05-11,C80936,Ssd,Storage,3,2367000.0,Jl. Sudirman No. 26,Jakarta,Dki Jakarta,COD,Returned,TRK8630087864,7,BELANJA5,Website,250000,40000,6891000.0
ORD202494,2023-03-04,C98944,Keyboard,Aksesoris,5,937000.0,Jl. Sudirman No. 133,Surabaya,Jawa Timur,Kartu Kredit,Shipped,TRK7740576050,7,GRATISONGKIR,Referral,250000,15000,4450000.0
ORD202495,2024-06-07,C42008,Desk,Furniture,1,1348000.0,Jl. Melati No. 199,Balikpapan,Kalimantan Timur,E-Wallet,Returned,TRK6823616779,7,BELANJA5,Facebook,150000,35000,1233000.0
ORD202496,2023-06-15,C64995,Keyboard,Aksesoris,5,747000.0,Jl. Diponegoro No. 246,Balikpapan,Kalimantan Timur,E-Wallet,Cancelled,TRK9360120368,1,HEMAT10,Website,100000,35000,3670000.0
ORD202497,2024-06-06,C13268,Ssd,Storage,4,1059000.0,Jl. Diponegoro No. 82,Semarang,Jawa Tengah,Kartu Kredit,Cancelled,TRK2386742351,1,MIDYEAR15,Instagram,150000,35000,4121000.0
ORD202498,2024-10-18,C10871,Chair,Furniture,3,2306000.0,Jl. Sudirman No. 129,Surabaya,Jawa Timur,QRIS,Pending,TRK7547152017,1,NONE,Facebook,250000,25000,6693000.0
ORD202499,2024-04-20,C40690,Phone,Elektronik,3,4674000.0,Jl. Kenanga No. 131,Jakarta,Dki Jakarta,E-Wallet,Cancelled,TRK0333688610,3,GRATISONGKIR,Website,100000,35000,13957000.0
ORD202500,2023-02-06,C62283,Ssd,Storage,2,2224000.0,Jl. Anggrek No. 142,Makassar,Sulawesi Selatan,E-Wallet,Cancelled,TRK8504515827,2,NONE,Website,250000,30000,4228000.0
